fixed acidity,volatile acidity,citric acid,residual sugar,chlorides,free sulfur dioxide,total sulfur dioxide,density,pH,sulphates,alcohol,quality,sulfur_ratio,alcohol_density_ratio,acidity_balance,best_supervised_prediction,best_supervised_residual
7.0,0.27,0.36,20.7,0.045,45.0,170.0,1.001,3.0,0.45,8.8,6,0.2647058807958478,8.791200008791202,11.111093474454801,6.0,0.0
6.3,0.3,0.34,1.6,0.049,14.0,132.0,0.994,3.3,0.49,9.5,6,0.10606060525711664,9.55733444936172,9.843734619164657,6.0,0.0
8.1,0.28,0.4,6.9,0.05,30.0,97.0,0.9951,3.26,0.44,10.1,6,0.30927834732702736,10.149723495403984,11.911747188607073,6.0,0.0
7.2,0.23,0.32,8.5,0.058,47.0,186.0,0.9956,3.19,0.4,9.9,6,0.2526881706844722,9.943742523360262,13.090885289299473,6.0,0.0
6.2,0.32,0.16,7.0,0.045,30.0,136.0,0.9949,3.18,0.47,9.6,6,0.22058823367214533,9.649201277313018,12.916639757000508,6.0,0.0
8.1,0.22,0.43,1.5,0.044,28.0,129.0,0.9938,3.22,0.45,11.0,6,0.2170542618833003,11.068614340295492,12.461519289970322,6.0,0.0
8.1,0.27,0.41,1.45,0.033,11.0,63.0,0.9908,2.99,0.56,12.0,5,0.17460317183169569,12.111412887148882,11.911747188607075,5.899715999294151,-0.899715999294151
8.6,0.23,0.4,4.2,0.035,17.0,109.0,0.9947,3.14,0.53,9.7,5,0.1559633013214376,9.751674121168069,13.650771982901613,5.0,0.0
7.9,0.18,0.37,1.2,0.04,16.0,75.0,0.992,3.18,0.63,10.8,5,0.21333333048888894,10.88708579930867,14.363610247981367,5.484380942102913,-0.4843809421029128
6.6,0.16,0.4,1.5,0.044,48.0,143.0,0.9912,3.54,0.52,12.4,7,0.33566433331703266,12.51007616013301,11.785693239833497,7.0,0.0
8.3,0.42,0.62,19.25,0.04,41.0,172.0,1.0002,2.98,0.67,9.7,5,0.23837209163737155,9.698050691810947,7.980761556960043,5.0,0.0
6.6,0.17,0.38,1.5,0.032,28.0,112.0,0.9914,3.25,0.55,11.4,7,0.24999999776785717,11.498878859311217,11.999978181857848,7.0,0.0
6.3,0.48,0.04,1.1,0.046,30.0,99.0,0.9928,3.24,0.36,9.6,6,0.3030302999693909,9.669611533429157,12.115361316612852,4.5379272275909806,1.4620727724090194
6.2,0.66,0.48,1.2,0.029,29.0,75.0,0.9892,3.33,0.39,12.8,8,0.3866666615111112,12.93973621134633,5.438591720533578,8.0,0.0
7.4,0.34,0.42,1.1,0.033,17.0,171.0,0.9917,3.12,0.53,11.3,6,0.0994152040969871,11.394563482339938,9.736829293645666,6.027540003803834,-0.027540003803833812
6.5,0.31,0.14,7.5,0.044,34.0,133.0,0.9955,3.22,0.5,9.5,5,0.25563909582226246,9.542933658529725,14.444412345750344,5.0,0.0
6.4,0.31,0.38,2.9,0.038,19.0,102.0,0.9912,3.17,0.35,11.0,7,0.1862745079777009,11.097648206569605,9.275348876305976,7.0,0.0
6.8,0.26,0.42,1.7,0.049,41.0,122.0,0.993,3.47,0.48,10.5,8,0.336065571015856,10.574007478340908,9.999985294139274,6.538369360018662,1.4616306399813377
7.6,0.67,0.14,1.5,0.074,25.0,168.0,0.9937,3.05,0.51,9.3,5,0.14880952292375285,9.358952038892987,9.382704465796955,5.0,0.0
6.6,0.27,0.41,1.3,0.052,16.0,142.0,0.9951,3.42,0.47,10.0,6,0.11267605554453482,10.0492311835683,9.705868079605764,6.0,0.0
7.0,0.25,0.32,9.0,0.046,56.0,245.0,0.9955,3.25,0.5,10.4,6,0.22857142763848398,10.447001057758857,12.280680209332964,6.0,0.0
6.9,0.24,0.35,1.0,0.052,35.0,146.0,0.993,3.45,0.44,10.0,6,0.2397260257553012,10.070483312705626,11.694895432380624,6.0,0.0
7.0,0.28,0.39,8.7,0.051,32.0,141.0,0.9961,3.38,0.53,10.5,6,0.2269503530003521,10.541099747917128,10.4477456003797,6.0,0.0
7.4,0.27,0.48,1.1,0.047,17.0,132.0,0.9914,3.19,0.49,11.6,6,0.12878787781221304,11.700613576141238,9.866653511128652,6.0,0.0
7.2,0.32,0.36,2.0,0.033,37.0,114.0,0.9906,3.1,0.71,12.3,7,0.3245614006617421,12.41670460659741,10.58821972320629,7.0,0.0
8.5,0.24,0.39,10.4,0.044,20.0,142.0,0.9974,3.2,0.53,10.0,6,0.14084506943066852,10.02605772402474,13.492042076123688,6.0,0.0
8.3,0.14,0.34,1.1,0.042,7.0,47.0,0.9934,3.47,0.4,10.2,6,0.14893616704391135,10.267756927967659,17.291630642436164,5.31085894903926,0.6891410509607399
7.4,0.25,0.36,2.05,0.05,31.0,100.0,0.992,3.19,0.44,10.8,6,0.3099999969,10.88708579930867,12.131127653889092,6.0,0.0
6.2,0.12,0.34,1.5,0.045,43.0,117.0,0.9939,3.42,0.51,9.0,6,0.3675213643801593,9.055227834562999,13.478231569061807,6.0,0.0
5.8,0.27,0.2,14.95,0.044,22.0,179.0,0.9962,3.37,0.37,10.2,5,0.12290502724634063,10.238897571875555,12.340399275746222,5.384225708424026,-0.3842257084240259
7.3,0.28,0.43,1.7,0.08,21.0,123.0,0.9905,3.19,0.42,12.8,5,0.17073170592901052,12.922753232959886,10.281675659611746,6.4364460085209,-1.4364460085208997
6.5,0.39,0.23,5.4,0.051,25.0,149.0,0.9934,3.24,0.35,10.0,5,0.16778523377325347,10.066428360752607,10.483854058299906,5.0,0.0
7.0,0.33,0.32,1.2,0.053,38.0,138.0,0.9906,3.13,0.28,11.2,6,0.2753623168452006,11.306267609259429,10.76921420120892,6.630540056684919,-0.6305400566849189
7.3,0.24,0.39,17.95,0.057,45.0,149.0,0.9999,3.21,0.36,8.6,5,0.3020134207918562,8.600851484296944,11.58728319478858,5.486736430811276,-0.48673643081127604
6.7,0.23,0.39,2.5,0.172,63.0,158.0,0.9937,3.11,0.36,9.4,6,0.39873417469155586,9.459585931784309,10.806434183170673,6.0,0.0
6.7,0.24,0.39,2.9,0.173,63.0,157.0,0.9937,3.1,0.34,9.4,6,0.4012738827944339,9.459585931784309,10.634903754121025,6.0,0.0
7.0,0.31,0.26,7.4,0.069,28.0,160.0,0.9954,3.13,0.46,9.8,6,0.17499999890625,9.84527843552498,12.280680209332964,6.0,0.0
6.6,0.24,0.27,1.4,0.057,33.0,152.0,0.9934,3.22,0.56,9.5,6,0.21710526172957065,9.563106942714976,12.941151095782164,6.0,0.0
6.7,0.23,0.26,1.4,0.06,33.0,154.0,0.9934,3.24,0.56,9.5,6,0.2142857128942486,9.563106942714976,13.673441482772486,6.0,0.0
7.4,0.18,0.31,1.4,0.058,38.0,167.0,0.9931,3.16,0.53,10.0,7,0.22754490881709635,10.069469268483266,15.10200999589797,7.0,0.0
6.2,0.45,0.26,4.4,0.063,63.0,206.0,0.994,3.27,0.52,9.8,4,0.30582524123385807,9.859145010920512,8.732382067067512,4.0,0.0
6.2,0.46,0.25,4.4,0.066,62.0,207.0,0.9939,3.25,0.52,9.8,5,0.2995169067656188,9.860136975413045,8.732382067067512,5.0,0.0
6.9,0.19,0.35,5.0,0.067,32.0,150.0,0.995,3.36,0.48,9.8,5,0.21333333191111112,9.849236332425797,12.777754115270156,5.0,0.0
7.2,0.19,0.31,1.6,0.062,31.0,173.0,0.9917,3.35,0.44,11.7,6,0.17919075040930202,11.797910862245777,14.3999712000576,6.0,0.0
6.6,0.25,0.29,1.1,0.068,39.0,124.0,0.9914,3.34,0.58,11.0,7,0.3145161264958377,11.095409425651175,12.222199588519278,6.998323641215538,0.0016763587844623729
6.2,0.16,0.33,1.1,0.057,21.0,82.0,0.991,3.32,0.46,10.9,7,0.2560975578524688,10.998979819394734,12.65303540196857,5.815216003647765,1.1847839963522349
6.4,0.18,0.35,1.0,0.045,39.0,108.0,0.9911,3.31,0.35,10.9,6,0.3611111077674897,10.997870045535219,12.075448914247332,6.0,0.0
6.8,0.2,0.59,0.9,0.147,38.0,132.0,0.993,3.05,0.38,9.1,6,0.287878785697888,9.16413981456212,8.607584041032858,6.0,0.0
6.9,0.25,0.35,1.3,0.039,29.0,191.0,0.9908,3.13,0.52,11.0,6,0.15183245993804995,11.102128479886476,11.499980833365278,6.0,0.0
7.2,0.21,0.34,11.9,0.043,37.0,213.0,0.9962,3.09,0.5,9.6,6,0.1737089193722586,9.636609479412288,13.090885289299473,6.0,0.0
6.0,0.19,0.26,12.4,0.048,50.0,147.0,0.9972,3.3,0.36,8.9,6,0.34013605210791803,8.924981021880242,13.333303703769548,6.0,0.0
6.6,0.38,0.15,4.6,0.044,25.0,78.0,0.9931,3.11,0.38,10.2,6,0.32051281640368184,10.270858653852931,12.452806692817559,4.906469455504952,1.0935305444950476
7.4,0.2,0.36,1.2,0.038,44.0,111.0,0.9926,3.36,0.34,9.9,6,0.39639639282525774,9.973796117473183,13.214262117389074,6.072808559081746,-0.07280855908174644
6.8,0.22,0.24,4.9,0.092,30.0,123.0,0.9951,3.03,0.46,8.6,6,0.2439024370414436,8.642338817868739,14.782576559616176,6.0,0.0
7.0,0.47,0.07,1.1,0.035,17.0,151.0,0.991,3.02,0.34,10.5,5,0.11258278071137232,10.595347532444467,12.962938957520448,5.0,0.0
7.2,0.24,0.27,1.4,0.038,31.0,122.0,0.9927,3.15,0.46,10.3,6,0.25409835857296426,10.375732471308078,14.117619377216906,6.0,0.0
6.2,0.35,0.03,1.2,0.064,29.0,120.0,0.9934,3.22,0.54,9.1,5,0.2416666646527778,9.160449808284872,16.315746537509114,5.0,0.0
6.4,0.26,0.24,6.4,0.04,27.0,124.0,0.9903,3.22,0.49,12.6,7,0.21774193372788764,12.723404298289106,12.7999744000512,7.0,0.0
6.7,0.25,0.13,1.2,0.041,81.0,174.0,0.992,3.14,0.42,9.8,5,0.4655172387039239,9.879022299372682,17.631532548598557,5.175309047896954,-0.17530904789695434
6.7,0.23,0.31,2.1,0.046,30.0,96.0,0.9926,3.33,0.64,10.7,8,0.31249999674479173,10.779759440097278,12.407384430769572,8.0,0.0
7.4,0.24,0.29,10.1,0.05,21.0,105.0,0.9962,3.13,0.35,9.5,5,0.1999999980952381,9.536228130668409,13.962237807098477,5.0,0.0
6.2,0.27,0.43,7.8,0.056,48.0,244.0,0.9956,3.1,0.51,9.0,6,0.19672131066917495,9.03976593032751,8.85713020409971,5.2554521020903975,0.7445478979096025
6.8,0.3,0.23,4.6,0.061,50.5,238.5,0.9958,3.32,0.6,9.5,5,0.21174004104092226,9.54005870650863,12.830164471387787,5.0,0.0
6.0,0.27,0.28,4.8,0.063,31.0,201.0,0.9964,3.69,0.71,10.0,5,0.1542288549540853,10.03611999586512,10.909071074416227,5.191630151518006,-0.1916301515180061
8.6,0.23,0.46,1.0,0.054,9.0,72.0,0.9941,2.95,0.49,9.1,6,0.12499999826388891,9.15399944271256,12.463750052536154,6.0,0.0
7.1,0.18,0.36,1.4,0.043,31.0,87.0,0.9898,3.26,0.37,12.7,7,0.3563218349848065,12.830861961141682,13.148123799770739,7.0,0.0
7.0,0.32,0.34,1.3,0.042,20.0,69.0,0.9912,3.31,0.65,12.0,7,0.28985506826297003,12.106525316257752,10.606044536296157,7.0,0.0
7.4,0.18,0.3,8.8,0.064,26.0,103.0,0.9961,2.94,0.56,9.3,5,0.2524271820152701,9.336402633869458,15.416634548678026,5.0,0.0
6.7,0.54,0.28,5.4,0.06,21.0,105.0,0.9949,3.27,0.37,9.0,5,0.1999999980952381,9.046126197480955,8.170721743022265,5.0,0.0
6.8,0.22,0.31,1.4,0.053,34.0,114.0,0.9929,3.39,0.77,10.6,6,0.29824561141889816,10.675787414858076,12.830164471387787,6.848815696399065,-0.8488156963990647
7.1,0.2,0.34,16.0,0.05,51.0,166.0,0.9985,3.21,0.6,9.2,6,0.307228913811874,9.21381150344366,13.148123799770739,5.408042886965361,0.5919571130346393
7.1,0.34,0.2,6.1,0.063,47.0,164.0,0.9946,3.17,0.42,10.0,5,0.2865853641061868,10.054283074318244,13.148123799770739,5.0,0.0
7.3,0.22,0.3,8.2,0.047,42.0,207.0,0.9966,3.33,0.46,9.5,6,0.20289854974445146,9.532400629740486,14.038434541472034,6.0,0.0
7.1,0.43,0.61,11.8,0.045,54.0,155.0,0.9974,3.11,0.45,8.7,5,0.3483870945265349,8.722670219901524,6.826916512580277,5.559502528951089,-0.5595025289510893
7.1,0.44,0.62,11.8,0.044,52.0,152.0,0.9975,3.12,0.46,8.7,6,0.3421052609072022,8.72179576762329,6.6981068885784065,6.0,0.0
7.2,0.39,0.63,11.0,0.044,55.0,156.0,0.9974,3.09,0.44,8.7,6,0.3525641003040763,8.722670219901524,7.058816609003325,6.0,0.0
6.8,0.25,0.31,13.3,0.05,69.0,202.0,0.9972,3.22,0.48,9.7,6,0.3415841567248309,9.727226506993073,12.142835459222391,5.598536323541072,0.40146367645892767
6.1,0.27,0.43,7.5,0.049,65.0,243.0,0.9957,3.12,0.47,9.0,5,0.2674897108333757,9.038858050760219,8.714273265323907,5.0,0.0
6.9,0.24,0.33,1.7,0.035,47.0,136.0,0.99,3.26,0.4,12.6,7,0.3455882327530277,12.727259871454674,12.105241920628208,7.0,0.0
6.9,0.21,0.33,1.8,0.034,48.0,136.0,0.9899,3.25,0.41,12.6,7,0.35294117387543256,12.72854558183091,12.777754115270156,7.0,0.0
7.5,0.17,0.32,1.7,0.04,51.0,148.0,0.9916,3.21,0.44,11.5,7,0.3445945922662528,11.597406618186145,15.306091212058751,6.737600204642236,0.2623997953577639
7.1,0.26,0.29,12.4,0.044,62.0,240.0,0.9969,3.04,0.42,9.2,6,0.25833333225694444,9.22859942963243,12.909067438059202,6.0,0.0
6.0,0.34,0.66,15.9,0.046,26.0,164.0,0.9979,3.14,0.5,8.8,6,0.15853658439916718,8.81851005260041,5.999994000006001,6.0,0.0
8.6,0.265,0.36,1.2,0.034,15.0,80.0,0.9913,2.95,0.36,11.4,7,0.18749999765625003,11.500038837850461,13.759977984035224,7.0,0.0
9.8,0.36,0.46,10.5,0.038,4.0,83.0,0.9956,2.89,0.3,10.1,4,0.04819277050370156,10.144626210700872,11.951204937554953,4.0,0.0
7.4,0.25,0.37,13.5,0.06,52.0,192.0,0.9975,3.0,0.44,9.1,5,0.27083333192274306,9.122797871881831,11.935464620218355,5.0,0.0
7.1,0.12,0.32,9.6,0.054,64.0,162.0,0.9962,3.4,0.41,9.4,5,0.3950617259564091,9.435846781924532,16.136326962893268,5.0,0.0
6.0,0.21,0.24,12.1,0.05,55.0,164.0,0.997,3.34,0.39,9.4,5,0.33536585161362287,9.428275397918357,13.33330370376955,5.0,0.0
7.5,0.305,0.4,18.9,0.059,44.0,170.0,1.0,2.99,0.46,9.0,5,0.2588235278892734,8.999991000009,10.638282782577612,5.705022747199694,-0.7050227471996937
7.3,0.13,0.32,14.4,0.051,34.0,109.0,0.9974,3.2,0.35,9.2,6,0.3119266026428752,9.223973106102761,16.222186172919617,6.0,0.0
7.1,0.23,0.35,16.5,0.04,60.0,171.0,0.999,3.16,0.59,9.1,6,0.35087719093054276,9.109099990890899,12.24135820455482,6.0,0.0
6.9,0.33,0.28,1.3,0.051,37.0,187.0,0.9927,3.27,0.6,10.3,5,0.19786096150876492,10.375732471308078,11.311456866464152,5.0,0.0
6.5,0.17,0.54,8.5,0.082,64.0,163.0,0.9959,2.89,0.39,8.8,6,0.39263803440099365,8.836219664404394,9.154916683215937,6.0,0.0
7.2,0.27,0.46,18.75,0.052,45.0,255.0,1.0,3.04,0.52,8.9,5,0.1764705875432526,8.8999911000089,9.863000187670975,5.278037821324072,-0.2780378213240722
7.2,0.31,0.5,13.3,0.056,68.0,195.0,0.9982,3.01,0.47,9.2,5,0.3487179469296516,9.216580628550762,8.888877914965537,5.0,0.0
6.7,0.41,0.34,9.2,0.049,29.0,150.0,0.9968,3.22,0.51,9.1,5,0.19333333204444444,9.129204324634506,8.933321422238103,5.0,0.0
5.5,0.485,0.0,1.5,0.065,8.0,103.0,0.994,3.63,0.4,9.7,4,0.07766990215854463,9.758541490400914,11.340182803746798,4.0,0.0
6.0,0.31,0.24,3.3,0.041,25.0,143.0,0.9914,3.31,0.44,11.3,6,0.17482517360262118,11.398011500896207,10.909071074416227,6.0,0.0
7.0,0.14,0.4,1.7,0.035,16.0,85.0,0.9911,3.19,0.42,11.8,6,0.18823529190311422,11.905951058469318,12.962938957520448,6.0,0.0
7.3,0.32,0.48,13.3,0.06,57.0,196.0,0.9982,3.04,0.5,9.2,5,0.2908163250468555,9.216580628550762,9.124988593764257,5.0,0.0
5.9,0.36,0.04,5.7,0.046,21.0,87.0,0.9934,3.22,0.51,10.2,5,0.24137930757035278,10.267756927967659,14.74996312509219,5.0,0.0
7.8,0.24,0.32,12.2,0.054,42.0,138.0,0.9984,3.01,0.54,8.8,5,0.3043478238815375,8.814093735883679,13.92854655616686,5.0,0.0
7.4,0.16,0.31,6.85,0.059,31.0,131.0,0.9952,3.29,0.34,9.7,5,0.2366412195676243,9.746774772131458,15.744647351814148,5.891590307130803,-0.8915903071308033
6.9,0.19,0.28,5.0,0.058,14.0,146.0,0.9952,3.29,0.36,9.1,6,0.09589041030212048,9.143881487257348,14.68081982804292,6.0,0.0
6.4,0.13,0.47,1.6,0.092,40.0,158.0,0.9928,3.21,0.36,9.8,6,0.253164555359718,9.87106177370893,10.66664888891852,6.0,0.0
6.7,0.19,0.36,1.1,0.026,63.0,143.0,0.9912,3.27,0.48,11.0,6,0.4405594374786053,11.097648206569605,12.18179603309812,6.0,0.0
7.4,0.39,0.23,7.0,0.033,29.0,126.0,0.994,3.14,0.42,10.5,5,0.2301587283320736,10.563369654557691,11.935464620218355,5.0,0.0
6.5,0.24,0.32,7.6,0.038,48.0,203.0,0.9958,3.45,0.54,9.7,7,0.23645320080564927,9.740902047698285,11.607122130139052,7.0,0.0
6.1,0.3,0.56,2.8,0.044,47.0,179.0,0.9924,3.3,0.57,10.9,7,0.26256983093536407,10.98346333790474,7.093015008122082,7.0,0.0
6.1,0.3,0.56,2.7,0.046,46.0,184.0,0.9924,3.31,0.57,10.9,6,0.24999999864130437,10.98346333790474,7.093015008122082,6.487365116207555,-0.4873651162075552
5.7,0.26,0.25,10.4,0.02,7.0,57.0,0.994,3.39,0.37,10.6,5,0.12280701538935061,10.663973175077288,11.176448673630052,5.0,0.0
6.5,0.425,0.4,13.1,0.038,59.0,241.0,0.9979,3.23,0.57,9.0,5,0.24481327699247604,9.018930735614054,7.878778328753541,5.0,0.0
6.6,0.24,0.27,15.8,0.035,46.0,188.0,0.9982,3.24,0.51,9.2,5,0.24468084976233592,9.216580628550762,12.941151095782164,5.0,0.0
6.8,0.27,0.22,8.1,0.034,55.0,203.0,0.9961,3.19,0.52,8.9,5,0.2709359592564731,8.9348369291869,13.877522698933268,5.0,0.0
6.7,0.27,0.31,15.7,0.036,44.0,179.0,0.9979,3.26,0.56,9.6,5,0.24581005449268126,9.62019278465499,11.551704221199618,5.0,0.0
8.2,0.23,0.4,1.2,0.027,36.0,121.0,0.992,3.12,0.38,10.7,6,0.2975206586981764,10.78627944931507,13.01585235578991,6.0,0.0
7.1,0.37,0.67,10.5,0.045,49.0,155.0,0.9975,3.16,0.44,8.7,5,0.3161290302185224,8.72179576762329,6.826916512580277,5.0,0.0
6.8,0.19,0.36,1.9,0.035,30.0,96.0,0.9917,3.15,0.54,10.8,7,0.31249999674479173,10.89037925745764,12.36361388433839,7.0,0.0
8.1,0.28,0.39,1.9,0.029,18.0,79.0,0.9923,3.23,0.52,11.8,6,0.22784809838166964,11.891553067063322,12.089534194725081,6.0,0.0
6.3,0.31,0.34,2.2,0.045,20.0,77.0,0.9927,3.3,0.43,10.2,5,0.25974025636700965,10.274997204596348,9.692292781088028,5.0,0.0
7.9,0.21,0.4,1.2,0.039,38.0,107.0,0.992,3.21,0.54,10.8,6,0.3551401835968207,10.88708579930867,12.950798441314031,6.524090181918068,-0.5240901819180683
8.5,0.21,0.41,4.3,0.036,24.0,99.0,0.9947,3.18,0.53,9.7,6,0.24242423997551274,9.751674121168069,13.70965530700757,6.0,0.0
8.1,0.2,0.4,2.0,0.037,19.0,87.0,0.9921,3.12,0.54,11.2,6,0.21839080208746206,11.28917317894045,13.499977500037497,6.0,0.0
6.3,0.255,0.37,1.1,0.04,37.0,114.0,0.9905,3.0,0.39,10.9,6,0.3245614006617421,11.004532049942402,10.079983872025805,6.0,0.0
5.6,0.16,0.27,1.4,0.044,53.0,168.0,0.9918,3.28,0.37,10.1,6,0.315476188598356,10.183494471169114,13.023225527382493,5.5728966699013744,0.42710333009862556
6.4,0.595,0.14,5.2,0.058,15.0,97.0,0.9951,3.38,0.36,9.0,4,0.15463917366351368,9.044308065211471,8.70747114629776,4.0,0.0
6.3,0.34,0.33,4.6,0.034,19.0,80.0,0.9917,3.38,0.58,12.0,7,0.23749999703125005,12.100421397175156,9.402971040341729,7.0,0.0
6.9,0.25,0.3,4.1,0.054,23.0,116.0,0.994,2.99,0.38,9.4,6,0.19827586035969086,9.456730928842124,12.545431735578662,6.0,0.0
7.9,0.22,0.38,8.0,0.043,46.0,152.0,0.9934,3.12,0.32,11.5,7,0.3026315769563712,11.576392614865497,13.166644722258797,7.0,0.0
7.6,0.18,0.46,10.2,0.055,58.0,135.0,0.9968,3.14,0.43,9.9,6,0.42962962644718794,9.931771737789187,11.87498144534149,6.0,0.0
7.2,0.18,0.41,1.2,0.048,41.0,97.0,0.9919,3.14,0.45,10.4,5,0.42268040801360407,10.484917345581868,12.203369146831955,5.0,0.0
8.2,0.23,0.4,7.5,0.049,12.0,76.0,0.9966,3.06,0.84,9.7,6,0.15789473476454297,9.733082748261339,13.01585235578991,6.0,0.0
7.4,0.24,0.42,14.0,0.066,48.0,198.0,0.9979,2.89,0.42,8.9,6,0.24242424119987757,8.91872039410723,11.212104224084511,6.0,0.0
6.1,0.32,0.24,1.5,0.036,38.0,124.0,0.9898,3.29,0.42,12.4,7,0.3064516104318419,12.52777073371314,10.892837691361263,7.0,0.0
5.2,0.44,0.04,1.4,0.036,43.0,119.0,0.9894,3.36,0.33,12.1,8,0.3613445347786174,12.229621761045319,10.83331076393591,6.2700299842673894,1.7299700157326106
6.4,0.22,0.56,14.5,0.055,27.0,159.0,0.998,2.98,0.4,9.1,5,0.16981131968672125,9.118227336445553,8.205117685746556,5.0,0.0
6.3,0.36,0.3,4.8,0.049,14.0,85.0,0.9932,3.28,0.39,10.6,5,0.16470588041522494,10.672562754165572,9.545440082666541,5.0,0.0
6.7,0.24,0.35,13.1,0.05,64.0,205.0,0.997,3.15,0.5,9.5,5,0.3121951204283165,9.52857620002387,11.355912956079736,5.0,0.0
7.0,0.23,0.36,13.0,0.051,72.0,177.0,0.9972,3.16,0.49,9.8,5,0.406779658718759,9.827507192632178,11.864386670531067,5.0,0.0
8.4,0.27,0.46,8.7,0.048,39.0,197.0,0.9974,3.14,0.59,9.6,6,0.1979695421422866,9.62501541506375,11.506833552282805,5.820331458316247,0.17966854168375335
6.7,0.46,0.18,2.4,0.034,25.0,98.0,0.9896,3.08,0.44,12.6,7,0.2551020382132445,12.732404272024784,10.468733642603683,7.0,0.0
7.5,0.29,0.31,8.95,0.055,20.0,151.0,0.9968,3.08,0.54,9.3,5,0.1324503302486733,9.329846177923176,12.499979166701388,5.0,0.0
9.8,0.42,0.48,9.85,0.034,5.0,110.0,0.9958,2.87,0.29,10.0,5,0.04545454504132232,10.042167059482768,10.888876790136901,5.0,0.0
7.1,0.3,0.46,1.5,0.066,29.0,133.0,0.9906,3.12,0.54,12.7,6,0.21804511114251796,12.820499878356673,9.3420929709303,6.0,0.0
7.9,0.19,0.45,1.5,0.045,17.0,96.0,0.9917,3.13,0.39,11.0,6,0.1770833314887153,11.09205294741056,12.343730712920761,5.723453412524017,0.27654658747598315
7.6,0.48,0.37,0.8,0.037,4.0,100.0,0.9902,3.03,0.39,11.4,4,0.0399999996,11.512814065023163,8.941165951569468,4.0,0.0
6.3,0.22,0.43,4.55,0.038,31.0,130.0,0.9918,3.35,0.33,11.5,7,0.23846153662721895,11.59506796222226,9.692292781088028,7.0,0.0
7.5,0.27,0.31,17.7,0.051,33.0,173.0,0.999,3.09,0.64,10.2,5,0.19075144398409571,10.2101999897898,12.931012187910019,5.0,0.0
6.9,0.23,0.4,7.5,0.04,50.0,151.0,0.9927,3.11,0.27,11.4,6,0.3311258256216833,11.483820405137095,10.952363567676876,6.0,0.0
7.2,0.32,0.47,5.1,0.044,19.0,65.0,0.991,3.03,0.41,12.6,4,0.292307687810651,12.71441703893336,9.113912514034793,6.6068605270346,-2.6068605270346
5.9,0.23,0.3,12.9,0.054,57.0,170.0,0.9972,3.28,0.39,9.4,5,0.3352941156747405,9.426384450075762,11.132054467821758,5.0,0.0
6.0,0.67,0.07,1.2,0.06,9.0,108.0,0.9931,3.11,0.35,8.7,4,0.08333333256172841,8.76043826358044,8.108097151220067,4.0,0.0
6.4,0.25,0.32,5.5,0.049,41.0,176.0,0.995,3.19,0.68,9.2,6,0.2329545441309401,9.246221863093604,11.228050477104425,5.710939691187697,0.28906030881230294
6.4,0.33,0.31,5.5,0.048,42.0,173.0,0.9951,3.19,0.66,9.3,6,0.24277456507066725,9.345785000718521,9.999984375024415,6.0,0.0
7.1,0.34,0.15,1.2,0.053,61.0,183.0,0.9936,3.09,0.43,9.2,5,0.33333333151183975,9.259249940368417,14.489766347415618,5.0,0.0
6.8,0.28,0.4,22.0,0.048,48.0,167.0,1.001,2.93,0.5,8.7,5,0.28742514797949015,8.6913000086913,9.999985294139272,5.0,0.0
6.9,0.27,0.4,14.0,0.05,64.0,227.0,0.9979,3.18,0.58,9.6,6,0.28193832474917035,9.62019278465499,10.298492091802848,5.706237087756973,0.293762912243027
6.8,0.26,0.56,11.9,0.043,64.0,226.0,0.997,3.02,0.63,9.3,5,0.2831858394549299,9.327974595812844,8.29267281381364,5.114822380551641,-0.11482238055164107
6.8,0.29,0.56,11.9,0.043,66.0,230.0,0.9972,3.02,0.63,9.3,5,0.2869565204914934,9.32610376443666,7.999990588246366,5.0,0.0
6.7,0.24,0.41,9.4,0.04,49.0,166.0,0.9954,3.12,0.61,9.9,6,0.2951807211133691,9.945740460377275,10.30767644972854,6.0,0.0
5.9,0.3,0.23,4.2,0.038,42.0,119.0,0.9924,3.15,0.5,11.0,5,0.352941173504696,11.084229056601112,11.132054467821758,5.0,0.0
6.8,0.53,0.35,3.8,0.034,26.0,109.0,0.9906,3.26,0.57,12.7,8,0.23853210790337517,12.820499878356673,7.72726394629097,8.0,0.0
6.5,0.28,0.28,8.5,0.047,54.0,210.0,0.9962,3.09,0.54,8.9,4,0.25714285591836733,8.933940038205142,11.607122130139052,4.0,0.0
6.6,0.28,0.28,8.5,0.052,55.0,211.0,0.9962,3.09,0.55,8.9,6,0.2606635058736327,8.933940038205142,11.785693239833497,6.0,0.0
6.8,0.28,0.36,8.0,0.045,28.0,123.0,0.9928,3.02,0.37,11.4,6,0.22764227457201403,11.482663695947123,10.624983398463439,6.0,0.0
6.6,0.15,0.34,5.1,0.055,34.0,125.0,0.9942,3.36,0.42,9.6,5,0.27199999782400003,9.655995115675804,13.469360266611702,5.0,0.0
6.4,0.29,0.44,3.6,0.2,75.0,181.0,0.9942,3.02,0.41,9.1,5,0.4143646385946705,9.153078703401022,8.767111277929757,5.525883082933109,-0.5258830829331087
6.4,0.3,0.45,3.5,0.197,76.0,180.0,0.9942,3.02,0.39,9.1,6,0.42222221987654324,9.153078703401022,8.533321955570726,6.0,0.0
6.4,0.29,0.44,3.6,0.197,75.0,183.0,0.9942,3.01,0.38,9.1,5,0.4098360633342292,9.153078703401022,8.767111277929757,5.0,0.0
6.8,0.26,0.24,7.8,0.052,54.0,214.0,0.9961,3.13,0.47,8.9,5,0.2523364474189886,8.9348369291869,13.599972800054399,5.0,0.0
7.1,0.32,0.24,13.1,0.05,52.0,204.0,0.998,3.1,0.49,8.8,5,0.25490195953479433,8.817626435244053,12.678548788305733,5.161685977622196,-0.16168597762219594
6.8,0.27,0.26,16.1,0.049,55.0,196.0,0.9984,3.15,0.5,9.3,5,0.28061224346626407,9.314894516331615,12.830164471387787,5.0,0.0
6.9,0.54,0.32,13.2,0.05,53.0,236.0,0.9973,3.2,0.5,9.6,5,0.2245762702348463,9.625980521427332,8.02324648459711,5.0,0.0
6.8,0.26,0.34,13.9,0.034,39.0,134.0,0.9949,3.33,0.53,12.0,6,0.29104477394742706,12.061501596641273,11.333314444475924,6.911203305362015,-0.9112033053620152
5.8,0.28,0.35,2.3,0.053,36.0,114.0,0.9924,3.28,0.5,10.2,4,0.31578947091412746,10.278103307030122,9.206334593119692,5.9962138660049575,-1.9962138660049575
6.4,0.21,0.5,11.6,0.042,45.0,153.0,0.9972,3.15,0.43,8.8,5,0.294117645136486,8.82470033624114,9.014071811166463,5.0,0.0
7.0,0.16,0.32,8.3,0.045,38.0,126.0,0.9958,3.21,0.34,9.2,5,0.3015872991937516,9.238793694724146,14.583302951452186,5.0,0.0
10.2,0.44,0.88,6.2,0.049,20.0,124.0,0.9968,2.99,0.51,9.9,4,0.16129032127991677,9.931771737789187,7.727266873282671,4.0,0.0
6.8,0.57,0.29,2.2,0.04,15.0,77.0,0.9938,3.32,0.74,10.2,5,0.19480519227525725,10.263624206455818,7.906967550037733,5.009552045272575,-0.00955204527257525
6.1,0.4,0.31,0.9,0.048,23.0,170.0,0.993,3.22,0.77,9.5,6,0.13529411685121107,9.566959147070346,8.591537195018034,5.620103339040567,0.3798966609594334
5.6,0.245,0.25,9.7,0.032,12.0,68.0,0.994,3.31,0.34,10.5,5,0.17647058564013846,10.563369654557691,11.31310845836675,5.0,0.0
6.8,0.18,0.38,1.4,0.038,35.0,111.0,0.9918,3.32,0.59,11.2,7,0.31531531247463684,11.292587928425156,12.142835459222391,7.0,0.0
6.7,0.13,0.29,5.3,0.051,31.0,122.0,0.9944,3.44,0.37,9.7,6,0.25409835857296426,9.75461609551881,15.952342970611976,6.0,0.0
6.2,0.25,0.25,1.4,0.03,35.0,105.0,0.9912,3.3,0.44,11.1,7,0.3333333301587302,11.19853591753842,12.3999752000496,6.159540255070872,0.8404597449291282
5.8,0.26,0.24,9.2,0.044,55.0,152.0,0.9961,3.31,0.38,9.4,5,0.36184210288261776,9.436794060040096,11.599976800046399,5.455593103539264,-0.45559310353926374
7.5,0.27,0.36,7.0,0.036,45.0,164.0,0.9939,3.03,0.33,11.0,5,0.2743902422293278,11.06750068668811,11.90474300834443,5.0,0.0
5.7,0.28,0.24,17.5,0.044,60.0,167.0,0.9989,3.31,0.44,9.4,5,0.35928143497436266,9.410341965820436,10.961517381697343,5.0,0.0
7.5,0.23,0.36,7.0,0.036,43.0,161.0,0.9938,3.04,0.32,11.0,5,0.2670807436827283,11.068614340295492,12.711842861283285,5.0,0.0
7.2,0.685,0.21,9.5,0.07,33.0,172.0,0.9971,3.0,0.55,9.1,6,0.19186046400081125,9.126457600584093,8.044683748956706,5.162313349645716,0.8376866503542839
6.5,0.19,0.3,0.8,0.043,33.0,144.0,0.9936,3.42,0.39,9.1,6,0.2291666650752315,9.158605919277456,13.265279050450918,6.0,0.0
6.3,0.495,0.22,1.8,0.046,31.0,140.0,0.9929,3.39,0.54,10.4,6,0.2214285698469388,10.474357463634341,8.811176487865051,6.0,0.0
7.1,0.24,0.41,17.8,0.046,39.0,145.0,0.9998,3.32,0.39,8.7,5,0.26896551538644475,8.701731644597274,10.92306011836905,5.0,0.0
6.4,0.17,0.32,2.4,0.048,41.0,200.0,0.9938,3.5,0.5,9.7,6,0.20499999897500001,9.760505372806023,13.061197834290136,6.296075074739385,-0.29607507473938544
7.1,0.25,0.32,10.3,0.041,66.0,272.0,0.9969,3.17,0.52,9.1,6,0.24264705793144464,9.12828856626686,12.45611849803772,6.0,0.0
6.8,0.64,0.08,9.7,0.062,26.0,142.0,0.9972,3.37,0.46,8.9,4,0.18309859025986908,8.924981021880242,9.444431327178712,4.896843726824644,-0.8968437268246436
8.3,0.28,0.4,7.8,0.041,38.0,194.0,0.9976,3.34,0.51,9.6,6,0.19587628765012224,9.62308578279292,12.205864403140584,6.0,0.0
8.2,0.27,0.39,7.8,0.039,49.0,208.0,0.9976,3.31,0.51,9.5,6,0.2355769219443417,9.522845305888827,12.424223599661211,5.9187416013910905,0.08125839860890949
7.2,0.23,0.38,14.3,0.058,55.0,194.0,0.9979,3.09,0.44,9.0,6,0.2835051531778085,9.018930735614054,11.803259338919117,6.0,0.0
6.8,0.52,0.32,13.2,0.044,54.0,221.0,0.9972,3.27,0.5,9.6,6,0.24434389029708647,9.626945821353969,8.095228458061358,6.0,0.0
7.0,0.26,0.59,1.4,0.037,40.0,120.0,0.9918,3.34,0.41,11.1,7,0.3333333305555556,11.191761250492789,8.235284429077142,7.0,0.0
6.2,0.25,0.21,15.55,0.039,28.0,159.0,0.9982,3.48,0.64,9.6,6,0.1761006278232665,9.617301525444274,13.478231569061808,6.0,0.0
7.3,0.32,0.23,13.7,0.05,49.0,197.0,0.9985,3.2,0.46,8.7,5,0.24873096320441135,8.713060878256504,13.272703140539742,5.0,0.0
7.7,0.31,0.26,7.8,0.031,23.0,90.0,0.9944,3.13,0.5,10.4,5,0.2555555527160494,10.458557463236662,13.50874823026626,5.0,0.0
7.1,0.21,0.37,2.4,0.026,23.0,100.0,0.9903,3.15,0.38,11.4,7,0.22999999770000004,11.51165150797586,12.24135820455482,6.179836217991034,0.820163782008966
6.8,0.24,0.34,2.7,0.047,64.5,218.5,0.9934,3.3,0.58,9.7,6,0.2951945066581487,9.764435509930028,11.724117717038416,6.0,0.0
6.9,0.4,0.56,11.2,0.043,40.0,142.0,0.9975,3.14,0.46,8.7,5,0.28169013886133704,8.72179576762329,7.187492513028632,5.451201709661248,-0.4512017096612482
6.1,0.18,0.36,2.0,0.038,20.0,249.5,0.9923,3.37,0.79,11.3,6,0.08016032031999872,11.387673699814876,11.296275377267818,6.0,0.0
6.8,0.21,0.27,2.1,0.03,26.0,139.0,0.99,3.16,0.61,12.6,7,0.18705035836654418,12.727259871454674,14.166637152839266,7.0,0.0
5.8,0.2,0.27,1.4,0.031,12.0,77.0,0.9905,3.25,0.36,10.9,7,0.1558441538202058,11.004532049942402,12.340399275746222,7.0,0.0
5.6,0.19,0.26,1.4,0.03,12.0,76.0,0.9905,3.25,0.37,10.9,7,0.15789473476454297,11.004532049942402,12.44441679018491,7.0,0.0
6.1,0.41,0.14,10.4,0.037,18.0,119.0,0.996,3.38,0.45,10.0,5,0.15126050293058402,10.040150562097828,11.090888925656497,5.0,0.0
5.9,0.21,0.28,4.6,0.053,40.0,199.0,0.9964,3.72,0.7,10.0,4,0.20100502411555266,10.03611999586512,12.04079175348622,5.754181055302359,-1.7541810553023591
8.5,0.26,0.21,16.2,0.074,41.0,197.0,0.998,3.02,0.5,9.8,3,0.20812182635471155,9.81962943924906,18.085067904110844,3.0,0.0
5.8,0.24,0.44,3.5,0.029,5.0,109.0,0.9913,3.53,0.43,11.7,3,0.04587155921218753,11.802671438846525,8.529399221471733,3.0,0.0
5.8,0.24,0.39,1.5,0.054,37.0,158.0,0.9932,3.21,0.52,9.3,6,0.23417721370773917,9.363663548466022,9.206334593119692,5.631523925009536,0.36847607499046386
6.7,0.26,0.39,1.1,0.04,45.0,147.0,0.9935,3.32,0.58,9.6,8,0.3061224468971262,9.662798527631073,10.307676449728538,8.0,0.0
6.3,0.35,0.3,5.7,0.035,8.0,97.0,0.9927,3.27,0.41,11.0,7,0.08247422595387396,11.08087933829018,9.69229278108803,7.0,0.0
6.4,0.23,0.39,1.8,0.032,23.0,118.0,0.9912,3.32,0.5,11.8,6,0.19491525258546397,11.904749894320123,10.322563995864522,6.0,0.0
5.8,0.36,0.38,0.9,0.037,3.0,75.0,0.9904,3.28,0.34,11.4,4,0.03999999946666667,11.510489185693473,7.837827246179397,5.7299966861333,-1.7299966861333003
6.9,0.115,0.35,5.4,0.048,36.0,108.0,0.9939,3.32,0.42,10.2,6,0.33333333024691364,10.262591545838065,14.838677766284377,6.0,0.0
6.9,0.29,0.4,19.45,0.043,36.0,156.0,0.9996,2.93,0.47,8.9,5,0.23076922928994084,8.903552517454465,9.999985507267382,5.559385234079474,-0.5593852340794738
6.9,0.28,0.4,8.2,0.036,15.0,95.0,0.9944,3.17,0.33,10.2,5,0.15789473518005542,10.257431358174419,10.147043901406027,5.823791783878565,-0.8237917838785647
7.2,0.29,0.4,13.6,0.045,66.0,231.0,0.9977,3.08,0.59,9.6,6,0.28571428447742736,9.622121256769312,10.434767485844224,5.356715405598092,0.6432845944019077
6.2,0.24,0.35,1.2,0.038,22.0,167.0,0.9912,3.1,0.48,10.6,6,0.1317365261572663,10.694097362694347,10.508456765327518,6.0,0.0
6.9,0.32,0.26,8.3,0.053,32.0,180.0,0.9965,3.25,0.51,9.2,6,0.17777777679012347,9.232303831105035,11.896531212877218,6.0,0.0
5.3,0.58,0.07,6.9,0.043,34.0,149.0,0.9944,3.34,0.57,9.7,5,0.2281879179316247,9.75461609551881,8.153833609486755,5.0,0.0
5.3,0.585,0.07,7.1,0.044,34.0,145.0,0.9945,3.34,0.57,9.7,6,0.2344827570035672,9.75363524018578,8.091590699861525,6.0,0.0
5.4,0.59,0.07,7.0,0.045,36.0,147.0,0.9944,3.34,0.57,9.7,6,0.24489795751770096,9.75461609551881,8.181805785142751,5.508911307837429,0.4910886921625712
5.2,0.6,0.07,7.0,0.044,33.0,147.0,0.9944,3.33,0.58,9.7,5,0.2244897943912259,9.75461609551881,7.76118244599635,5.0,0.0
5.8,0.25,0.26,13.1,0.051,44.0,148.0,0.9972,3.29,0.38,9.3,5,0.29729729528853177,9.32610376443666,11.372526720535841,5.375040175788476,-0.3750401757884756
6.6,0.58,0.3,5.1,0.057,30.0,123.0,0.9949,3.24,0.38,9.0,5,0.2439024370414436,9.046126197480955,7.499991477282412,5.0,0.0
7.0,0.29,0.54,10.7,0.046,59.0,234.0,0.9966,3.05,0.61,9.5,5,0.25213675105924466,9.532400629740486,8.433724778644844,5.0,0.0
6.6,0.19,0.41,8.9,0.046,51.0,169.0,0.9954,3.14,0.57,9.8,6,0.30177514614334233,9.84527843552498,10.999981666697222,6.0,0.0
6.7,0.2,0.41,9.1,0.044,50.0,166.0,0.9954,3.14,0.58,9.8,6,0.30120481746262157,9.84527843552498,10.983588551494178,6.0,0.0
7.7,0.26,0.4,1.1,0.042,9.0,60.0,0.9915,2.89,0.5,10.6,5,0.14999999750000004,10.690861633019027,11.666648989925772,5.0,0.0
6.8,0.32,0.34,1.2,0.044,14.0,67.0,0.9919,3.05,0.47,10.6,4,0.20895522076186238,10.686550371458441,10.30301469240198,4.0,0.0
7.0,0.3,0.49,4.7,0.036,17.0,105.0,0.9916,3.26,0.68,12.4,7,0.16190476036281182,12.5050297448268,8.860748277533824,7.0,0.0
7.0,0.24,0.36,2.8,0.034,22.0,112.0,0.99,3.19,0.38,12.6,8,0.19642856967474492,12.727259871454674,11.66664722225463,8.0,0.0
6.1,0.31,0.58,5.0,0.039,36.0,114.0,0.9909,3.3,0.6,12.3,8,0.31578947091412746,12.412945390104563,6.8539248832304684,6.7984129811051845,1.2015870188948155
6.8,0.44,0.37,5.1,0.047,46.0,201.0,0.9938,3.08,0.65,10.5,4,0.22885572025444917,10.565495506645696,8.395051364134117,5.181861673072673,-1.1818616730726728
6.7,0.34,0.3,15.6,0.054,51.0,196.0,0.9982,3.19,0.49,9.3,5,0.26020408030508124,9.316760852774141,10.468733642603683,5.374446517780197,-0.3744465177801972
7.1,0.35,0.24,15.4,0.055,46.0,198.0,0.9988,3.12,0.49,8.8,5,0.23232323114988268,8.810563866075425,12.03387790868151,5.0,0.0
7.3,0.32,0.25,7.2,0.056,47.0,180.0,0.9961,3.08,0.47,8.8,5,0.26111110966049383,8.83444550301626,12.806995075447233,5.0,0.0
6.5,0.28,0.33,15.7,0.053,51.0,190.0,0.9978,3.22,0.51,9.7,6,0.2684210512188366,9.721377308701834,10.6557202365242,6.0,0.0
7.2,0.23,0.39,14.2,0.058,49.0,192.0,0.9979,2.98,0.48,9.0,7,0.2552083320041233,9.018930735614054,11.612884495347588,7.0,0.0
5.9,0.15,0.31,5.8,0.041,53.0,155.0,0.9945,3.52,0.46,10.5,6,0.3419354816649324,10.558058765149557,12.826059073784625,6.0,0.0
7.4,0.28,0.42,19.8,0.066,53.0,195.0,1.0,2.96,0.44,9.1,5,0.27179487040105194,9.0999909000091,10.57141346940933,5.0,0.0
6.2,0.28,0.22,7.3,0.041,26.0,157.0,0.9957,3.44,0.64,9.8,7,0.16560509448659175,9.842312099716683,12.3999752000496,7.0,0.0
9.1,0.59,0.38,1.6,0.066,34.0,182.0,0.9968,3.23,0.38,8.5,3,0.18681318578674075,8.527278764768495,9.381433627388013,3.0,0.0
6.3,0.33,0.27,1.2,0.046,34.0,175.0,0.9934,3.37,0.54,9.4,6,0.19428571317551022,9.46244265910745,10.499982500029164,6.0,0.0
8.3,0.39,0.7,10.6,0.045,33.0,169.0,0.9976,3.09,0.57,9.4,5,0.19526627103392738,9.422604828984735,7.614671913145036,5.0,0.0
7.2,0.19,0.46,3.8,0.041,82.0,187.0,0.9932,3.19,0.6,11.2,7,0.4385026714518574,11.276670079873057,11.076906035529175,6.1903046194414335,0.8096953805585665
7.5,0.17,0.44,11.3,0.046,65.0,146.0,0.997,3.17,0.45,10.0,6,0.44520547640270225,10.030080210551443,12.29506181137408,6.0,0.0
6.7,0.17,0.5,2.1,0.043,27.0,122.0,0.9923,3.15,0.45,10.3,6,0.2213114735958076,10.379914965317983,9.99998507464914,6.0,0.0
6.1,0.41,0.0,1.6,0.063,36.0,87.0,0.9914,3.27,0.67,10.8,6,0.41379309869203335,10.893674708821154,14.878012492652458,5.345175319007057,0.6548246809929434
8.3,0.2,0.35,0.9,0.05,12.0,74.0,0.992,3.13,0.38,10.5,6,0.16216215997078162,10.584666749327873,15.090881652942448,6.0,0.0
6.0,0.29,0.21,1.3,0.055,42.0,168.0,0.9914,3.32,0.43,11.1,6,0.24999999851190477,11.196276784066185,11.999976000048,5.8675859348006565,0.1324140651993435
7.3,0.41,0.24,6.8,0.057,41.0,163.0,0.9949,3.2,0.41,9.9,6,0.25153374078813656,9.95073881722905,11.230751952689305,5.531360875740628,0.46863912425937215
7.2,0.43,0.24,6.7,0.058,40.0,163.0,0.995,3.2,0.41,9.9,5,0.24539877150062103,9.949738743981161,10.746252617533408,5.0,0.0
7.3,0.4,0.24,6.7,0.058,41.0,166.0,0.995,3.2,0.41,9.9,6,0.2469879503193497,9.949738743981161,11.406232177762222,6.0,0.0
6.2,0.33,0.27,4.9,0.036,30.0,134.0,0.9927,3.2,0.42,10.4,7,0.22388059534417468,10.476467738019807,10.333316111139814,7.0,0.0
6.2,0.31,0.26,4.8,0.037,36.0,148.0,0.9928,3.21,0.41,10.4,6,0.24324324159970784,10.475412494548253,10.877173899694911,6.0,0.0
6.1,0.36,0.27,2.1,0.035,16.0,100.0,0.9917,3.4,0.71,11.5,7,0.1599999984,11.596237172292858,9.68252431345347,7.0,0.0
5.0,0.55,0.14,8.3,0.032,35.0,164.0,0.9918,3.53,0.51,12.5,8,0.21341463284503273,12.603334741545934,7.246366309614043,6.445990227195403,1.554009772804597
7.8,0.25,0.41,3.7,0.042,37.0,149.0,0.9954,3.36,0.45,10.0,6,0.24832214598441513,10.046202485229571,11.818163911872862,6.0,0.0
5.7,0.36,0.21,6.7,0.038,51.0,166.0,0.9941,3.29,0.63,10.0,6,0.307228913811874,10.05934004693688,9.99998245617113,6.0,0.0
5.8,0.34,0.21,6.6,0.04,50.0,167.0,0.9941,3.29,0.62,10.0,5,0.2994011958119689,10.05934004693688,10.545435371935685,5.718411473229964,-0.7184114732299642
6.8,0.28,0.6,1.1,0.132,42.0,127.0,0.9934,3.09,0.44,9.1,6,0.3307086588133177,9.160449808284872,7.72726394629097,6.0,0.0
6.8,0.25,0.34,4.7,0.031,34.0,134.0,0.9927,3.21,0.38,10.6,6,0.25373134139006465,10.677938271443264,11.525404194230177,6.0,0.0
6.6,0.24,0.35,7.7,0.031,36.0,135.0,0.9938,3.19,0.37,10.5,5,0.266666664691358,10.565495506645696,11.18642171792929,5.0,0.0
5.9,0.3,0.47,7.85,0.03,19.0,133.0,0.9933,3.52,0.43,11.5,7,0.14285714178302902,11.577558061453677,7.662327711262713,6.354561014048226,0.645438985951774
6.1,0.125,0.25,3.3,0.04,10.0,69.0,0.9934,3.54,0.59,10.1,6,0.14492753413148501,10.167092644360132,16.266623289004563,6.0,0.0
6.0,0.1,0.24,1.1,0.041,15.0,65.0,0.9927,3.61,0.61,10.3,7,0.23076922721893497,10.375732471308078,17.647006920567883,7.0,0.0
6.8,0.28,0.44,9.3,0.031,35.0,137.0,0.9946,3.16,0.36,10.4,6,0.2554744506899675,10.456454397290974,9.444431327178712,6.0,0.0
8.3,0.41,0.51,2.0,0.046,11.0,207.0,0.993,3.02,0.55,11.4,5,0.05314009636164205,11.480350976484415,9.021729324207257,6.004773616259208,-1.0047736162592082
7.5,0.27,0.31,5.8,0.057,131.0,313.0,0.9946,3.18,0.59,10.5,5,0.418530350100542,10.556997228034156,12.931012187910019,5.0,0.0
7.9,0.26,0.41,15.15,0.04,38.0,216.0,0.9976,2.96,0.6,10.0,6,0.17592592511145405,10.024047690409292,11.791027177571378,6.0,0.0
6.4,0.34,0.23,6.3,0.039,37.0,143.0,0.9944,3.19,0.65,10.0,6,0.2587412569318793,10.056305253112175,11.228050477104425,6.0,0.0
6.5,0.28,0.35,15.4,0.042,55.0,195.0,0.9978,3.23,0.5,9.6,6,0.28205128060486523,9.621156924076042,10.317443940565173,6.0,0.0
7.2,0.21,0.41,1.3,0.036,33.0,85.0,0.992,3.17,0.51,10.4,5,0.38823528955017306,10.483860399334276,11.612884495347588,6.591513368139072,-1.591513368139072
6.4,0.32,0.35,4.8,0.03,34.0,101.0,0.9912,3.36,0.6,12.5,8,0.3366336600333301,12.610963871101825,9.552224548918584,8.0,0.0
6.8,0.24,0.34,4.6,0.032,37.0,135.0,0.9927,3.2,0.39,10.6,5,0.2740740720438958,10.677938271443264,11.724117717038416,5.0,0.0
6.3,0.23,0.3,1.8,0.033,16.0,91.0,0.9906,3.28,0.4,11.8,6,0.17582417389204205,11.911960516898327,11.886770024962216,6.0,0.0
6.5,0.28,0.34,9.9,0.038,30.0,133.0,0.9954,3.11,0.44,9.8,5,0.22556390807846685,9.84527843552498,10.483854058299904,5.466099555690365,-0.46609955569036465
5.6,0.26,0.26,5.7,0.031,12.0,80.0,0.9923,3.25,0.38,10.8,5,0.14999999812500003,10.88379433256643,10.769210059211423,5.0,0.0
6.3,0.23,0.33,1.5,0.036,15.0,105.0,0.991,3.32,0.42,11.2,6,0.14285714149659864,11.30170403460743,11.249979910750158,6.0,0.0
5.8,0.27,0.27,12.3,0.045,55.0,170.0,0.9972,3.28,0.42,9.3,6,0.32352940986159173,9.32610376443666,10.740720850516942,6.0,0.0
5.9,0.26,0.4,1.3,0.047,12.0,139.0,0.9945,3.45,0.53,10.4,5,0.0863309346307127,10.457505824529084,8.939380394878189,5.0,0.0
6.6,0.18,0.35,1.5,0.049,49.0,141.0,0.9934,3.43,0.85,10.2,7,0.34751772803178915,10.267756927967659,12.452806692817559,7.0,0.0
7.4,0.2,0.43,7.8,0.045,27.0,153.0,0.9964,3.19,0.55,9.0,7,0.1764705870818916,9.032507996278607,11.746013101566506,5.707062909853037,1.292937090146963
8.0,0.24,0.36,1.5,0.047,17.0,129.0,0.9948,3.2,0.54,10.0,6,0.1317829447148609,10.052261708623131,13.333311111148149,6.0,0.0
6.4,0.26,0.42,9.7,0.044,30.0,140.0,0.9962,3.18,0.47,9.1,6,0.21428571275510205,9.134702735692898,9.411750865072259,5.202284609361149,0.7977153906388512
5.4,0.31,0.47,3.0,0.053,46.0,144.0,0.9931,3.29,0.76,10.0,5,0.31944444222608026,10.069469268483266,6.923068047348657,5.0,0.0
5.4,0.29,0.47,3.0,0.052,47.0,145.0,0.993,3.29,0.75,10.0,6,0.3241379287990488,10.070483312705626,7.105253808876568,6.0,0.0
7.1,0.145,0.33,4.6,0.05,33.0,131.0,0.9942,3.28,0.4,9.6,6,0.2519083950236,9.655995115675804,14.947336952974837,6.0,0.0
5.6,0.34,0.1,1.3,0.031,20.0,68.0,0.9906,3.36,0.51,11.2,7,0.2941176427335641,11.306267609259429,12.72724380171863,5.789866539992902,1.210133460007098
6.7,0.19,0.41,15.6,0.056,75.0,155.0,0.9995,3.2,0.44,8.8,6,0.48387096462018736,8.804393392302758,11.166648055586574,6.0,0.0
7.8,0.18,0.46,13.6,0.052,38.0,118.0,0.998,3.15,0.5,10.0,6,0.32203389557598394,10.02003004005006,12.187480957061004,6.0,0.0
7.6,0.17,0.45,11.2,0.054,56.0,137.0,0.997,3.15,0.47,10.0,5,0.408759121103948,10.030080210551443,12.25804474508912,5.942377108081819,-0.9423771080818186
6.3,0.12,0.36,2.1,0.044,47.0,146.0,0.9914,3.27,0.74,11.4,7,0.3219178060142616,11.498878859311217,13.124972656306968,6.873008871264707,0.12699112873529295
7.3,0.33,0.4,6.85,0.038,32.0,138.0,0.992,3.03,0.3,11.9,7,0.23188405629069525,11.995955649238256,9.999986301388628,7.0,0.0
5.5,0.335,0.3,2.5,0.071,27.0,128.0,0.9924,3.14,0.51,9.6,6,0.2109374983520508,9.673508994851879,8.661403682828846,6.0,0.0
5.8,0.4,0.42,4.4,0.047,38.5,245.0,0.9937,3.25,0.57,9.6,6,0.15714285650145773,9.660853717566953,7.07316210589987,6.0,0.0
7.3,0.22,0.37,14.3,0.063,48.0,191.0,0.9978,2.89,0.38,9.0,6,0.2513088992078068,9.01983461632129,12.372860384982397,6.0,0.0
6.1,0.36,0.33,1.1,0.05,24.0,169.0,0.9927,3.15,0.78,9.5,6,0.14201183347921992,9.569850337614247,8.840566897729133,6.0,0.0
10.0,0.2,0.39,1.4,0.05,19.0,152.0,0.994,3.0,0.42,10.4,6,0.12499999917763159,10.462766134038095,16.949123815044377,5.30939090625371,0.6906090937462901
6.9,0.24,0.34,4.7,0.04,43.0,161.0,0.9935,3.2,0.59,10.6,6,0.2670807436827283,10.669340040925977,11.896531212877218,6.0,0.0
6.4,0.24,0.32,14.9,0.047,54.0,162.0,0.9968,3.28,0.5,10.2,6,0.3333333312757202,10.232734517722193,11.428551020444605,6.0,0.0
7.1,0.365,0.14,1.2,0.055,24.0,84.0,0.9941,3.15,0.43,8.9,5,0.2857142823129252,8.952812641773823,14.059378100241384,5.099872016415646,-0.09987201641564614
6.8,0.15,0.3,5.3,0.05,40.0,127.0,0.9942,3.4,0.39,9.7,6,0.3149606274412549,9.75657839813076,15.111077530938822,6.314761341726567,-0.3147613417265669
6.8,0.16,0.4,2.3,0.037,18.0,102.0,0.9923,3.49,0.42,11.4,7,0.17647058650519035,11.488449573264564,12.142835459222391,7.0,0.0
6.0,0.26,0.32,3.5,0.028,29.0,113.0,0.9912,3.4,0.71,12.3,7,0.2566371658704676,12.409188449164196,10.344809750328015,7.0,0.0
6.0,0.18,0.27,1.5,0.089,40.0,143.0,0.9923,3.49,0.62,10.8,6,0.2797202777641939,10.88379433256643,13.333303703769548,6.0,0.0
6.9,0.33,0.21,1.0,0.053,39.0,148.0,0.9927,3.12,0.45,9.4,6,0.2635135117330168,9.469115070902518,12.777754115270156,6.0,0.0
7.7,0.29,0.48,2.3,0.049,36.0,178.0,0.9931,3.17,0.64,10.6,6,0.2022471898750158,10.673637424592261,9.99998701300388,5.778013277120624,0.22198672287937615
7.1,0.39,0.35,12.5,0.044,26.0,72.0,0.9941,3.17,0.29,11.6,5,0.3611111060956791,11.668834454446781,9.594581628943743,6.167497271331168,-1.1674972713311682
6.6,0.905,0.19,0.8,0.048,17.0,204.0,0.9934,3.34,0.56,10.0,5,0.0833333329248366,10.066428360752607,6.027391755806616,5.0,0.0
7.2,0.27,0.27,2.4,0.048,30.0,149.0,0.9936,3.1,0.51,9.2,6,0.20134228052790415,9.259249940368417,13.333308642021032,6.0,0.0
5.1,0.33,0.22,1.6,0.027,18.0,89.0,0.9893,3.51,0.38,12.5,7,0.20224718873879563,12.635183831816606,9.272710413253792,6.035007593196887,0.9649924068031126
6.4,0.31,0.28,1.5,0.037,12.0,119.0,0.9919,3.32,0.51,10.4,7,0.10084033528705601,10.484917345581868,10.847439241628402,7.0,0.0
7.3,0.2,0.44,1.4,0.045,21.0,98.0,0.9924,3.15,0.46,10.0,7,0.2142857120991254,10.076571869637375,11.406232177762222,7.0,0.0
5.7,0.32,0.5,2.6,0.049,17.0,155.0,0.9927,3.22,0.64,10.0,6,0.10967741864724247,10.07352667117289,6.951211035108493,5.465662446063735,0.5343375539362647
7.2,0.28,0.26,12.5,0.046,48.0,179.0,0.9975,3.1,0.52,9.0,6,0.26815642308292503,9.022547345817197,13.333308642021032,5.166686086450759,0.8333139135492411
7.5,0.35,0.28,9.6,0.051,26.0,157.0,0.9969,3.12,0.53,9.2,6,0.16560509448659175,9.22859942963243,11.90474300834443,6.0,0.0
6.0,0.36,0.39,3.2,0.027,20.0,125.0,0.991,3.38,0.39,11.3,7,0.15999999872,11.402612106345,7.999989333347555,6.162383584303384,0.8376164156966164
5.0,0.17,0.56,1.5,0.026,24.0,115.0,0.9906,3.48,0.39,10.8,7,0.20869565035916826,10.902472337500164,6.849305685882621,6.478726206542377,0.521273793457623
6.3,0.39,0.35,5.9,0.04,82.5,260.0,0.9941,3.12,0.66,10.1,5,0.31730769108727813,10.15993344740625,8.513502008781069,5.0,0.0
6.7,0.21,0.32,5.4,0.047,29.0,140.0,0.995,3.39,0.46,9.7,6,0.20714285566326532,9.74873392087043,12.641485582102675,6.0,0.0
7.0,0.3,0.38,14.9,0.032,60.0,181.0,0.9983,3.18,0.61,9.3,7,0.3314917108757364,9.315827591077241,10.294102508672783,7.0,0.0
6.5,0.36,0.32,1.1,0.031,13.0,66.0,0.9916,3.1,0.46,10.6,5,0.19696969398530767,10.689783491545489,9.558809472339012,5.0,0.0
6.1,0.55,0.15,9.8,0.031,19.0,125.0,0.9957,3.36,0.47,10.2,6,0.151999998784,10.244039124194913,8.714273265323905,6.0,0.0
7.3,0.24,0.43,2.0,0.021,20.0,69.0,0.99,3.08,0.56,12.2,6,0.28985506826297003,12.323219875535479,10.89550612611026,6.267566312601299,-0.26756631260129904
6.8,0.37,0.51,11.8,0.044,62.0,163.0,0.9976,3.19,0.44,8.8,5,0.3803680958259626,8.821161967560178,7.72726394629097,5.542038627811823,-0.5420386278118228
6.8,0.27,0.12,1.3,0.04,87.0,168.0,0.992,3.18,0.41,10.0,5,0.5178571397746599,10.08063499935988,17.43585272858275,5.0,0.0
8.2,0.28,0.42,1.8,0.031,30.0,93.0,0.9917,3.09,0.39,11.4,5,0.3225806416926813,11.495400327316398,11.714268979615742,5.0,0.0
6.3,0.2,0.4,1.5,0.037,35.0,107.0,0.9917,3.46,0.5,11.4,6,0.3271028006812822,11.495400327316398,10.499982500029164,6.0,0.0
5.9,0.26,0.27,18.2,0.048,52.0,168.0,0.9993,3.35,0.44,9.4,5,0.3095238076814059,9.406575196062049,11.132054467821758,5.0,0.0
6.4,0.19,0.42,2.9,0.032,32.0,83.0,0.9908,3.3,0.41,11.7,6,0.3855421640296125,11.808627564970159,10.491786079039215,6.0,0.0
6.1,0.35,0.07,1.4,0.069,22.0,108.0,0.9934,3.23,0.52,9.2,5,0.2037037018175583,9.261114091892397,14.523774943392992,5.0,0.0
7.1,0.27,0.31,18.2,0.046,55.0,252.0,1.0,3.07,0.56,8.7,5,0.21825396738788108,8.6999913000087,12.241358204554817,5.0,0.0
6.8,0.22,0.31,6.3,0.035,33.0,170.0,0.9918,3.24,0.66,12.6,6,0.19411764591695502,12.704161419478302,12.830164471387787,6.0,0.0
5.8,0.28,0.34,4.0,0.031,40.0,99.0,0.9896,3.39,0.39,12.8,7,0.4040403999591879,12.934505927136291,9.354823621252221,7.0,0.0
6.9,0.49,0.24,1.2,0.049,13.0,125.0,0.9932,3.17,0.51,9.4,5,0.10399999916800001,9.464348102750602,9.45204184651802,5.0,0.0
6.3,0.14,0.39,1.2,0.044,26.0,116.0,0.992,3.26,0.53,10.3,6,0.22413792910225924,10.383054049340677,11.886770024962216,6.0,0.0
7.2,0.25,0.39,18.95,0.038,42.0,155.0,0.9999,2.97,0.47,9.0,6,0.2709677401873049,9.000891088217733,11.249982421902466,6.0,0.0
7.3,0.28,0.36,12.7,0.04,38.0,140.0,0.998,3.3,0.79,9.6,6,0.27142856948979593,9.619228838448057,11.406232177762222,6.0,0.0
7.2,0.19,0.39,1.2,0.036,32.0,85.0,0.9918,3.16,0.5,10.5,5,0.37647058380622844,10.586801182898585,12.413771700393617,6.620991151622429,-1.6209911516224293
7.4,0.21,0.27,1.2,0.041,27.0,99.0,0.9927,3.19,0.33,9.8,6,0.27272726997245184,9.872056137749434,15.416634548678026,6.0,0.0
6.8,0.26,0.22,7.7,0.047,57.0,210.0,0.9959,3.1,0.47,9.0,5,0.2714285701360544,9.037042838595402,14.166637152839266,5.0,0.0
7.4,0.31,0.28,1.6,0.05,33.0,137.0,0.9929,3.31,0.56,10.5,6,0.24087591065054081,10.575072439246208,12.54235162313284,6.0,0.0
7.0,0.22,0.31,2.7,0.03,41.0,136.0,0.9898,3.16,0.37,12.7,7,0.30147058601859866,12.830861961141682,13.207522249958018,7.0,0.0
7.0,0.21,0.28,8.7,0.045,37.0,222.0,0.9954,3.25,0.54,10.4,6,0.16666666591591592,10.448050584638754,14.285685131254835,5.977951757566832,0.02204824243316761
7.0,0.21,0.28,8.6,0.045,37.0,221.0,0.9954,3.25,0.54,10.4,6,0.16742081372207776,10.448050584638754,14.285685131254835,6.0,0.0
6.9,0.23,0.38,8.3,0.047,47.0,162.0,0.9954,3.34,0.52,10.5,7,0.2901234549992379,10.54851260949105,11.311456866464153,7.0,0.0
6.8,0.29,0.5,13.3,0.053,48.0,194.0,0.9974,3.09,0.45,9.4,5,0.2474226791369965,9.424494260583256,8.607584041032858,5.394369713932369,-0.3943697139323694
7.8,0.21,0.27,1.2,0.051,20.0,89.0,0.9936,3.06,0.46,9.1,5,0.22471909859866182,9.158605919277456,16.249966145903866,5.0,0.0
7.1,0.31,0.47,13.6,0.056,54.0,197.0,0.9978,3.1,0.49,9.3,5,0.27411167373547374,9.320495770198667,9.102552432625085,5.0,0.0
6.4,0.34,0.1,1.1,0.048,19.0,84.0,0.9927,3.21,0.38,9.8,5,0.22619047349773247,9.872056137749434,14.545421487678437,5.0,0.0
7.4,0.155,0.34,2.3,0.045,73.5,214.0,0.9934,3.18,0.61,9.9,7,0.34345794232029,9.965764077145082,14.949464748556066,5.53695492794066,1.46304507205934
7.2,0.55,0.09,1.5,0.108,16.0,151.0,0.9938,3.07,0.57,9.2,4,0.10596026419893866,9.257386539156228,11.249982421902466,4.0,0.0
7.0,0.23,0.36,7.1,0.028,31.0,104.0,0.9922,3.35,0.47,12.1,8,0.29807692021079885,12.195109660240213,11.864386670531067,8.0,0.0
6.9,0.2,0.37,6.2,0.027,24.0,97.0,0.992,3.38,0.49,12.2,7,0.2474226778616219,12.298374699219051,12.105241920628208,7.0,0.0
6.1,0.28,0.32,2.5,0.042,23.0,218.5,0.9935,3.27,0.6,9.8,5,0.10526315741298327,9.864106830290055,10.16664972225046,5.0,0.0
6.6,0.16,0.32,1.4,0.035,49.0,186.0,0.9906,3.35,0.64,12.4,8,0.26344085879870505,12.517653424537224,13.749971354226346,8.0,0.0
6.2,0.35,0.04,1.2,0.06,23.0,108.0,0.9934,3.26,0.54,9.2,5,0.2129629609910837,9.261114091892397,15.897395134884272,5.0,0.0
6.7,0.22,0.37,1.6,0.028,24.0,102.0,0.9913,3.29,0.59,11.6,7,0.23529411534025377,11.701793905181171,11.355912956079736,7.0,0.0
6.1,0.38,0.2,6.6,0.033,25.0,137.0,0.9938,3.3,0.69,10.4,6,0.18248175049283394,10.464871739915738,10.517223246166814,5.616857080087085,0.38314291991291505
6.0,0.25,0.28,2.2,0.026,54.0,126.0,0.9898,3.43,0.65,12.9,8,0.4285714251700681,13.03292277942738,11.320733357106873,8.0,0.0
6.6,0.52,0.44,12.2,0.048,54.0,245.0,0.9975,3.26,0.54,9.3,6,0.22040816236568098,9.323298924011103,6.874992838549126,5.359331446628323,0.6406685533716772
6.9,0.24,0.36,20.8,0.031,40.0,139.0,0.9975,3.2,0.33,11.0,6,0.2877697821023757,11.027557867109907,11.499980833365278,6.0,0.0
7.1,0.32,0.32,11.0,0.038,16.0,66.0,0.9937,3.24,0.4,11.5,3,0.2424242387511479,11.572897682502079,11.093732666042708,3.0,0.0
5.8,0.28,0.27,2.6,0.054,30.0,156.0,0.9914,3.53,0.42,12.4,5,0.19230769107495072,12.507552443461325,10.545435371935685,5.0,0.0
6.5,0.41,0.24,14.0,0.048,24.0,113.0,0.9982,3.44,0.53,9.8,6,0.21238937865142143,9.817661973891031,9.999984615408286,6.0,0.0
6.4,0.28,0.29,1.6,0.052,34.0,127.0,0.9929,3.48,0.56,10.5,7,0.2677165333250667,10.575072439246208,11.228050477104425,7.0,0.0
7.2,0.6,0.2,9.9,0.07,21.0,174.0,0.9971,3.03,0.54,9.1,5,0.1206896544787951,9.126457600584093,8.999988750014062,5.0,0.0
6.1,0.2,0.25,1.2,0.038,34.0,128.0,0.9921,3.24,0.44,10.1,5,0.2656249979248047,10.180415098865941,13.555525432165705,5.0,0.0
5.9,0.46,0.14,2.7,0.042,27.0,160.0,0.9931,3.46,0.51,10.6,7,0.1687499989453125,10.673637424592261,9.833316944471758,7.0,0.0
6.0,0.27,0.27,1.6,0.046,32.0,113.0,0.9924,3.41,0.51,10.5,7,0.28318583820189525,10.580400463119243,11.111090535017526,7.0,0.0
6.4,0.41,0.24,14.0,0.048,24.0,113.0,0.9982,3.44,0.53,9.8,6,0.21238937865142143,9.817661973891031,9.846138698248158,6.0,0.0
6.3,0.23,0.31,1.5,0.022,11.0,82.0,0.9892,3.3,0.4,12.9,7,0.13414633982748367,13.040827900497472,11.666645061768403,7.0,0.0
7.1,0.21,0.27,8.6,0.056,26.0,111.0,0.9956,2.95,0.52,9.5,5,0.23423423212401592,9.541975148679038,14.791635850758645,5.0,0.0
6.0,0.37,0.32,1.0,0.053,31.0,218.5,0.9924,3.29,0.72,9.8,6,0.1418764295566296,9.875040432244628,8.695639571536853,6.0,0.0
6.1,0.43,0.35,9.1,0.059,83.0,249.0,0.9971,3.37,0.5,8.5,5,0.33333333199464527,8.524713143402725,7.820502794227186,5.0,0.0
7.0,0.25,0.29,15.2,0.047,40.0,171.0,0.9982,3.22,0.45,9.3,5,0.2339181272870285,9.316760852774141,12.962938957520448,5.0,0.0
5.9,0.25,0.19,12.4,0.047,50.0,162.0,0.9973,3.35,0.38,9.5,5,0.3086419734034446,9.525709890995797,13.409060433953561,5.0,0.0
6.8,0.32,0.21,2.2,0.044,15.0,68.0,0.9932,3.17,0.39,9.4,6,0.22058823205017306,9.464348102750602,12.830164471387787,6.0,0.0
7.2,0.39,0.62,11.0,0.047,66.0,178.0,0.9976,3.16,0.5,8.7,5,0.3707865147708623,8.720921490656083,7.128705813162562,5.0,0.0
6.3,0.21,0.58,10.0,0.081,34.0,126.0,0.9962,2.95,0.46,8.9,5,0.2698412676996725,8.933940038205142,7.974673449780443,5.267481458521158,-0.267481458521158
7.0,0.14,0.32,9.0,0.039,54.0,141.0,0.9956,3.22,0.43,9.4,6,0.3829787206880942,9.441533305008733,15.217358223134298,6.0,0.0
7.2,0.29,0.53,18.15,0.047,59.0,182.0,0.9992,3.09,0.52,9.6,5,0.3241758223946383,9.607676533550306,8.78047709697915,5.0,0.0
8.6,0.37,0.7,12.15,0.039,21.0,158.0,0.9983,3.0,0.73,9.3,6,0.13291139156385195,9.315827591077241,8.037375666004053,6.0,0.0
6.5,0.38,0.34,3.4,0.036,34.0,200.0,0.9937,3.14,0.76,10.0,5,0.16999999915,10.063389289132244,9.027765239214945,5.0,0.0
6.6,0.24,0.29,2.0,0.023,19.0,86.0,0.99,3.25,0.45,12.5,6,0.22093022998918338,12.626249872474876,12.452806692817559,6.0,0.0
7.0,0.17,0.31,4.8,0.034,34.0,132.0,0.9944,3.36,0.48,9.6,7,0.2575757556244261,9.654053042987687,14.583302951452186,6.215099431213553,0.7849005687864468
5.5,0.16,0.22,4.5,0.03,30.0,102.0,0.9938,3.24,0.36,9.4,6,0.2941176441753172,9.458634072616148,14.47364612198389,6.0,0.0
7.0,0.24,0.51,11.0,0.029,55.0,227.0,0.9965,3.03,0.61,9.5,5,0.2422907478313183,9.533357216901939,9.333320888905481,5.0,0.0
7.4,0.28,0.36,1.1,0.028,42.0,105.0,0.9893,2.99,0.39,12.4,7,0.3999999961904762,12.534102361162073,11.562481933621978,7.0,0.0
7.0,0.22,0.28,1.5,0.037,29.0,115.0,0.9927,3.11,0.55,10.5,6,0.25217391085066165,10.577203004731535,13.999972000056,6.0,0.0
7.1,0.55,0.13,1.7,0.073,21.0,165.0,0.994,2.97,0.58,9.2,6,0.12727272650137741,9.255523887802928,10.441161115939535,6.0,0.0
6.3,0.22,0.33,1.7,0.041,67.0,164.0,0.9928,3.32,0.56,10.4,6,0.40853658287477695,10.475412494548253,11.454524628137039,6.0,0.0
6.7,0.47,0.34,8.9,0.043,31.0,172.0,0.9964,3.22,0.6,9.2,5,0.18023255709167119,9.233230396195909,8.271594726426263,5.0,0.0
5.9,0.36,0.41,1.3,0.047,45.0,104.0,0.9917,3.33,0.51,10.6,6,0.43269230353180477,10.688705567504721,7.662327711262713,6.0,0.0
5.8,0.25,0.24,13.3,0.044,41.0,137.0,0.9972,3.34,0.42,9.5,5,0.2992700708082477,9.526665135714866,11.836710537325434,5.374016207739668,-0.37401620773966826
6.2,0.37,0.3,6.6,0.346,79.0,200.0,0.9954,3.29,0.58,9.6,5,0.394999998025,9.644354385820387,9.25371753176488,5.0,0.0
6.2,0.18,0.38,1.5,0.028,36.0,117.0,0.993,3.47,0.54,9.7,6,0.3076923050624589,9.768368813324457,11.07140880105571,6.0,0.0
6.0,0.16,0.37,1.5,0.025,43.0,117.0,0.9928,3.46,0.51,9.7,6,0.3675213643801593,9.770336653569043,11.320733357106873,6.0,0.0
6.6,0.34,0.28,1.3,0.035,32.0,90.0,0.9916,3.1,0.42,10.7,6,0.35555555160493835,10.790630505616672,10.645144120735287,6.0,0.0
7.4,0.29,0.29,1.6,0.045,53.0,180.0,0.9936,3.34,0.68,10.5,6,0.294444442808642,10.56762221455091,12.75859869207122,6.0,0.0
7.4,0.26,0.31,7.6,0.047,52.0,177.0,0.9962,3.13,0.45,8.9,6,0.2937853090746593,8.933940038205142,12.98243336415199,5.174609467429746,0.8253905325702542
7.0,0.28,0.36,1.0,0.035,8.0,70.0,0.9899,3.09,0.46,12.1,6,0.11428571265306126,12.22344456667889,10.937482910182952,6.0,0.0
7.1,0.23,0.39,1.6,0.032,12.0,65.0,0.9898,3.25,0.4,12.7,7,0.18461538177514797,12.830861961141682,11.451594432912204,6.048926044635449,0.9510739553645511
7.8,0.19,0.26,8.9,0.039,42.0,182.0,0.996,3.18,0.46,9.9,6,0.23076922950126796,9.93974905647685,17.333294814900412,5.735982643723493,0.2640173562765069
6.3,0.19,0.28,1.8,0.022,28.0,158.0,0.9907,3.2,0.64,11.4,6,0.17721518875180262,11.507003626724915,13.404226799517447,6.0,0.0
6.8,0.2,0.38,4.7,0.04,27.0,103.0,0.994,3.37,0.58,10.7,6,0.26213591978508816,10.764576695596885,11.724117717038416,6.0,0.0
5.7,0.44,0.13,7.0,0.025,28.0,173.0,0.9913,3.33,0.48,12.5,6,0.16184971004711152,12.609691708169365,9.999982456171129,6.436030446992986,-0.4360304469929863
7.2,0.4,0.62,10.8,0.041,70.0,189.0,0.9976,3.08,0.49,8.6,4,0.3703703684107388,8.620681013751991,7.058816609003325,5.21465865711566,-1.2146586571156597
6.8,0.23,0.32,1.6,0.026,43.0,147.0,0.9904,3.29,0.54,12.5,6,0.2925170048128095,12.621150422909508,12.36361388433839,6.0,0.0
5.7,0.335,0.34,1.0,0.04,13.0,174.0,0.992,3.27,0.66,10.0,5,0.07471264324877791,10.08063499935988,8.444431934174911,5.0,0.0
7.2,0.28,0.54,16.7,0.045,54.0,200.0,0.999,3.08,0.49,9.5,6,0.26999999865,9.5094999904905,8.78047709697915,6.0,0.0
6.8,0.19,0.58,14.2,0.038,51.0,164.0,0.9975,3.12,0.48,9.6,6,0.31097560785990486,9.624050502205009,8.831157362133295,6.0,0.0
6.4,0.3,0.3,2.25,0.038,8.0,210.0,0.9937,3.2,0.62,9.9,6,0.0380952379138322,9.96275539624092,10.66664888891852,6.0,0.0
6.5,0.3,0.29,2.25,0.037,8.0,210.0,0.9937,3.19,0.62,9.9,5,0.0380952379138322,9.96275539624092,11.016930479778848,5.0,0.0
7.8,0.18,0.31,12.2,0.053,46.0,140.0,0.998,3.06,0.53,8.9,6,0.3285714262244898,8.917826735644553,15.918334860541101,6.0,0.0
7.3,0.51,0.26,3.3,0.09,7.0,135.0,0.9944,3.01,0.52,8.8,5,0.05185185146776406,8.849548622738714,9.480507168172508,4.926581840475292,0.07341815952470832
6.0,0.24,0.27,1.9,0.048,40.0,170.0,0.9938,3.64,0.54,10.0,7,0.23529411626297578,10.062376672995901,11.764682814347422,7.0,0.0
5.9,0.62,0.28,3.5,0.039,55.0,152.0,0.9907,3.44,0.44,12.0,6,0.36184210288261776,12.112635396552541,6.5555482716130316,6.0,0.0
6.7,0.27,0.12,1.3,0.041,62.0,138.0,0.9921,3.21,0.42,10.0,6,0.449275359063222,10.079618909768259,17.179443129633,6.0,0.0
7.8,0.34,0.35,1.8,0.042,8.0,167.0,0.9908,3.11,0.41,12.1,6,0.047904191329915025,12.212341327875123,11.304331442997908,6.0,0.0
7.3,0.26,0.36,5.2,0.04,31.0,141.0,0.9931,3.16,0.59,11.0,6,0.2198581544690911,11.076416195331593,11.77417455778297,6.0,0.0
7.4,0.36,0.33,1.4,0.025,27.0,55.0,0.9915,3.21,0.33,11.2,6,0.4909090819834713,11.29600474432199,10.724622138228787,6.346897177042295,-0.34689717704229484
7.8,0.28,0.32,9.0,0.036,34.0,115.0,0.9952,3.17,0.39,10.3,7,0.29565217134215505,10.349668057005571,12.999978333369441,5.813198121613689,1.1868018783863112
6.1,0.31,0.26,2.2,0.051,28.0,167.0,0.9926,3.37,0.47,10.4,6,0.16766466965470259,10.477523194113244,10.701735610990154,6.0,0.0
6.8,0.18,0.37,1.6,0.055,47.0,154.0,0.9934,3.08,0.45,9.1,5,0.3051948032130208,9.160449808284872,12.36361388433839,5.663416467550003,-0.6634164675500029
7.4,0.15,0.42,1.7,0.045,49.0,154.0,0.992,3.0,0.6,10.4,6,0.3181818161157025,10.483860399334276,12.982433364151994,6.0,0.0
5.9,0.13,0.28,1.9,0.05,20.0,78.0,0.9918,3.43,0.64,10.8,6,0.25641025312294546,10.889281216695688,14.39020880436877,6.0,0.0
7.2,0.34,0.34,12.6,0.048,7.0,41.0,0.9942,3.19,0.4,11.7,5,0.1707317031528853,11.768244047229885,10.588219723206288,5.0,0.0
7.9,0.19,0.26,2.1,0.039,8.0,143.0,0.9942,3.05,0.74,9.8,5,0.055944055552838774,9.857161680585717,17.555516543296573,5.1371724187397065,-0.13717241873970654
6.9,0.25,0.4,1.3,0.038,22.0,101.0,0.9901,3.03,0.39,11.4,6,0.21782178002156655,11.513976856906519,10.615368284048794,6.0,0.0
5.8,0.36,0.32,1.7,0.033,22.0,96.0,0.9898,3.03,0.38,11.2,6,0.22916666427951393,11.315405823998963,8.529399221471733,6.269825270796738,-0.2698252707967379
5.6,0.35,0.37,1.0,0.038,6.0,72.0,0.9902,3.37,0.34,11.4,5,0.08333333217592595,11.512814065023163,7.777766975323645,5.813843263427464,-0.8138432634274642
5.9,0.32,0.39,3.3,0.114,24.0,140.0,0.9934,3.09,0.45,9.2,6,0.17142857020408164,9.261114091892397,8.309847450919083,6.0,0.0
7.2,0.31,0.46,5.0,0.04,3.0,29.0,0.9906,3.04,0.53,12.5,4,0.10344827229488716,12.61860224247704,9.350637206964667,4.0,0.0
6.1,0.28,0.22,1.8,0.034,32.0,116.0,0.9898,3.36,0.44,12.6,6,0.275862066587396,12.729831551998835,12.199975600048798,6.195209223909366,-0.1952092239093659
5.2,0.36,0.02,1.6,0.031,24.0,104.0,0.9896,3.44,0.35,12.2,6,0.23076922855029589,12.328200961801775,13.684174515330223,5.995960537810364,0.004039462189635579
5.6,0.19,0.47,4.5,0.03,19.0,112.0,0.9922,3.56,0.45,11.2,6,0.1696428556281888,11.288035387990941,8.484835629036926,6.0,0.0
6.4,0.1,0.35,4.9,0.048,31.0,103.0,0.9947,3.43,0.79,9.7,6,0.3009708708643605,9.751674121168069,14.222190617354187,6.0,0.0
6.4,0.18,0.48,4.0,0.186,64.0,150.0,0.9945,3.06,0.4,9.3,5,0.42666666382222224,9.351423477703893,9.696955004613631,5.0,0.0
7.4,0.25,0.36,13.2,0.067,53.0,178.0,0.9976,3.01,0.48,9.0,6,0.29775280731599546,9.021642921368363,12.131127653889092,6.0,0.0
7.9,0.345,0.51,15.3,0.047,54.0,171.0,0.9987,3.09,0.51,9.1,5,0.31578947183748846,9.111836275321641,9.239755275140029,5.0,0.0
6.1,0.24,0.3,1.5,0.045,22.0,61.0,0.992,3.31,0.54,10.4,5,0.360655731792529,10.483860399334276,11.296275377267818,5.0,0.0
6.8,0.25,0.24,4.55,0.053,41.0,211.0,0.9955,3.37,0.67,9.5,6,0.19431279528761708,9.542933658529725,13.877522698933268,5.509068019254831,0.4909319807451693
6.7,0.31,0.31,9.9,0.04,10.0,175.0,0.9953,3.46,0.55,11.4,4,0.05714285681632653,11.453821507262628,10.806434183170673,4.0,0.0
7.2,0.46,0.65,10.4,0.05,76.0,192.0,0.9976,3.16,0.42,8.7,5,0.3958333312717014,8.720921490656083,6.486480642810232,5.0,0.0
5.5,0.35,0.35,1.1,0.045,14.0,167.0,0.992,3.34,0.68,9.9,6,0.08383233482735129,9.979828649366281,7.8571316326690965,6.0,0.0
6.7,0.24,0.41,8.7,0.036,29.0,148.0,0.9952,3.22,0.62,9.9,6,0.19594594462198686,9.947739200422829,10.30767644972854,6.0,0.0
6.8,0.28,0.17,13.9,0.047,49.0,162.0,0.9983,3.21,0.51,9.0,6,0.3024691339353757,9.015317023623135,15.111077530938818,6.0,0.0
6.4,0.16,0.22,1.4,0.04,41.0,149.0,0.9933,3.49,0.58,10.0,6,0.2751677833881357,10.067441792568417,16.84206094194489,6.0,0.0
6.3,0.26,0.24,7.2,0.039,38.0,172.0,0.9958,3.49,0.64,9.7,6,0.22093023127366146,9.740902047698285,12.599974800050399,6.341644405823368,-0.3416444058233683
7.7,0.22,0.42,1.9,0.052,10.0,87.0,0.9922,3.3,0.49,11.8,6,0.11494252741445371,11.892751569490457,12.031231201201248,6.0,0.0
6.5,0.18,0.31,1.7,0.044,30.0,127.0,0.9928,3.49,0.5,10.2,7,0.23622047058094117,10.273962254268477,13.265279050450918,7.0,0.0
7.0,0.3,0.51,13.6,0.05,40.0,168.0,0.9976,3.07,0.52,9.6,7,0.23809523667800456,9.62308578279292,8.641964639549826,7.0,0.0
9.2,0.25,0.34,1.2,0.026,31.0,93.0,0.9916,2.93,0.37,11.3,7,0.333333329749104,11.395712590043777,15.593193909840826,5.639671283265076,1.3603287167349238
7.8,0.28,0.34,1.6,0.028,32.0,118.0,0.9901,3.0,0.38,12.1,7,0.27118643837977596,12.220975435839373,12.580624869959884,7.0,0.0
8.4,0.35,0.71,12.2,0.046,22.0,160.0,0.9982,2.98,0.65,9.4,5,0.137499999140625,9.416941076997519,7.92452082592375,5.327558262352513,-0.32755826235251284
6.1,0.41,0.24,1.6,0.049,16.0,137.0,0.993,3.32,0.5,10.4,6,0.11678832031541372,10.473302645213852,9.384600946767774,6.0,0.0
5.9,0.21,0.24,12.1,0.044,53.0,165.0,0.9969,3.25,0.39,9.5,5,0.3212121192653811,9.52953201972914,13.111081975373391,5.34911155179647,-0.3491115517964696
7.2,0.34,0.44,4.2,0.047,51.0,144.0,0.991,3.01,0.76,12.3,6,0.35416666420717596,12.411692823720662,9.230757396464876,6.0,0.0
6.7,0.21,0.42,9.1,0.049,31.0,150.0,0.9953,3.12,0.74,9.9,7,0.2066666652888889,9.94673972999123,10.634903754121025,7.0,0.0
5.9,0.37,0.1,1.6,0.057,39.0,128.0,0.9924,3.24,0.48,10.1,5,0.30468749761962893,10.177337588333748,12.553164780500468,5.170163846246441,-0.17016384624644143
7.7,0.34,0.27,8.8,0.063,39.0,184.0,0.9969,3.09,0.63,9.2,6,0.21195652058719283,9.22859942963243,12.622930126344054,6.0,0.0
7.4,0.3,0.22,1.4,0.046,16.0,135.0,0.9928,3.08,0.77,10.4,7,0.11851851764060357,10.475412494548253,14.230741863957954,7.0,0.0
6.8,0.51,0.3,4.2,0.066,38.0,165.0,0.9945,3.2,0.42,9.1,5,0.23030302890725438,9.15031759646295,8.395051364134117,5.250090595831359,-0.2500905958313586
7.8,0.22,0.38,10.3,0.059,28.0,99.0,0.9967,3.12,0.47,10.0,6,0.2828282799714315,10.033099194241803,12.999978333369445,6.0,0.0
7.2,0.35,0.34,12.4,0.051,6.0,37.0,0.9944,3.13,0.39,11.5,6,0.16216215777940116,11.564751041079,10.434767485844224,6.0,0.0
6.0,0.26,0.5,2.2,0.048,59.0,153.0,0.9928,3.08,0.61,9.8,5,0.38562091251228164,9.87106177370893,7.894726454307296,5.0,0.0
6.1,0.26,0.51,2.2,0.05,61.0,154.0,0.9929,3.08,0.6,9.8,6,0.3961038935317929,9.87006760996313,7.922067633678397,6.0,0.0
6.5,0.28,0.27,5.2,0.04,44.0,179.0,0.9948,3.19,0.69,9.4,6,0.24581005449268126,9.449126006105743,11.818160330617578,6.0,0.0
7.4,0.41,0.66,10.8,0.051,77.0,194.0,0.9976,3.05,0.46,8.7,5,0.3969072144489319,8.720921490656083,6.915881387026742,5.0,0.0
6.5,0.28,0.29,2.7,0.038,26.0,107.0,0.9912,3.32,0.41,11.6,7,0.24299065193466682,11.702974472382493,11.40348876580918,5.76832401789505,1.2316759821049503
6.7,0.34,0.54,16.3,0.047,44.0,181.0,0.9987,3.04,0.56,8.8,5,0.24309392130887336,8.811446068442908,7.61362771178669,5.410557328379909,-0.4105573283799089
7.2,0.2,0.34,2.7,0.032,49.0,151.0,0.99,3.16,0.39,12.7,7,0.3245033091092496,12.828269870434474,13.333308642021032,7.0,0.0
7.4,0.2,0.33,1.9,0.035,39.0,138.0,0.991,3.17,0.44,11.7,7,0.2826086936042848,11.806244393295263,13.962237807098477,7.0,0.0
8.2,0.22,0.3,1.8,0.047,47.0,185.0,0.9933,3.13,0.5,10.2,6,0.2540540526807889,10.268790628419783,15.769200443845298,6.0,0.0
8.2,0.23,0.29,1.8,0.047,47.0,187.0,0.9933,3.13,0.5,10.2,6,0.25133689705167434,10.268790628419783,15.769200443845298,6.0,0.0
7.1,0.22,0.33,2.8,0.033,48.0,153.0,0.9899,3.15,0.38,12.7,7,0.31372548814558504,12.829565784861312,12.909067438059202,7.0,0.0
6.0,0.38,0.26,6.0,0.034,42.0,134.0,0.9912,3.38,0.38,12.3,7,0.31343283348184453,12.409188449164196,9.374985351585387,7.0,0.0
5.7,0.18,0.22,4.2,0.042,25.0,111.0,0.994,3.35,0.39,9.4,5,0.22522522319616917,9.456730928842124,14.249964375089062,5.704625735376659,-0.7046257353766592
7.3,0.3,0.22,6.4,0.056,44.0,168.0,0.9947,3.13,0.35,10.1,6,0.261904760345805,10.153805012762628,14.038434541472034,6.0,0.0
7.4,0.24,0.22,10.7,0.042,26.0,81.0,0.9954,2.86,0.36,9.7,6,0.32098765035817717,9.744816410672684,16.086921550170548,6.0,0.0
6.6,0.25,0.3,1.6,0.046,32.0,134.0,0.993,3.42,0.51,10.1,7,0.23880596836711965,10.171188145832682,11.999978181857848,7.0,0.0
7.4,0.26,0.3,7.9,0.049,38.0,157.0,0.9963,3.13,0.48,8.9,6,0.24203821501886488,8.933043327267564,13.214262117389074,5.26219325517503,0.7378067448249697
6.1,0.32,0.25,1.7,0.034,37.0,136.0,0.992,3.47,0.5,10.8,7,0.27205882152897926,10.88708579930867,10.701735610990154,7.0,0.0
6.9,0.28,0.27,2.1,0.036,42.0,121.0,0.9926,3.42,0.49,10.8,7,0.34710743514787246,10.880504855425292,12.545431735578662,7.0,0.0
7.0,0.23,0.33,5.8,0.04,25.0,136.0,0.995,3.19,0.58,9.5,6,0.18382352806012112,9.547729097759701,12.499977678611286,6.0,0.0
7.1,0.31,0.5,14.5,0.059,6.0,148.0,0.9983,2.94,0.44,9.1,5,0.04054054026661797,9.115487212774504,8.765421277257682,5.0,0.0
7.3,0.2,0.37,1.2,0.037,48.0,119.0,0.992,3.32,0.49,10.9,6,0.40336134114822403,10.987892149302269,12.806995075447233,6.621114158735296,-0.6211141587352964
6.9,0.41,0.33,10.1,0.043,28.0,152.0,0.9968,3.2,0.52,9.4,5,0.18421052510387811,9.430167104567511,9.324311723903076,5.0,0.0
6.4,0.45,0.07,1.1,0.03,10.0,131.0,0.9905,2.97,0.28,10.8,5,0.0763358772798788,10.903573040309904,12.30766863909877,5.0,0.0
6.4,0.475,0.06,1.0,0.03,9.0,131.0,0.9904,2.97,0.29,10.8,5,0.06870228955189092,10.904673965393815,11.96259446244026,5.0,0.0
6.3,0.27,0.38,0.9,0.051,7.0,140.0,0.9926,3.45,0.5,10.5,7,0.049999999642857146,10.578268609441254,9.692292781088028,7.0,0.0
7.0,0.29,0.37,4.9,0.034,26.0,127.0,0.9928,3.17,0.44,10.8,6,0.2047244078368157,10.878312975107802,10.606044536296158,5.6026320157953196,0.39736798420468045
5.9,0.27,0.29,11.4,0.036,31.0,115.0,0.9949,3.35,0.48,10.5,8,0.269565215047259,10.553813897061115,10.535695471972371,6.014053933565522,1.9859460664344777
6.9,0.19,0.4,1.4,0.036,14.0,55.0,0.9909,3.08,0.68,11.5,7,0.25454544991735545,11.605599348471744,11.694895432380621,7.0,0.0
6.7,0.3,0.35,1.4,0.18,36.0,160.0,0.9937,3.11,0.54,9.4,6,0.22499999859375,9.459585931784309,10.30767644972854,6.0,0.0
7.2,0.24,0.4,1.4,0.045,31.0,106.0,0.9914,2.88,0.38,10.8,6,0.2924528274296903,10.893674708821154,11.249982421902466,6.0,0.0
6.3,0.26,0.49,1.5,0.052,34.0,134.0,0.9924,2.99,0.61,9.8,6,0.25373134139006465,9.875040432244628,8.399988800014933,6.0,0.0
7.3,0.25,0.29,7.5,0.049,38.0,158.0,0.9965,3.43,0.38,9.6,5,0.2405063275917321,9.633708345500906,13.518493484271323,5.7440460003319105,-0.7440460003319105
6.1,0.28,0.25,17.75,0.044,48.0,161.0,0.9993,3.34,0.48,9.5,5,0.29813664411095253,9.506645144956325,11.509412246391985,5.0,0.0
7.4,0.37,0.35,5.7,0.061,12.0,94.0,0.9965,3.48,0.69,10.7,6,0.12765957311000453,10.737570760089552,10.277763503106247,6.0,0.0
6.5,0.36,0.28,3.2,0.037,29.0,119.0,0.9908,3.25,0.65,12.4,8,0.24369747694371868,12.515126650053846,10.15623413088417,8.0,0.0
7.4,0.24,0.4,4.3,0.032,9.0,95.0,0.992,3.09,0.39,11.1,6,0.09473684110803325,11.189504849289467,11.562481933621978,6.0,0.0
7.5,0.23,0.68,11.0,0.047,37.0,133.0,0.9978,2.99,0.38,8.8,5,0.2781954866301091,8.819393847069707,8.241749184891004,5.137377269717462,-0.13737726971746156
7.5,0.21,0.68,10.9,0.045,38.0,133.0,0.9978,3.0,0.36,8.7,5,0.28571428356605805,8.719173462443914,8.426956823644018,5.0,0.0
7.8,0.32,0.33,2.4,0.037,18.0,101.0,0.9912,3.21,0.65,11.7,7,0.17821782001764536,11.803862183351308,11.999981538489939,7.0,0.0
7.8,0.26,0.27,1.9,0.051,52.0,195.0,0.9928,3.23,0.5,10.9,6,0.2666666652991453,10.979038095247688,14.716953364238934,6.0,0.0
7.7,0.24,0.27,1.8,0.051,52.0,190.0,0.9928,3.23,0.5,10.8,6,0.2736842090858726,10.878312975107802,15.098009611745859,6.0,0.0
7.4,0.19,0.3,1.4,0.057,33.0,135.0,0.993,3.12,0.5,9.6,6,0.24444444263374487,9.667663980197402,15.10200999589797,6.0,0.0
6.5,0.46,0.41,16.8,0.084,59.0,222.0,0.9993,3.18,0.58,9.0,5,0.26576576456862266,9.00629540048494,7.4712557801657695,5.0,0.0
6.5,0.26,0.43,8.9,0.083,50.0,171.0,0.9965,2.85,0.5,9.0,5,0.2923976591087856,9.0316015739071,9.420276202498258,5.0,0.0
5.3,0.32,0.12,6.6,0.043,22.0,141.0,0.9937,3.36,0.6,10.4,6,0.1560283676877421,10.465924860697534,12.045427169483705,6.0,0.0
7.2,0.24,0.34,1.1,0.045,3.0,64.0,0.9913,3.23,0.51,11.4,5,0.04687499926757814,11.500038837850461,12.413771700393617,5.0,0.0
6.0,0.36,0.06,1.4,0.066,27.0,128.0,0.9934,3.26,0.55,9.3,5,0.2109374983520508,9.361778375499926,14.285680272189829,5.0,0.0
6.2,0.24,0.29,13.3,0.039,49.0,130.0,0.9952,3.33,0.46,11.0,8,0.37692307402366865,11.053043556025365,11.698091135677101,8.0,0.0
7.6,0.56,0.12,10.4,0.096,22.0,177.0,0.9983,3.32,0.45,9.1,4,0.12429378460850969,9.115487212774504,11.176454152273303,4.0,0.0
7.0,0.32,0.24,6.2,0.048,31.0,228.0,0.9957,3.23,0.62,9.4,6,0.13596491168436442,9.44058507523845,12.499977678611286,6.0,0.0
5.8,0.31,0.33,1.2,0.036,23.0,99.0,0.9916,3.18,0.6,10.5,6,0.23232322997653304,10.588936477474306,9.062485839865875,6.0,0.0
7.0,0.23,0.42,18.05,0.05,35.0,144.0,0.9999,3.22,0.42,8.8,5,0.24305555386766978,8.80087128625734,10.76921420120892,5.0,0.0
6.9,0.24,0.33,4.8,0.04,16.0,131.0,0.9936,3.26,0.64,10.7,6,0.12213740364780608,10.768910256732832,12.105241920628208,6.028003734098871,-0.02800373409887058
6.0,0.29,0.2,12.6,0.045,45.0,187.0,0.9972,3.33,0.42,9.5,5,0.24064170994309247,9.526665135714866,12.244872969647002,5.0,0.0
6.1,0.17,0.28,4.5,0.033,46.0,150.0,0.9933,3.43,0.49,10.9,6,0.30666666462222225,10.973511553899574,13.555525432165703,6.0,0.0
5.9,0.14,0.25,4.5,0.027,34.0,140.0,0.9934,3.49,0.51,10.8,6,0.242857141122449,10.871742629612816,15.128166338035031,6.0,0.0
6.2,0.17,0.28,4.7,0.037,39.0,133.0,0.9931,3.41,0.46,10.8,7,0.2932330805020069,10.875026809961929,13.777747160561864,7.0,0.0
7.4,0.28,0.25,11.9,0.053,25.0,148.0,0.9976,3.1,0.62,9.2,5,0.1689189177775749,9.222123875176548,13.962237807098477,5.0,0.0
5.6,0.35,0.14,5.0,0.046,48.0,198.0,0.9937,3.3,0.71,10.3,5,0.24242424119987757,10.365290967806212,11.428548105003868,5.0,0.0
5.8,0.335,0.14,5.8,0.046,49.0,197.0,0.9937,3.3,0.71,10.3,5,0.24873096320441135,10.365290967806212,12.210500609472401,5.409103747374375,-0.4091037473743748
5.6,0.235,0.29,1.2,0.047,33.0,127.0,0.991,3.34,0.5,11.0,7,0.2598425176390353,11.0998878911323,10.666646349245049,7.0,0.0
6.1,0.28,0.25,12.9,0.054,34.0,189.0,0.9979,3.25,0.43,9.0,4,0.17989417894235885,9.018930735614054,11.509412246391985,4.0,0.0
6.3,0.21,0.33,13.9,0.046,68.0,179.0,0.9971,3.36,0.5,10.4,6,0.3798882660341438,10.430237257810392,11.666645061768403,6.0,0.0
6.4,0.24,0.28,11.5,0.05,34.0,163.0,0.9969,3.31,0.45,9.5,5,0.20858895577552788,9.52953201972914,12.30766863909877,5.235477728511786,-0.2354777285117864
6.4,0.24,0.29,11.4,0.051,32.0,166.0,0.9968,3.31,0.45,9.5,5,0.19277108317607783,9.530488031211846,12.075448914247332,5.0,0.0
6.3,0.26,0.25,7.8,0.058,44.0,166.0,0.9961,3.24,0.41,9.0,5,0.265060239367107,9.035228355357539,12.352916955064792,5.0,0.0
6.5,0.33,0.72,1.1,0.061,7.0,151.0,0.993,3.09,0.57,9.5,4,0.04635761558703566,9.566959147070346,6.190470294790195,4.0,0.0
7.4,0.105,0.34,12.2,0.05,57.0,146.0,0.9973,3.16,0.37,9.0,6,0.39041095623006195,9.024356738838124,16.62917611421098,6.0,0.0
6.0,0.32,0.12,5.9,0.041,34.0,190.0,0.9944,3.16,0.72,10.0,5,0.17894736747922438,10.056305253112175,13.636332644698536,5.0,0.0
7.1,0.26,0.34,14.4,0.067,35.0,189.0,0.9986,3.07,0.53,9.1,7,0.1851851842053694,9.112748735480936,11.833313611143979,6.0224952228000665,0.9775047771999335
5.9,0.24,0.26,12.3,0.053,34.0,134.0,0.9972,3.34,0.45,9.5,6,0.25373134139006465,9.526665135714866,11.7999764000472,6.0,0.0
6.5,0.21,0.37,2.5,0.048,70.0,138.0,0.9917,3.33,0.75,11.4,7,0.5072463731358958,11.495400327316398,11.206877229522018,7.0,0.0
7.7,0.27,0.35,5.3,0.03,30.0,117.0,0.992,3.11,0.42,12.2,6,0.25641025421871577,12.298374699219051,12.419334807524503,6.0,0.0
9.0,0.27,0.35,4.9,0.028,27.0,95.0,0.9932,3.04,0.4,11.3,6,0.28421052332409974,11.377354634157639,14.516105619184485,6.0,0.0
7.3,0.34,0.21,3.2,0.05,14.0,136.0,0.9936,3.25,0.44,10.2,5,0.10294117571366783,10.265690151278026,13.272703140539742,4.913733891244796,0.08626610875520413
6.6,0.27,0.25,3.1,0.052,41.0,188.0,0.9915,3.24,0.4,11.3,5,0.21808510522295158,11.396861929539153,12.692283284070605,5.0,0.0
6.8,0.29,0.16,1.4,0.038,122.5,234.5,0.9922,3.15,0.47,10.0,4,0.5223880574738249,10.078603024991912,15.111077530938822,5.276374425256404,-1.276374425256404
7.1,0.28,0.26,1.9,0.049,12.0,86.0,0.9934,3.15,0.38,9.4,5,0.1395348820984316,9.46244265910745,13.148123799770739,5.0,0.0
6.8,0.25,0.34,14.0,0.032,47.0,133.0,0.9952,3.37,0.5,12.2,7,0.3533834559895981,12.258830125773587,11.525404194230177,7.0,0.0
7.0,0.57,0.1,8.3,0.094,23.0,188.0,0.9972,3.4,0.47,9.2,4,0.12234042488116796,9.225823078797553,10.447745600379701,4.556887671773375,-0.5568876717733753
7.1,0.17,0.38,7.4,0.052,49.0,182.0,0.9958,3.35,0.52,9.6,6,0.2692307677514793,9.640480377103456,12.909067438059202,6.142188178116662,-0.14218817811666185
7.8,0.28,0.22,1.4,0.056,24.0,130.0,0.9944,3.28,0.48,9.5,5,0.1846153831952663,9.553489990456567,15.599968800062399,5.0,0.0
6.8,0.22,0.37,1.7,0.036,38.0,195.0,0.9908,3.35,0.72,12.5,6,0.19487179387245235,12.616055090780085,11.525404194230179,6.636902695396259,-0.6369026953962589
6.1,0.14,0.25,1.3,0.047,37.0,173.0,0.9925,3.35,0.46,10.0,6,0.21387283113368305,10.075556598935416,15.640985535934522,6.0,0.0
6.4,0.24,0.5,11.6,0.047,60.0,211.0,0.9966,3.18,0.57,9.3,5,0.2843601882257811,9.331718511219636,8.648636961301404,5.0,0.0
7.8,0.42,0.26,9.2,0.058,34.0,199.0,0.9972,3.14,0.55,9.3,6,0.17085427049821975,9.32610376443666,11.470571366806814,6.0,0.0
6.6,0.28,0.36,1.7,0.038,22.0,101.0,0.9912,3.29,0.57,11.6,6,0.21782178002156655,11.702974472382493,10.312483886743927,6.203362020110154,-0.2033620201101538
7.1,0.32,0.34,14.5,0.039,46.0,150.0,0.995,3.38,0.5,12.5,8,0.30666666462222225,12.562801444420659,10.757559458243243,8.0,0.0
6.7,0.31,0.3,2.1,0.038,18.0,130.0,0.9928,3.36,0.63,10.6,6,0.1384615373964497,10.676862734828026,10.983588551494178,6.0,0.0
6.4,0.32,0.5,10.7,0.047,57.0,206.0,0.9968,3.08,0.6,9.4,5,0.2766990277830144,9.430167104567511,7.804868530648133,5.459034222661034,-0.45903422266103444
6.1,0.28,0.25,6.9,0.056,44.0,201.0,0.9955,3.19,0.4,9.1,6,0.218905471547734,9.141125925538999,11.509412246391985,6.0,0.0
5.9,0.29,0.25,12.0,0.057,48.0,224.0,0.9981,3.23,0.41,9.0,6,0.21428571332908164,9.017123517559845,10.925905692767236,6.0,0.0
5.8,0.32,0.38,4.75,0.033,23.0,94.0,0.991,3.42,0.42,11.8,7,0.24468084846084204,11.907152465032832,8.285702448996501,6.531785663497281,0.4682143365027187
5.7,0.32,0.38,4.75,0.033,23.0,94.0,0.991,3.42,0.42,11.8,7,0.24468084846084204,11.907152465032832,8.1428455102207,6.452521605777385,0.5474783942226153
6.7,0.28,0.14,1.4,0.043,64.0,159.0,0.992,3.17,0.39,10.0,5,0.40251572073889486,10.08063499935988,15.952342970611975,5.0,0.0
6.8,0.34,0.69,1.3,0.058,12.0,171.0,0.9931,3.06,0.47,9.7,5,0.07017543818610855,9.767385190428767,6.601935337926856,5.0,0.0
5.9,0.25,0.25,11.3,0.052,30.0,165.0,0.997,3.24,0.44,9.5,6,0.18181818071625344,9.52857620002387,11.7999764000472,6.0,0.0
6.4,0.27,0.32,4.5,0.24,61.0,174.0,0.9948,3.12,0.48,9.4,5,0.35057471062888096,9.449126006105743,10.847439241628402,5.0,0.0
8.1,0.46,0.31,1.7,0.052,50.0,183.0,0.9923,3.03,0.42,11.2,5,0.27322404222281943,11.286897826365186,10.519466857835248,5.969915544885691,-0.9699155448856907
6.2,0.36,0.26,13.2,0.051,54.0,201.0,0.9976,3.25,0.46,9.0,5,0.2686567150813099,9.021642921368363,9.999983870993756,5.0,0.0
6.8,0.22,0.35,5.5,0.043,21.0,114.0,0.9938,3.3,0.53,10.7,7,0.18421052469990767,10.766743040105613,11.929803631923454,7.0,0.0
6.8,0.67,0.3,13.0,0.29,22.0,193.0,0.9984,3.08,0.67,9.0,4,0.1139896367150796,9.014414048062852,7.010302051234999,4.0,0.0
7.2,0.28,0.3,10.7,0.044,61.0,222.0,0.9972,3.14,0.5,9.1,6,0.2747747735370506,9.125542393158451,12.413771700393617,6.0,0.0
6.7,0.17,0.37,2.0,0.039,34.0,125.0,0.9922,3.26,0.6,10.8,7,0.27199999782400003,10.884891266991266,12.407384430769572,7.0,0.0
6.9,0.2,0.34,1.9,0.043,25.0,136.0,0.9935,3.31,0.6,10.1,4,0.18382352806012112,10.166069284278525,12.777754115270156,4.0,0.0
6.1,0.36,0.16,6.4,0.037,36.0,198.0,0.9944,3.17,0.62,9.9,6,0.18181818089990817,9.955742200581055,11.730746671641015,6.0,0.0
6.0,0.36,0.16,6.3,0.036,36.0,191.0,0.9942,3.17,0.62,9.8,5,0.18848167440585512,9.857161680585717,11.538439349155096,5.0,0.0
5.9,0.37,0.14,6.3,0.036,34.0,185.0,0.9944,3.17,0.63,9.8,5,0.18378378279035792,9.855179148049933,11.568604767441633,5.0,0.0
7.6,0.29,0.58,17.5,0.041,51.0,225.0,0.9997,3.16,0.66,9.5,6,0.22666666565925928,9.50284134956352,8.735622142963054,6.0,0.0
6.3,0.34,0.28,14.7,0.047,49.0,198.0,0.9977,3.23,0.46,9.5,5,0.24747474622487503,9.521890827011298,10.161273933429138,5.0,0.0
6.7,0.19,0.34,1.0,0.022,22.0,94.0,0.9912,3.23,0.57,11.1,6,0.234042550701675,11.19853591753842,12.641485582102675,6.0,0.0
7.5,0.31,0.51,14.8,0.039,62.0,204.0,0.9982,3.06,0.6,9.5,5,0.3039215671376394,9.517121301220897,9.14633030935328,5.0,0.0
7.4,0.31,0.48,14.2,0.042,62.0,204.0,0.9983,3.06,0.59,9.4,5,0.3039215671376394,9.41599778022861,9.367076750535759,5.0,0.0
8.4,0.4,0.7,13.1,0.042,29.0,197.0,0.998,3.06,0.64,9.7,5,0.14720812108016182,9.719429138848557,7.636356694221187,5.0,0.0
5.9,0.34,0.22,2.4,0.03,19.0,135.0,0.9894,3.41,0.78,13.9,7,0.14074073969821674,14.04890433706859,10.535695471972371,7.0,0.0
6.6,0.38,0.18,1.2,0.042,20.0,84.0,0.9927,3.22,0.45,10.1,4,0.238095235260771,10.17426193788462,11.785693239833497,4.0,0.0
6.4,0.33,0.28,1.1,0.038,30.0,110.0,0.9917,3.12,0.42,10.5,6,0.2727272702479339,10.587868722528262,10.491786079039214,6.0,0.0
5.6,0.25,0.26,3.6,0.037,18.0,115.0,0.9904,3.42,0.5,12.6,6,0.1565217377693762,12.722119626292784,10.98037062672426,6.0,0.0
8.6,0.27,0.46,6.1,0.032,13.0,41.0,0.993,2.89,0.34,10.9,5,0.31707316299821553,10.976826810849133,11.78080577971811,5.0,0.0
6.2,0.31,0.21,6.3,0.041,50.0,218.0,0.9941,3.15,0.6,10.0,5,0.22935779711303764,10.05934004693688,11.923053994126933,5.20159830118324,-0.20159830118323985
7.2,0.18,0.45,4.4,0.046,57.0,166.0,0.9943,3.13,0.62,11.2,6,0.3433734919073886,11.26419464528347,11.428553288010654,6.0,0.0
7.7,0.2,0.44,13.9,0.05,44.0,130.0,0.99855,3.11,0.48,10.0,6,0.3384615358579882,10.014511026477365,12.031231201201248,6.0,0.0
6.2,0.47,0.21,1.0,0.044,13.0,98.0,0.99345,3.14,0.46,9.2,5,0.13265305987088716,9.260647983644889,9.11763365053875,5.0,0.0
6.1,0.25,0.24,12.1,0.046,51.0,172.0,0.998,3.35,0.45,9.5,5,0.2965116261830719,9.519028538047557,12.448954185807784,5.368320719248094,-0.36832071924809373
8.2,0.27,0.43,1.6,0.035,31.0,128.0,0.9916,3.1,0.5,12.3,6,0.24218749810791018,12.404182730755617,11.714268979615742,6.091000367230201,-0.0910003672302011
6.4,0.31,0.39,7.5,0.04,57.0,213.0,0.99475,3.32,0.43,10.0,5,0.2676056325464524,10.052766973845715,9.142844081651313,5.0,0.0
6.0,0.39,0.26,2.7,0.038,39.0,187.0,0.99325,3.41,0.5,10.8,6,0.2085561486173468,10.87338447180018,9.230755029607646,6.0,0.0
6.2,0.21,0.27,1.7,0.038,41.0,150.0,0.9933,3.49,0.71,10.5,7,0.2733333315111111,10.570813882196838,12.916639757000508,6.202103269300742,0.7978967306992581
7.7,0.42,0.31,9.2,0.048,22.0,221.0,0.9969,3.06,0.61,9.2,6,0.09954751086177598,9.22859942963243,10.547930756259237,6.0,0.0
7.0,0.27,0.41,18.75,0.042,34.0,157.0,1.0002,2.96,0.5,9.1,5,0.21656050817477385,9.098171267575218,10.294102508672783,5.0,0.0
7.4,0.29,0.5,1.8,0.042,35.0,127.0,0.9937,3.45,0.5,10.2,7,0.27559054901109803,10.264657074914888,9.367076750535759,6.400547492844577,0.5994525071554229
6.6,0.29,0.44,9.0,0.053,62.0,178.0,0.99685,3.02,0.45,8.9,5,0.3483146047847494,8.928114632979252,9.04108350536506,5.0,0.0
6.0,0.3,0.44,1.5,0.046,15.0,182.0,0.99455,3.5,0.52,10.4,5,0.08241758196473856,10.456980084480334,8.108097151220067,5.0,0.0
6.9,0.31,0.34,1.6,0.032,23.0,128.0,0.9917,3.37,0.47,11.7,6,0.17968749859619143,11.797910862245777,10.615368284048794,6.0,0.0
6.6,0.33,0.31,1.3,0.02,29.0,89.0,0.99035,3.26,0.44,12.4,8,0.3258426929680596,12.520813327799942,10.312483886743927,8.0,0.0
7.8,0.3,0.4,1.8,0.028,23.0,122.0,0.9914,3.14,0.39,10.9,7,0.18852458861865093,10.994542067236164,11.142841224512537,7.0,0.0
6.4,0.39,0.21,1.2,0.041,35.0,136.0,0.99225,3.15,0.46,10.2,5,0.2573529392841696,10.279657062577916,10.66664888891852,5.0,0.0
6.4,0.24,0.31,2.8,0.038,41.0,114.0,0.99155,3.37,0.66,11.7,7,0.3596491196522007,11.799695628364047,11.636342479377308,7.0,0.0
7.0,0.21,0.34,8.0,0.057,19.0,101.0,0.9954,2.99,0.59,9.4,5,0.18811881001862565,9.443430336115798,12.727249586818932,5.0,0.0
6.4,0.16,0.31,5.3,0.043,42.0,157.0,0.99455,3.35,0.47,10.5,5,0.2675159218629559,10.557527969908028,13.616992304271696,5.0,0.0
6.0,0.33,0.27,0.8,0.185,12.0,188.0,0.9924,3.12,0.62,9.4,5,0.06382978689452241,9.471977557459132,9.99998333336111,5.0,0.0
6.5,0.23,0.33,13.8,0.042,25.0,139.0,0.99695,3.35,0.56,10.4,6,0.1798561138139848,10.431806578257106,11.607122130139052,6.0,0.0
6.2,0.25,0.48,10.0,0.044,78.0,240.0,0.99655,3.25,0.47,9.5,6,0.32499999864583334,9.532878899323768,8.49313905049445,6.0,0.0
8.8,0.28,0.45,6.0,0.022,14.0,49.0,0.9934,3.01,0.33,11.1,7,0.28571427988338205,11.173735480435393,12.054778007153416,7.0,0.0
6.6,0.25,0.3,14.4,0.052,40.0,183.0,0.998,3.02,0.5,9.1,6,0.21857923377825555,9.118227336445553,11.999978181857848,6.0,0.0
6.9,0.38,0.25,9.8,0.04,28.0,191.0,0.9971,3.28,0.61,9.2,5,0.14659685787122065,9.226748343447653,10.952363567676876,5.0,0.0
6.4,0.25,0.3,5.5,0.038,15.0,129.0,0.9948,3.14,0.49,9.6,6,0.11627906886605373,9.650171240278205,11.636342479377308,5.658255361954268,0.3417446380457321
7.1,0.21,0.31,3.8,0.021,40.0,142.0,0.99215,3.17,0.39,10.8,7,0.28169013886133704,10.885439817124611,13.653819896500197,7.0,0.0
6.9,0.39,0.4,4.6,0.022,5.0,19.0,0.9915,3.31,0.37,12.6,3,0.26315788088642733,12.70800533736224,8.734166159283342,3.0,0.0
5.8,0.2,0.3,1.5,0.031,21.0,57.0,0.99115,3.44,0.55,11.0,6,0.3684210461680518,11.098208042972262,11.599976800046399,6.0,0.0
7.0,0.2,0.37,2.0,0.03,26.0,136.0,0.9932,3.28,0.61,10.2,6,0.19117646918252595,10.269824537027247,12.280680209332964,6.0,0.0
5.9,0.26,0.25,12.5,0.034,38.0,152.0,0.9977,3.33,0.43,9.4,5,0.24999999835526318,9.421660397253286,11.568604767441633,5.0,0.0
7.4,0.38,0.27,7.5,0.041,24.0,160.0,0.99535,3.17,0.43,10.0,5,0.1499999990625,10.046707141500837,11.384597869849431,5.0,0.0
7.4,0.2,1.66,2.1,0.022,34.0,113.0,0.99165,3.26,0.55,12.2,6,0.3008849530895137,12.302715370629384,3.9784924846814604,6.0,0.0
7.0,0.21,0.34,8.5,0.033,31.0,253.0,0.9953,3.22,0.56,10.5,6,0.12252964378446782,10.549572440899789,12.727249586818932,6.0,0.0
7.2,0.29,0.4,7.6,0.024,56.0,177.0,0.9928,3.04,0.32,11.5,6,0.3163841790034792,11.58338881608701,10.434767485844224,6.0,0.0
6.9,0.18,0.38,8.1,0.049,44.0,176.0,0.9958,3.3,0.54,9.8,6,0.24999999857954547,9.841323718293113,12.32140656891684,6.0,0.0
7.3,0.3,0.42,7.35,0.025,51.0,175.0,0.9928,3.04,0.32,11.4,6,0.2914285697632653,11.482663695947123,10.138874807118324,6.0,0.0
6.9,0.2,0.5,10.0,0.036,78.0,167.0,0.9964,3.15,0.55,10.2,6,0.46706586546667145,10.236842395782421,9.857128775530322,6.0,0.0
6.7,0.2,0.42,14.0,0.038,83.0,160.0,0.9987,3.16,0.5,9.4,6,0.5187499967578125,9.412226482200378,10.806434183170673,6.0,0.0
5.9,0.35,0.47,2.2,0.11,14.0,138.0,0.9932,3.09,0.5,9.1,5,0.10144927462717918,9.162294439896858,7.195113176691248,5.0,0.0
7.1,0.28,0.44,1.8,0.032,32.0,107.0,0.9907,3.25,0.48,12.2,7,0.29906541776574375,12.31451265316175,9.861097415142478,7.0,0.0
5.8,0.25,0.28,11.1,0.056,45.0,175.0,0.99755,3.42,0.43,9.5,5,0.2571428556734694,9.523322617089251,10.943375578536642,5.0,0.0
6.8,0.22,0.37,15.2,0.051,68.0,178.0,0.99935,3.4,0.85,9.3,6,0.38202246976391874,9.306039619713195,11.525404194230179,6.0,0.0
7.1,0.14,0.4,1.2,0.051,55.0,136.0,0.9932,3.3,0.96,9.8,7,0.40441176173226645,9.867086319888925,13.148123799770739,7.0,0.0
7.1,0.13,0.4,1.2,0.047,54.0,134.0,0.9932,3.3,0.97,9.8,7,0.4029850716195144,9.867086319888925,13.396201139243132,7.0,0.0
7.0,0.2,0.38,8.1,0.05,42.0,173.0,0.99585,3.3,0.54,9.8,6,0.24277456507066725,9.840829602018776,12.068944708716018,6.0,0.0
6.8,0.24,0.49,19.3,0.057,55.0,247.0,1.00055,3.0,0.56,8.7,5,0.2226720638758216,8.69520893987413,9.315055732800365,5.390719609554565,-0.39071960955456486
5.0,0.44,0.04,18.6,0.039,38.0,128.0,0.9985,3.37,0.57,10.2,6,0.2968749976806641,10.215312753817972,10.41664496532299,6.0,0.0
6.3,0.3,0.28,5.0,0.042,36.0,168.0,0.99505,3.22,0.69,9.5,6,0.2142857130102041,9.547249336968658,10.862050237844416,6.0,0.0
7.2,0.27,0.42,1.6,0.05,35.0,135.0,0.992,2.94,0.46,11.0,6,0.2592592573388203,11.088698499295868,10.434767485844224,6.0,0.0
6.7,0.5,0.63,13.4,0.078,81.0,238.0,0.9988,3.08,0.44,9.2,5,0.3403361330237978,9.211044041806124,5.929198292744875,5.0,0.0
6.8,0.2,0.36,1.6,0.028,7.0,46.0,0.99175,3.21,0.6,10.9,6,0.1521739097353498,10.990661970595442,12.142835459222391,6.0,0.0
6.7,0.11,0.34,8.8,0.043,41.0,113.0,0.9962,3.42,0.4,9.3,7,0.3628318551961783,9.335465433180653,14.888855802542661,7.0,0.0
6.8,0.12,0.31,5.2,0.045,29.0,120.0,0.9942,3.41,0.46,9.8,7,0.2416666646527778,9.857161680585717,15.813916711821602,7.0,0.0
6.6,0.16,0.57,1.1,0.13,58.0,140.0,0.9927,3.12,0.39,9.3,7,0.41428571132653064,9.36837980419079,9.04108350536506,7.0,0.0
6.6,0.21,0.6,1.1,0.135,61.0,144.0,0.9927,3.12,0.39,9.3,7,0.4236111081693673,9.36837980419079,8.148138088718408,7.0,0.0
6.1,0.27,0.3,16.7,0.039,49.0,172.0,0.99985,3.4,0.45,9.4,5,0.28488371927393186,9.4014008087205,10.701735610990154,5.0,0.0
9.1,0.27,0.45,10.6,0.035,28.0,124.0,0.997,3.2,0.46,10.4,9,0.22580644979188347,10.431283418973502,12.638871334900923,9.0,0.0
6.4,0.225,0.48,2.2,0.115,29.0,104.0,0.9918,3.24,0.58,12.1,6,0.2788461511649409,12.200028029816464,9.078001307799564,6.0,0.0
8.3,0.14,0.45,1.5,0.039,18.0,98.0,0.99215,3.02,0.56,11.0,6,0.18367346751353605,11.087022035960253,14.067772766486835,5.627249379649757,0.3727506203502431
7.2,0.23,0.19,13.7,0.052,47.0,197.0,0.99865,3.12,0.53,9.0,5,0.2385786789919864,9.012157400333049,17.142816326627795,5.0,0.0
6.9,0.22,0.37,15.0,0.053,59.0,178.0,0.9992,3.37,0.82,9.5,7,0.3314606722951648,9.507596569659158,11.694895432380624,5.84348218769579,1.1565178123042097
8.1,0.17,0.44,14.1,0.053,43.0,145.0,1.0006,3.28,0.75,8.8,8,0.2965517220927468,8.794714376659629,13.278666756284006,8.0,0.0
6.0,0.395,0.0,1.4,0.042,7.0,55.0,0.99135,3.37,0.38,11.2,4,0.12727272495867772,11.297713927761206,15.189834962443133,4.0,0.0
7.8,0.29,0.22,9.5,0.056,44.0,213.0,0.99715,3.08,0.61,9.3,6,0.20657276898322643,9.326571401924083,15.294087658651648,6.0,0.0
7.6,0.3,0.27,10.6,0.039,31.0,119.0,0.99815,3.27,0.3,9.3,6,0.26050419949156134,9.317227553746878,13.333309941561502,6.0,0.0
7.7,0.34,0.28,11.0,0.04,31.0,117.0,0.99815,3.27,0.29,9.2,6,0.264957262692673,9.21704231123347,12.419334807524502,6.0,0.0
5.8,0.34,0.16,7.0,0.037,26.0,116.0,0.9949,3.46,0.45,10.0,7,0.22413792910225924,10.051251330534395,11.599976800046399,7.0,0.0
5.9,0.24,0.3,2.0,0.033,28.0,92.0,0.99225,3.39,0.69,10.9,7,0.30434782277882805,10.985123723735224,10.925905692767236,7.0,0.0
6.4,0.46,0.08,4.9,0.046,34.0,144.0,0.99445,3.1,0.56,10.0,5,0.23611110947145064,10.05579963215885,11.851829904018695,5.0,0.0
7.4,0.32,0.27,1.4,0.049,38.0,173.0,0.99335,3.03,0.52,9.3,5,0.2196531779210799,9.362249597574273,12.54235162313284,5.0,0.0
7.2,0.31,0.26,7.3,0.05,37.0,157.0,0.99625,3.09,0.43,9.0,5,0.2356687883078421,9.033867971023367,12.631556786742477,5.0,0.0
7.8,0.42,0.23,8.8,0.054,42.0,215.0,0.9971,3.02,0.58,9.2,6,0.1953488363007031,9.226748343447653,11.999981538489939,6.0,0.0
6.9,0.24,0.33,12.5,0.046,47.0,153.0,0.9983,3.28,0.77,9.6,6,0.30718954047588537,9.616338158531345,12.105241920628208,6.0,0.0
5.4,0.18,0.24,4.8,0.041,30.0,113.0,0.99445,3.42,0.4,9.4,6,0.2654867233142768,9.45245165422932,12.857112244970848,5.729647907066435,0.27035209293356477
6.0,0.18,0.31,1.4,0.036,14.0,75.0,0.99085,3.34,0.58,11.1,8,0.18666666417777783,11.202491595608219,12.244872969647002,8.0,0.0
7.8,0.27,0.58,11.2,0.036,44.0,161.0,0.9977,3.06,0.41,8.9,6,0.27329192376837314,8.920508248463216,9.176459792400244,6.0,0.0
6.0,0.28,0.49,6.8,0.048,61.0,222.0,0.9953,3.19,0.47,9.3,5,0.2747747735370506,9.34390701908267,7.792197672470555,5.0,0.0
6.8,0.39,0.35,11.6,0.044,57.0,220.0,0.99775,3.07,0.53,9.3,5,0.25909090791322315,9.320962845439393,9.18917677138274,5.0,0.0
6.6,0.21,0.31,11.4,0.039,46.0,165.0,0.99795,3.41,0.44,9.8,7,0.2787878770982553,9.820121428807628,12.692283284070605,7.0,0.0
7.3,0.32,0.34,6.6,0.032,24.0,112.0,0.99505,3.22,0.46,9.8,6,0.214285712372449,9.848741421293985,11.06058930213742,5.635140601779155,0.3648593982208448
6.4,0.31,0.26,13.2,0.046,57.0,205.0,0.9975,3.17,0.41,9.6,5,0.27804877913146936,9.624050502205009,11.228050477104425,5.0,0.0
6.2,0.29,0.26,13.1,0.046,55.0,204.0,0.99745,3.16,0.41,9.6,6,0.26960784181564784,9.624532934449913,11.272706776896769,6.0,0.0
6.0,0.39,0.17,12.0,0.046,65.0,246.0,0.9976,3.15,0.38,9.0,6,0.26422764120232667,9.021642921368363,10.714266581666816,6.0,0.0
6.2,0.3,0.26,13.4,0.046,57.0,206.0,0.99775,3.17,0.43,9.5,6,0.2766990277830144,9.52141365931981,11.07140880105571,5.589262554832258,0.4107374451677419
6.0,0.41,0.05,1.5,0.063,17.0,120.0,0.9932,3.21,0.56,9.2,6,0.14166666548611112,9.26297899418144,13.043449905543685,6.0,0.0
6.4,0.35,0.28,1.1,0.055,9.0,160.0,0.99405,3.42,0.5,9.1,7,0.0562499996484375,9.154459881837049,10.158714033787248,5.349217668697631,1.650782331302369
6.5,0.26,0.32,16.5,0.045,44.0,166.0,1.0,3.38,0.46,9.5,6,0.265060239367107,9.4999905000095,11.206877229522016,6.0,0.0
7.9,0.35,0.24,15.6,0.072,44.0,229.0,0.99785,3.03,0.59,10.5,6,0.19213973715222823,10.52261309554232,13.389807813885062,6.0,0.0
6.2,0.3,0.17,2.8,0.04,24.0,125.0,0.9939,3.01,0.46,9.0,5,0.191999998464,9.055227834562999,13.191461294763204,5.0,0.0
8.4,0.18,0.42,5.1,0.036,7.0,77.0,0.9939,3.16,0.52,11.7,5,0.09090908972845338,11.7717961849319,13.999976666705557,5.0,0.0
6.6,0.56,0.22,8.9,0.034,27.0,133.0,0.99675,3.2,0.51,9.1,5,0.20300751727062016,9.12966227272408,8.461527613426135,5.0,0.0
6.6,0.36,0.29,1.6,0.021,24.0,85.0,0.98965,3.41,0.61,12.4,9,0.2823529378546713,12.529669550174757,10.153830532568412,9.0,0.0
7.3,0.655,0.2,10.2,0.071,28.0,212.0,0.9971,2.96,0.58,9.2,6,0.1320754710751157,9.226748343447653,8.53800170993952,6.0,0.0
6.8,0.18,0.21,5.4,0.053,34.0,104.0,0.99445,3.3,0.43,9.4,5,0.32692307377958585,9.45245165422932,17.43585272858275,5.0,0.0
6.7,0.19,0.23,6.2,0.047,36.0,117.0,0.9945,3.34,0.43,9.6,6,0.3076923050624589,9.653082299565309,15.952342970611975,6.0,0.0
7.0,0.21,0.37,7.2,0.042,36.0,167.0,0.9958,3.26,0.56,9.8,6,0.2155688609846176,9.841323718293113,12.06894470871602,6.0,0.0
6.8,0.25,0.38,8.1,0.046,24.0,155.0,0.9956,3.33,0.59,10.2,6,0.15483870867845995,10.245068054371178,10.79363366089895,6.128883443727245,-0.12888344372724525
7.4,0.24,0.36,2.0,0.031,27.0,139.0,0.99055,3.28,0.48,12.5,9,0.1942446029191036,12.619239191116863,12.333312777812038,9.0,0.0
7.1,0.16,0.36,10.7,0.044,20.0,90.0,0.9959,3.16,0.44,10.9,7,0.22222221975308645,10.944862993409988,13.653819896500197,7.0,0.0
7.1,0.16,0.36,1.2,0.043,21.0,90.0,0.9925,3.16,0.42,11.0,7,0.23333333074074078,11.083112258828958,13.653819896500197,7.0,0.0
7.3,0.205,0.31,1.7,0.06,34.0,110.0,0.9963,3.72,0.69,10.5,6,0.3090909062809918,10.538983700708922,14.174729757806293,6.0,0.0
7.4,0.17,0.4,5.5,0.037,34.0,161.0,0.9935,3.05,0.62,11.5,4,0.2111801229119247,11.57522740289139,12.98243336415199,4.0,0.0
7.3,0.3,0.34,2.7,0.044,34.0,108.0,0.99105,3.36,0.53,12.8,8,0.3148148118998629,12.91558153919425,11.406232177762222,8.0,0.0
6.9,0.25,0.34,1.3,0.035,27.0,82.0,0.99045,3.18,0.44,12.2,6,0.3292682886674599,12.317620962571594,11.694895432380621,6.0,0.0
7.5,0.42,0.34,4.3,0.04,34.0,108.0,0.99155,3.14,0.45,12.8,8,0.3148148118998629,12.909068721629044,9.86840806788412,8.0,0.0
7.3,0.25,0.36,2.1,0.034,30.0,177.0,0.99085,3.25,0.4,11.9,8,0.16949152446614957,12.009878377273676,11.967193496404104,8.0,0.0
7.5,0.34,0.35,6.0,0.034,12.0,126.0,0.9924,3.16,0.39,12.0,7,0.09523809448223734,12.091886243564849,10.869549464421066,7.0,0.0
7.6,0.33,0.35,6.3,0.036,12.0,126.0,0.9924,3.16,0.39,12.0,7,0.09523809448223734,12.091886243564849,11.176454152273305,7.0,0.0
8.7,0.23,0.32,13.4,0.044,35.0,169.0,0.99975,3.12,0.47,8.8,7,0.20710059049052906,8.802191745744691,15.818153057903528,5.8252775964169,1.1747224035831003
6.9,0.19,0.35,1.7,0.036,33.0,101.0,0.99315,3.21,0.54,10.8,7,0.3267326700323498,10.874479308785876,12.777754115270156,7.0,0.0
7.3,0.21,0.29,1.6,0.034,29.0,118.0,0.9917,3.3,0.5,11.0,8,0.24576270978167195,11.09205294741056,14.599970800058399,8.0,0.0
6.6,0.22,0.37,15.4,0.035,62.0,153.0,0.99845,3.02,0.4,9.3,5,0.4052287555213807,9.314428049047976,11.18642171792929,5.0,0.0
9.2,0.34,0.27,1.2,0.026,17.0,73.0,0.9921,3.08,0.39,10.8,5,0.23287670913867523,10.88598842254972,15.081942488618866,5.0,0.0
6.0,0.2,0.24,1.8,0.03,30.0,105.0,0.9909,3.31,0.47,11.5,6,0.2857142829931973,11.605599348471744,13.636332644698536,6.0,0.0
8.2,0.38,0.49,13.6,0.042,58.0,166.0,0.99855,3.1,0.54,9.4,5,0.349397588256641,9.413640364888723,9.425276522670663,5.0,0.0
6.9,0.18,0.36,1.3,0.036,40.0,117.0,0.9934,3.27,0.95,9.5,7,0.34188033895828773,9.563106942714976,12.777754115270156,6.30223389566152,0.6977661043384797
7.7,0.34,0.58,11.1,0.039,41.0,151.0,0.9978,3.06,0.49,8.6,5,0.2715231770097803,8.618953077818121,8.369556120047696,5.0,0.0
7.4,0.2,0.35,2.1,0.038,30.0,116.0,0.9949,3.49,0.77,10.3,7,0.2586206874256837,10.352788870450427,13.454520991780013,7.0,0.0
8.2,0.4,0.48,13.7,0.042,59.0,169.0,0.9986,3.1,0.52,9.4,5,0.34911242396974895,9.413169023463826,9.318171229350874,5.0,0.0
6.7,0.22,0.39,10.2,0.038,60.0,149.0,0.99725,3.17,0.54,10.0,7,0.4026845610558083,10.027565778324615,10.983588551494178,7.0,0.0
6.6,0.3,0.3,4.8,0.17,60.0,166.0,0.9946,3.18,0.47,9.4,5,0.3614457809551459,9.45102608985915,10.999981666697222,5.0,0.0
8.1,0.27,0.35,1.7,0.03,38.0,103.0,0.99255,3.22,0.63,10.4,8,0.36893203525308704,10.47805100191325,13.064495057266036,5.840949460584665,2.159050539415335
7.3,0.25,0.42,14.2,0.041,57.0,182.0,0.9996,3.29,0.75,9.1,7,0.3131868114660065,9.103632349307373,10.89550612611026,7.0,0.0
4.8,0.34,0.0,6.5,0.028,33.0,163.0,0.9939,3.36,0.61,9.9,6,0.20245398648801236,9.960750618019299,14.117605536454304,5.322496488526919,0.6775035114730814
6.2,0.28,0.33,1.7,0.029,24.0,111.0,0.99,3.24,0.5,12.1,6,0.2162162142683224,12.222209876555679,10.163917764069238,6.03578421355556,-0.035784213555560385
4.8,0.33,0.0,6.5,0.028,34.0,163.0,0.9937,3.35,0.61,9.9,5,0.20858895577552788,9.96275539624092,14.545410468453126,5.0,0.0
6.1,0.27,0.33,2.2,0.021,26.0,117.0,0.9886,3.12,0.3,12.5,6,0.22222222032288702,12.644130442918831,10.16664972225046,6.0,0.0
7.8,0.18,0.46,12.6,0.042,41.0,143.0,1.0,3.24,0.76,8.5,8,0.2867132847082987,8.4999915000085,12.187480957061004,8.0,0.0
7.3,0.28,0.42,14.4,0.04,49.0,173.0,0.9994,3.28,0.82,9.0,7,0.2832369925824451,9.005394231144455,10.428556530633527,7.0,0.0
7.3,0.24,0.29,1.2,0.037,37.0,97.0,0.9926,3.19,0.7,10.1,6,0.3814432950366671,10.175286948129207,13.77355891781336,6.0,0.0
6.0,0.45,0.65,9.7,0.08,11.0,159.0,0.9956,3.04,0.48,9.4,5,0.06918238950199755,9.441533305008733,5.454540495872276,5.0,0.0
6.3,0.26,0.21,4.0,0.03,24.0,125.0,0.9915,3.06,0.34,10.7,6,0.191999998464,10.791718818236188,13.404226799517449,6.0,0.0
10.3,0.17,0.47,1.4,0.037,5.0,33.0,0.9939,2.89,0.28,9.6,3,0.15151514692378343,9.658909690200533,16.093724853554917,5.369346473066045,-2.369346473066045
7.7,0.15,0.29,1.3,0.029,10.0,64.0,0.9932,3.35,0.39,10.1,5,0.15624999755859378,10.169139982742667,17.499960227363122,5.0,0.0
7.1,0.21,0.32,2.2,0.037,28.0,141.0,0.993,3.2,0.57,10.0,7,0.1985815588753081,10.070483312705626,13.396201139243132,7.0,0.0
6.9,0.36,0.34,4.2,0.018,57.0,119.0,0.9898,3.28,0.36,12.7,9,0.47899159261351604,12.830861961141682,9.857128775530322,9.0,0.0
6.0,0.28,0.34,1.6,0.119,33.0,104.0,0.9921,3.19,0.38,10.2,6,0.31730768925665687,10.281211287963623,9.677403746122987,5.909222984807526,0.09077701519247405
6.2,0.16,0.54,1.4,0.126,37.0,110.0,0.9932,3.23,0.37,8.9,6,0.33636363330578517,8.960925331327697,8.857130204099708,6.0,0.0
6.9,0.12,0.36,2.2,0.037,18.0,111.0,0.9919,3.41,0.82,11.9,8,0.1621621607012418,11.997165039656176,14.374970052145727,8.0,0.0
8.8,0.36,0.44,1.9,0.04,9.0,121.0,0.9953,3.19,0.48,9.9,6,0.0743801646745441,9.94673972999123,10.999986250017187,4.858746710654066,1.1412532893459337
7.4,0.26,0.43,6.0,0.022,22.0,125.0,0.9928,3.13,0.55,11.5,6,0.17599999859200002,11.58338881608701,10.724622138228787,6.0,0.0
6.8,0.23,0.29,12.2,0.035,38.0,236.0,0.9976,3.35,0.52,9.8,6,0.16101694847026718,9.823566736601107,13.076897929042442,6.0,0.0
6.1,0.34,0.27,2.6,0.024,20.0,105.0,0.9906,3.4,0.67,12.2,7,0.19047618866213153,12.315755788657592,9.999983606584248,7.0,0.0
7.3,0.26,0.31,1.6,0.04,39.0,173.0,0.9918,3.19,0.51,11.4,6,0.22543352470847675,11.494241284289894,12.806995075447233,6.0,0.0
6.5,0.3,0.32,2.0,0.044,34.0,90.0,0.99185,3.37,0.68,11.0,7,0.37777777358024694,11.090375469702606,10.483854058299906,7.0,0.0
5.0,0.31,0.0,6.4,0.046,43.0,166.0,0.994,3.3,0.63,9.9,6,0.25903614301785455,9.959748531440109,16.128980229096037,6.0,0.0
5.8,0.26,0.18,1.2,0.031,40.0,114.0,0.9908,3.42,0.4,11.0,7,0.35087718990458605,11.102128479886476,13.181788223208583,7.0,0.0
5.9,0.26,0.3,1.0,0.036,38.0,114.0,0.9928,3.58,0.48,9.4,5,0.33333333040935675,9.468161293149382,10.535695471972371,6.172907969470998,-1.172907969470998
7.0,0.31,0.29,1.4,0.037,33.0,128.0,0.9896,3.12,0.36,12.2,7,0.2578124979858399,12.328200961801775,11.66664722225463,7.0,0.0
5.6,0.19,0.39,1.1,0.043,17.0,67.0,0.9918,3.23,0.53,10.3,6,0.2537313394965472,10.385147827033851,9.655155766972813,5.850915765212826,0.14908423478717392
6.8,0.18,0.28,8.7,0.047,52.0,242.0,0.9952,3.22,0.53,10.5,6,0.21487603216993376,10.55063248529694,14.782576559616174,6.0,0.0
7.0,0.29,0.26,1.6,0.044,12.0,87.0,0.9923,3.08,0.46,10.5,6,0.13793103289734446,10.581466712217361,12.727249586818932,6.0,0.0
6.6,0.26,0.29,1.4,0.039,13.0,67.0,0.9915,3.05,0.49,10.9,6,0.19402984785030078,10.99343318867051,11.999978181857848,6.0,0.0
6.8,0.18,0.28,8.5,0.047,52.0,242.0,0.9952,3.22,0.53,10.5,6,0.21487603216993376,10.55063248529694,14.782576559616174,6.0,0.0
6.6,0.2,0.38,7.9,0.052,30.0,145.0,0.9947,3.32,0.56,11.0,7,0.20689655029726517,11.058599518850388,11.379290725360816,7.0,0.0
8.0,0.29,0.29,13.2,0.046,26.0,113.0,0.9983,3.25,0.37,9.7,6,0.23008849353903987,9.716508347682712,13.793079667104022,5.495751402543024,0.5042485974569759
6.1,0.28,0.35,12.8,0.048,63.0,229.0,0.9975,3.08,0.4,8.9,5,0.27510916910432676,8.922296819752562,9.68252431345347,5.0,0.0
5.9,0.31,0.3,7.7,0.047,60.0,206.0,0.995,3.2,0.39,9.6,6,0.29126213450843624,9.648231509315066,9.672115291614276,6.0,0.0
6.9,0.21,0.28,2.4,0.056,49.0,159.0,0.9944,3.02,0.47,8.8,8,0.3081760986907164,8.849548622738714,14.081603915094053,5.748972494494707,2.2510275055052933
8.4,0.19,0.42,1.6,0.047,9.0,101.0,0.994,3.06,0.65,11.1,4,0.08910891000882268,11.166990777675274,13.77046922873897,4.0,0.0
8.3,0.27,0.45,1.3,0.048,8.0,72.0,0.9944,3.08,0.61,10.3,4,0.11111110956790125,10.35799441070554,11.527761766997546,4.0,0.0
7.1,0.25,0.39,2.1,0.036,30.0,124.0,0.9908,3.28,0.43,12.2,8,0.24193548191987516,12.313269768601362,11.093732666042708,8.0,0.0
8.0,0.23,0.37,9.6,0.054,23.0,159.0,0.99795,3.32,0.47,9.8,4,0.14465408714054034,9.820121428807628,13.333311111148149,4.0,0.0
7.5,0.24,0.31,13.0,0.049,46.0,217.0,0.9985,3.08,0.53,8.8,5,0.2119815658434029,8.813211003293938,13.636338843020283,5.0,0.0
6.3,0.33,0.2,5.8,0.04,24.0,144.0,0.99425,3.15,0.63,9.9,5,0.16666666550925927,9.95724419688791,11.886770024962216,5.274948531586068,-0.2749485315860678
6.2,0.33,0.19,5.6,0.042,22.0,143.0,0.99425,3.15,0.63,9.9,5,0.15384615277030664,9.95724419688791,11.923053994126933,5.0,0.0
6.3,0.34,0.19,5.8,0.041,22.0,145.0,0.9943,3.15,0.63,9.9,5,0.15172413688466113,9.956743481098782,11.886770024962216,5.0,0.0
5.8,0.29,0.05,0.8,0.038,11.0,30.0,0.9924,3.36,0.35,9.2,5,0.36666665444444485,9.270446120066383,17.058773356548954,5.145302869047316,-0.14530286904731593
8.0,0.32,0.26,1.2,0.05,11.5,88.0,0.9946,3.24,0.37,9.5,4,0.13068181669679754,9.551568920602332,13.79307966710402,4.0,0.0
5.6,0.29,0.05,0.8,0.038,11.0,30.0,0.9924,3.36,0.35,9.2,5,0.36666665444444485,9.270446120066383,16.470539792530023,5.0,0.0
7.4,0.13,0.39,4.7,0.042,36.0,137.0,0.995,3.36,0.56,10.3,7,0.26277372070968086,10.351748390202623,14.230741863957954,7.0,0.0
7.7,0.3,0.32,1.6,0.037,23.0,124.0,0.9919,2.93,0.33,11.0,6,0.1854838694719043,11.089816423211591,12.419334807524503,6.0,0.0
7.0,0.24,0.34,1.4,0.031,27.0,107.0,0.99,3.06,0.39,11.9,6,0.2523364462398463,12.020189878596081,12.068944708716018,6.0,0.0
8.6,0.18,0.4,1.1,0.04,20.0,107.0,0.9923,2.94,0.32,10.2,7,0.18691588610358986,10.279139091868293,14.82756064213682,7.0,0.0
7.0,0.11,0.32,4.6,0.057,59.0,144.0,0.9956,3.55,0.44,9.4,7,0.40972221937692904,9.441533305008733,16.27903190922812,7.0,0.0
7.7,0.32,0.62,10.6,0.036,56.0,153.0,0.9978,3.13,0.44,8.9,6,0.3660130695031826,8.919614231695498,8.191480647361013,6.0,0.0
6.5,0.26,0.27,12.9,0.044,69.0,215.0,0.9967,3.17,0.43,10.0,6,0.3209302310654408,10.033099194241803,12.264127803532444,6.0,0.0
7.9,0.28,0.41,2.0,0.044,50.0,152.0,0.9934,3.45,0.49,10.7,8,0.3289473662569252,10.771078346005288,11.449258769190191,8.0,0.0
6.3,0.27,0.23,2.9,0.047,13.0,100.0,0.9936,3.28,0.43,9.8,5,0.1299999987,9.863114066914184,12.599974800050399,5.0,0.0
5.4,0.595,0.1,2.8,0.042,26.0,80.0,0.9932,3.36,0.38,9.3,5,0.32499999593750006,9.363663548466022,7.769772993132385,5.109063698785111,-0.10906369878511057
6.7,0.25,0.33,2.9,0.057,52.0,173.0,0.9934,3.02,0.48,9.5,7,0.30057803294463564,9.563106942714976,11.551704221199618,7.0,0.0
6.5,0.25,0.35,12.0,0.055,47.0,179.0,0.998,3.58,0.47,10.0,5,0.26256983093536407,10.02003004005006,10.83331527780787,5.0,0.0
6.1,0.36,0.58,15.0,0.044,42.0,115.0,0.9978,3.15,0.51,9.0,5,0.3652173881285445,9.01983461632129,6.4893547985587245,5.0,0.0
7.7,0.17,0.52,5.9,0.017,21.0,84.0,0.9929,3.14,0.4,11.9,7,0.24999999702380957,11.98508209781237,11.159404116805627,7.0,0.0
6.4,0.26,0.43,12.6,0.033,64.0,230.0,0.9974,3.08,0.38,8.9,5,0.27826086835538755,8.92319137438202,9.275348876305976,5.0,0.0
6.5,0.26,0.28,12.5,0.046,80.0,225.0,0.99685,3.18,0.41,10.0,6,0.35555555397530864,10.031589475257586,12.037014746268987,6.0,0.0
5.9,0.29,0.33,7.4,0.037,58.0,205.0,0.99495,3.26,0.41,9.6,5,0.2829268278881618,9.648716368946811,9.516113683687607,5.0,0.0
6.2,0.28,0.43,13.0,0.039,64.0,233.0,0.99745,3.08,0.38,8.9,5,0.27467811040910683,8.922744074646275,8.732382067067512,5.0,0.0
6.1,0.27,0.44,6.7,0.041,61.0,230.0,0.99505,3.12,0.4,8.9,5,0.26521739015122875,8.944265168318006,8.591537195018034,5.358960637443632,-0.3589606374436318
6.4,0.43,0.32,1.4,0.048,10.0,67.0,0.992,3.08,0.41,11.4,5,0.149253729115616,11.491923899270263,8.533321955570726,5.0,0.0
6.2,0.35,0.29,7.3,0.044,56.0,244.0,0.9956,3.36,0.55,10.0,6,0.2295081957807041,10.044184367030567,9.687484863304903,5.523545856297849,0.476454143702151
7.7,0.24,0.29,15.3,0.044,39.0,194.0,0.9982,3.06,0.47,9.6,7,0.20103092679880966,9.617301525444274,14.52827447495382,7.0,0.0
6.2,0.34,0.28,7.5,0.034,40.0,197.0,0.99485,3.14,0.6,9.7,5,0.20304568424849906,9.750203799362918,9.999983870993754,5.0,0.0
6.3,0.27,0.46,11.75,0.037,61.0,212.0,0.9971,3.25,0.53,9.5,6,0.2877358476993592,9.52762057203834,8.630125164212103,6.0,0.0
5.4,0.415,0.19,1.6,0.039,27.0,88.0,0.99265,3.54,0.41,10.0,7,0.3068181783316116,10.074034076427667,8.925605081644493,7.0,0.0
6.9,0.48,0.36,3.5,0.03,31.0,135.0,0.9904,3.14,0.38,12.2,7,0.22962962792866942,12.31824281275968,8.21427593538579,7.0,0.0
6.5,0.18,0.33,8.0,0.051,16.0,131.0,0.9965,3.28,0.44,8.7,7,0.12213740364780608,8.730548188110197,12.745073048876375,7.0,0.0
6.7,0.15,0.29,5.0,0.058,28.0,105.0,0.9946,3.52,0.44,10.2,7,0.26666666412698414,10.255368735804607,15.227238119913366,7.0,0.0
8.2,0.345,1.0,18.2,0.047,55.0,205.0,0.99965,2.96,0.43,9.6,5,0.2682926816180845,9.603351569697823,6.096649742267849,5.0,0.0
8.5,0.16,0.35,1.6,0.039,24.0,147.0,0.9935,2.96,0.36,10.0,5,0.16326530501180064,10.065415132949035,16.66663398699218,5.0,0.0
6.8,0.705,0.25,3.2,0.048,10.0,57.0,0.996,3.36,0.52,9.5,4,0.17543859341335802,9.538143033992938,7.1204113922393795,4.0,0.0
7.3,0.25,0.39,6.4,0.034,8.0,84.0,0.9942,3.18,0.46,11.5,5,0.0952380941043084,11.567077482319974,11.406232177762222,6.381910898831103,-1.3819108988311033
7.6,0.345,0.26,1.9,0.043,15.0,134.0,0.9936,3.08,0.38,9.5,5,0.11194029767208734,9.5611820036413,12.561962707499656,5.0,0.0
7.6,0.22,0.34,9.7,0.035,26.0,143.0,0.9965,3.08,0.49,9.8,6,0.18181818054672602,9.834410602698844,13.571404336777967,6.0,0.0
6.5,0.17,0.33,1.4,0.028,14.0,99.0,0.9928,3.23,0.55,10.1,6,0.14141413998571575,10.173237134128591,12.999974000052,6.0,0.0
8.2,0.23,0.37,1.3,0.042,39.0,117.0,0.9928,2.99,0.36,10.0,5,0.3333333304843305,10.072512013988705,13.666643888926851,5.363141302579698,-0.3631413025796979
7.5,0.32,0.26,1.8,0.042,13.0,133.0,0.9938,3.07,0.38,9.5,5,0.09774436016733563,9.559257839346106,12.931012187910019,5.069679825246961,-0.06967982524696126
6.6,0.23,0.32,0.9,0.041,25.0,79.0,0.9926,3.39,0.54,10.2,7,0.3164556921967634,10.276032363457219,11.999978181857848,7.0,0.0
6.6,0.2,0.32,1.1,0.039,25.0,78.0,0.9926,3.39,0.54,10.2,7,0.32051281640368184,10.276032363457219,12.692283284070605,6.4800855766514385,0.5199144233485615
7.3,0.24,0.34,15.4,0.05,38.0,174.0,0.9983,3.03,0.42,9.0,6,0.2183908033425816,9.015317023623135,12.586185196232417,6.0,0.0
8.0,0.42,0.36,5.0,0.037,34.0,101.0,0.992,3.13,0.57,12.3,7,0.3366336600333301,12.399181049212652,10.256397107183195,6.9456931115947835,0.05430688840521647
6.1,0.19,0.25,4.0,0.023,23.0,112.0,0.9923,3.37,0.51,11.6,6,0.20535714102359695,11.690001320163942,13.86360485544351,6.0,0.0
5.9,0.26,0.21,12.5,0.034,36.0,152.0,0.9972,3.28,0.43,9.5,6,0.23684210370498615,9.526665135714866,12.553164780500468,5.427988847218634,0.572011152781366
8.3,0.23,0.43,3.2,0.035,14.0,101.0,0.9928,3.15,0.36,11.5,5,0.13861386001372417,11.58338881608701,12.5757385216083,5.653392392194273,-0.6533923921942728
6.5,0.34,0.28,1.8,0.041,43.0,188.0,0.9928,3.13,0.37,9.6,6,0.2287234030387053,9.669611533429157,10.483854058299904,5.3955053592315165,0.6044946407684835
6.8,0.22,0.35,17.5,0.039,38.0,153.0,0.9994,3.24,0.42,9.0,6,0.24836601144858816,9.005394231144455,11.929803631923454,5.240992674323771,0.7590073256762286
6.5,0.08,0.33,1.9,0.028,23.0,93.0,0.991,3.34,0.7,12.0,7,0.2473118252977223,12.108968608507963,15.85361986921983,7.0,0.0
5.5,0.42,0.09,1.6,0.019,18.0,68.0,0.9906,3.33,0.51,11.4,7,0.26470587846020766,11.508165245139061,10.78429257981847,7.0,0.0
5.1,0.42,0.01,1.5,0.017,25.0,102.0,0.9894,3.38,0.36,12.3,7,0.24509803681276435,12.43176426949235,11.8604375338662,7.0,0.0
6.0,0.27,0.19,1.7,0.02,24.0,110.0,0.9898,3.32,0.47,12.6,7,0.21818181619834712,12.729831551998835,13.043449905543683,6.259343680588682,0.7406563194113183
7.1,0.13,0.38,1.8,0.046,14.0,114.0,0.9925,3.32,0.9,11.7,6,0.12280701646660512,11.788401220754436,13.921541330311115,6.241800029083472,-0.2418000290834721
7.6,0.3,0.25,4.3,0.054,22.0,111.0,0.9956,3.12,0.49,9.2,5,0.19819819641262887,9.24064961766812,13.818156694260553,5.439261811099921,-0.4392618110999207
6.6,0.13,0.3,4.9,0.058,47.0,131.0,0.9946,3.51,0.45,10.3,6,0.35877862321543036,10.35591156654779,15.348801514415083,6.0,0.0
6.5,0.14,0.33,7.6,0.05,53.0,189.0,0.9966,3.25,0.49,8.6,5,0.2804232789395594,8.629331096396651,13.829757809025939,5.0,0.0
7.7,0.28,0.33,6.7,0.037,32.0,155.0,0.9951,3.39,0.62,10.7,7,0.20645161157127992,10.752677366418082,12.622930126344054,7.0,0.0
6.0,0.2,0.71,1.6,0.15,10.0,54.0,0.9927,3.12,0.47,9.8,5,0.18518518175583,9.872056137749434,6.593399347912805,5.0,0.0
6.0,0.19,0.71,1.5,0.152,9.0,55.0,0.9927,3.12,0.46,9.8,6,0.16363636066115708,9.872056137749434,6.66665925926749,6.0,0.0
5.1,0.39,0.21,1.7,0.027,15.0,72.0,0.9894,3.5,0.45,12.5,6,0.20833333043981486,12.63390677793938,8.499985833356943,6.0,0.0
5.7,0.36,0.34,4.2,0.026,21.0,77.0,0.9907,3.41,0.45,11.9,6,0.27272726918536017,12.011696768247937,8.1428455102207,6.0,0.0
6.9,0.19,0.33,1.6,0.043,63.0,149.0,0.9925,3.44,0.52,10.8,5,0.4228187891085987,10.88160112685025,13.269205251528362,5.0,0.0
6.0,0.41,0.21,1.9,0.05,29.0,122.0,0.9928,3.42,0.52,10.5,6,0.23770491608438593,10.57613761468814,9.67740374612299,6.0,0.0
7.4,0.28,0.3,5.3,0.054,44.0,161.0,0.9941,3.12,0.48,10.3,6,0.27329192376837314,10.361120248344987,12.758598692071219,6.0,0.0
7.4,0.3,0.3,5.2,0.053,45.0,163.0,0.9941,3.12,0.45,10.3,6,0.2760736179381987,10.361120248344987,12.333312777812038,5.558857651843816,0.441142348156184
7.7,0.28,0.39,8.9,0.036,8.0,117.0,0.9935,3.06,0.38,12.0,7,0.06837606779165754,12.078498159538842,11.49252016041767,7.0,0.0
8.6,0.16,0.38,3.4,0.04,41.0,143.0,0.9932,2.95,0.39,10.2,6,0.2867132847082987,10.269824537027247,15.925896433525121,5.608548229041182,0.39145177095881767
8.2,0.26,0.44,1.3,0.046,7.0,69.0,0.9944,3.14,0.62,10.2,4,0.10144927389203952,10.257431358174419,11.714268979615742,4.0,0.0
6.5,0.25,0.27,15.2,0.049,75.0,217.0,0.9972,3.19,0.39,9.9,5,0.34562211822293953,9.927787878271282,12.499975961584688,5.0,0.0
7.0,0.24,0.18,1.3,0.046,9.0,62.0,0.994,3.38,0.47,10.1,4,0.14516128798126957,10.160955572479303,16.666626984221466,4.0,0.0
8.6,0.18,0.36,1.8,0.04,24.0,187.0,0.9956,3.25,0.55,9.5,6,0.12834224530298266,9.541975148679038,15.925896433525121,6.0,0.0
7.8,0.27,0.34,1.6,0.046,27.0,154.0,0.9927,3.05,0.45,10.5,6,0.17532467418620343,10.577203004731535,12.78686428382904,6.0,0.0
6.0,0.26,0.34,1.3,0.046,6.0,29.0,0.9924,3.29,0.63,10.4,5,0.20689654458977433,10.47963474442287,9.99998333336111,5.0,0.0
6.1,0.24,0.27,9.8,0.062,33.0,152.0,0.9966,3.31,0.47,9.5,6,0.21710526172957065,9.532400629740486,11.960760861253211,5.238928334525769,0.7610716654742307
8.0,0.24,0.3,17.45,0.056,43.0,184.0,0.9997,3.05,0.5,9.2,6,0.233695650903828,9.202751622735196,14.814787380023368,6.032216281571168,-0.03221628157116818
7.6,0.21,0.6,2.1,0.046,47.0,165.0,0.9936,3.05,0.54,10.1,7,0.2848484831221304,10.165046130187067,9.382704465796955,7.0,0.0
8.0,0.19,0.36,1.8,0.05,16.0,84.0,0.9936,3.15,0.45,9.8,7,0.1904761882086168,9.863114066914184,14.545428099221636,7.0,0.0
6.4,0.28,0.41,6.8,0.045,61.0,216.0,0.9952,3.09,0.46,9.4,5,0.28240740609996573,9.445328129694404,9.275348876305976,5.689846038648379,-0.6898460386483789
6.4,0.28,0.43,7.1,0.045,60.0,221.0,0.9952,3.09,0.45,9.4,6,0.2714932114412072,9.445328129694404,9.014071811166463,6.0,0.0
6.9,0.24,0.39,1.3,0.063,18.0,136.0,0.9928,3.31,0.48,10.4,7,0.1323529402032872,10.475412494548253,10.952363567676876,7.0,0.0
5.8,0.36,0.26,3.3,0.038,40.0,153.0,0.9911,3.34,0.55,11.3,6,0.26143790678798756,11.401461606839263,9.354823621252223,6.0,0.0
6.6,0.18,0.28,3.3,0.044,18.0,91.0,0.993,3.42,0.64,10.8,6,0.1978021956285473,10.876121977722077,14.347794896098051,6.0,0.0
5.1,0.52,0.06,2.7,0.052,30.0,79.0,0.9932,3.32,0.43,9.3,5,0.3797468306361161,9.363663548466022,8.793088287778811,5.0,0.0
6.6,0.22,0.37,1.2,0.059,45.0,199.0,0.993,3.37,0.55,10.3,7,0.22613065212999672,10.372597812086797,11.18642171792929,7.0,0.0
8.3,0.15,0.39,1.3,0.055,32.0,146.0,0.993,3.08,0.39,10.5,6,0.2191780806905611,10.574007478340908,15.370341906774247,6.0,0.0
7.6,0.16,0.44,1.4,0.043,25.0,109.0,0.9932,3.11,0.75,10.3,6,0.22935779606093765,10.37050909131183,12.66664555559074,6.0,0.0
7.7,0.16,0.41,1.7,0.048,60.0,173.0,0.9932,3.24,0.66,11.2,7,0.34682080724381037,11.276670079873057,13.508748230266264,7.0,0.0
8.3,0.16,0.48,1.7,0.057,31.0,98.0,0.9943,3.15,0.41,10.3,6,0.3163265273844232,10.359036147001763,12.968729736359787,6.0,0.0
6.2,0.25,0.47,11.6,0.048,62.0,210.0,0.9968,3.19,0.5,9.5,5,0.29523809383219957,9.530488031211846,8.61109915125118,5.0,0.0
6.1,0.16,0.27,12.6,0.064,63.0,162.0,0.9994,3.66,0.43,8.9,5,0.3888888864883402,8.90533429524285,14.186013520898786,5.0,0.0
7.6,0.39,0.22,2.8,0.036,19.0,113.0,0.9926,3.03,0.29,10.2,5,0.1681415914323753,10.276032363457219,12.458995968859066,5.0,0.0
6.8,0.37,0.47,11.2,0.071,44.0,136.0,0.9968,2.98,0.88,9.2,5,0.32352940938581315,9.22952525127884,8.09522845806136,5.0,0.0
7.1,0.18,0.42,1.4,0.045,47.0,157.0,0.9916,2.95,0.31,10.5,6,0.29936305541806973,10.588936477474306,11.83331361114398,5.535777267589173,0.46422273241082657
8.3,0.14,0.26,1.5,0.049,56.0,189.0,0.9946,3.21,0.62,9.5,6,0.29629629472859104,9.551568920602332,20.749948125129688,6.0,0.0
8.6,0.2,0.42,1.5,0.041,35.0,125.0,0.9925,3.11,0.49,11.4,7,0.27999999776,11.486134522786374,13.870945369442952,7.0,0.0
6.8,0.19,0.32,7.05,0.019,54.0,188.0,0.9935,3.25,0.37,11.1,8,0.28723404102535083,11.172610797573428,13.333307189593745,8.0,0.0
7.6,0.19,0.38,10.6,0.06,48.0,174.0,0.9962,3.13,0.38,10.5,6,0.27586206738010305,10.540041618107189,13.333309941561502,6.0,0.0
6.8,0.34,0.74,2.8,0.088,23.0,185.0,0.9928,3.51,0.7,12.0,6,0.12432432365230095,12.087014416786445,6.296290466397716,6.347759688264389,-0.3477596882643894
6.2,0.15,0.46,1.6,0.039,38.0,123.0,0.993,3.38,0.51,9.7,6,0.3089430869191619,9.768368813324457,10.16391776406924,6.0,0.0
6.6,0.14,0.44,1.6,0.042,47.0,140.0,0.993,3.32,0.51,10.2,6,0.3357142833163266,10.271892978959738,11.379290725360816,6.355764769154713,-0.355764769154713
8.0,0.55,0.17,8.2,0.04,13.0,60.0,0.9956,3.09,0.3,9.5,4,0.21666666305555562,9.541975148679038,11.111095679033777,4.0,0.0
7.0,0.24,0.35,1.5,0.052,51.0,128.0,0.9941,3.41,0.59,10.4,7,0.3984374968872071,10.461713648814357,11.864386670531067,7.0,0.0
6.3,0.6,0.44,11.0,0.05,50.0,245.0,0.9972,3.19,0.57,9.3,4,0.20408163182007497,9.32610376443666,6.057686482993766,4.0,0.0
7.1,0.2,0.41,2.1,0.054,24.0,166.0,0.9948,3.48,0.62,10.5,6,0.14457831238205837,10.554874794054287,11.639325181434128,6.0,0.0
6.2,0.34,0.29,7.6,0.047,45.0,232.0,0.9955,3.35,0.62,10.0,6,0.19396551640532106,10.045193324768132,9.841254220231397,5.436857874119634,0.5631421258803657
7.1,0.3,0.36,6.8,0.055,44.5,234.0,0.9972,3.49,0.64,10.2,6,0.19017093935824386,10.228629935188593,10.757559458243245,6.0,0.0
7.9,0.64,0.46,10.6,0.244,33.0,227.0,0.9983,2.87,0.74,9.1,3,0.145374448698791,9.115487212774504,7.181811652898498,5.024256361186695,-2.024256361186695
8.8,0.17,0.38,1.8,0.04,39.0,148.0,0.9942,3.16,0.67,10.2,6,0.2635135117330168,10.25949481040554,15.999970909143801,6.0,0.0
7.5,0.17,0.37,1.5,0.06,18.0,75.0,0.9936,3.54,0.88,10.7,5,0.23999999680000006,10.768910256732832,13.888863168771907,5.0,0.0
7.1,0.47,0.24,6.0,0.044,11.0,77.0,0.9956,3.21,0.56,9.7,5,0.14285714100185531,9.742858836019648,9.999985915512795,5.0,0.0
7.1,0.15,0.34,5.3,0.034,33.0,104.0,0.9953,3.37,0.52,9.3,7,0.31730768925665687,9.34390701908267,14.489766347415618,7.0,0.0
7.5,0.17,0.34,1.4,0.035,13.0,102.0,0.9918,3.05,0.74,11.0,5,0.12745097914263745,11.090934572560423,14.705853517934278,5.0,0.0
8.2,0.68,0.3,2.1,0.047,17.0,138.0,0.995,3.22,0.71,10.8,4,0.12318840490443185,10.854260447979449,8.3673384006751,4.0,0.0
7.7,0.275,0.3,1.0,0.039,19.0,75.0,0.992,3.01,0.56,10.7,5,0.25333332995555563,10.78627944931507,13.391281058641638,5.0,0.0
7.3,0.49,0.32,5.2,0.043,18.0,104.0,0.9952,3.24,0.45,10.7,4,0.1730769214127219,10.75159691358831,9.01233455267339,4.0,0.0
7.5,0.33,0.48,19.45,0.048,55.0,243.0,1.001,2.95,0.4,8.8,5,0.22633744762824096,8.791200008791202,9.2592478280891,5.0,0.0
7.2,0.21,0.37,1.6,0.049,23.0,94.0,0.9924,3.16,0.48,10.9,7,0.24468084846084204,10.98346333790474,12.413771700393621,5.930527291799457,1.0694727082005429
7.3,0.15,0.4,2.0,0.05,24.0,92.0,0.9932,3.14,0.45,10.5,5,0.2608695623818526,10.571878199880992,13.272703140539742,5.0,0.0
6.5,0.19,0.1,1.3,0.046,23.0,107.0,0.9937,3.29,0.45,10.0,5,0.21495326901912834,10.063389289132244,22.413715814773052,5.0,0.0
7.0,0.31,0.52,1.7,0.029,5.0,61.0,0.9918,3.07,0.43,10.4,5,0.08196721177102932,10.485974504966219,8.433724778644844,5.0,0.0
8.3,0.4,0.38,1.1,0.038,15.0,75.0,0.9934,3.03,0.43,9.2,5,0.19999999733333337,9.261114091892397,10.641011998702567,5.0,0.0
6.1,0.37,0.36,4.7,0.035,36.0,116.0,0.991,3.31,0.62,12.6,6,0.3103448249108205,12.71441703893336,8.356152936776798,6.0,0.0
7.3,0.24,0.34,7.5,0.048,29.0,152.0,0.9962,3.1,0.54,9.0,5,0.19078947242901664,9.034321386949019,12.586185196232417,5.0,0.0
6.9,0.21,0.81,1.1,0.137,52.0,123.0,0.9932,3.03,0.39,9.2,6,0.4227642242051689,9.26297899418144,6.7646992502948535,6.0,0.0
7.6,0.29,0.42,1.3,0.035,18.0,86.0,0.9908,2.99,0.39,11.3,5,0.2093023231476474,11.404913802065199,10.704210275760175,5.993939842939404,-0.9939398429394037
9.4,0.29,0.55,2.2,0.05,17.0,119.0,0.9962,3.12,0.69,10.3,4,0.1428571416566627,10.339278920619433,11.190462868496583,4.0,0.0
8.6,0.26,0.41,2.2,0.049,29.0,111.0,0.9941,2.96,0.44,10.0,5,0.26126125890755625,10.05934004693688,12.835801737609348,5.0,0.0
7.5,0.21,0.34,1.2,0.06,26.0,111.0,0.9931,3.51,0.47,10.7,6,0.23423423212401592,10.774332117277094,13.636338843020283,6.0,0.0
7.2,0.51,0.24,10.0,0.093,35.0,197.0,0.9981,3.41,0.47,9.0,5,0.1776649737174367,9.017123517559845,9.599987200017067,5.038227716201263,-0.03822771620126275
5.3,0.3,0.2,1.1,0.077,48.0,166.0,0.9944,3.3,0.54,8.7,4,0.28915662476411674,8.748985570207592,10.599978800042399,4.0,0.0
8.0,0.26,0.36,2.0,0.054,30.0,121.0,0.992,3.09,0.72,11.6,7,0.24793388224848031,11.69353659925746,12.903204994830652,7.0,0.0
7.0,0.21,0.28,7.5,0.07,45.0,185.0,0.9966,3.34,0.55,9.4,5,0.2432432419284149,9.432059570480062,14.285685131254835,5.0,0.0
6.7,0.26,0.26,4.0,0.079,35.5,216.0,0.9956,3.31,0.68,9.5,5,0.16435185109096365,9.541975148679038,12.884590606556525,5.068779070601944,-0.06877907060194399
6.7,0.26,0.26,4.1,0.073,36.0,202.0,0.9956,3.3,0.67,9.5,5,0.17821782089991178,9.541975148679038,12.884590606556525,5.0,0.0
8.1,0.26,0.37,1.9,0.072,48.0,159.0,0.9949,3.37,0.7,10.9,6,0.3018867905541711,10.95586395028249,12.857122449011985,6.0,0.0
8.3,0.22,0.38,14.8,0.054,32.0,126.0,1.0002,3.22,0.5,9.7,5,0.25396825195263295,9.698050691810947,13.833310277816205,5.0,0.0
6.4,0.3,0.51,5.5,0.048,62.0,172.0,0.9942,3.08,0.45,9.1,6,0.36046511418334237,9.153078703401022,7.901224813302699,6.0,0.0
7.5,0.19,0.34,2.6,0.037,33.0,125.0,0.9923,3.1,0.49,11.1,7,0.26399999788800005,11.186121952915496,14.15091669638359,7.0,0.0
8.8,0.33,0.44,6.35,0.024,9.0,87.0,0.9917,2.96,0.4,12.6,7,0.10344827467300834,12.705442467033913,11.428556586290147,5.725147444696242,1.2748525553037577
6.9,0.2,0.36,1.5,0.031,38.0,147.0,0.9931,3.35,0.56,11.0,6,0.2585033996020177,11.076416195331593,12.32140656891684,6.0,0.0
8.0,0.37,0.32,1.6,0.04,32.0,166.0,0.992,3.0,0.55,11.3,7,0.19277108317607783,11.391117549276665,11.59418609538247,7.0,0.0
8.2,0.29,0.33,9.1,0.036,28.0,118.0,0.9953,2.96,0.4,10.9,7,0.23728813358230397,10.951460914838828,13.225785119701419,7.0,0.0
7.7,0.34,0.3,8.0,0.048,25.0,192.0,0.9951,2.97,0.47,10.9,5,0.13020833265516493,10.953661990089449,12.031231201201248,5.0,0.0
6.2,0.55,0.45,12.0,0.049,27.0,186.0,0.9974,3.17,0.5,9.3,6,0.1451612895421436,9.32423368334301,6.199993800006201,6.0,0.0
6.4,0.4,0.19,3.2,0.033,28.0,124.0,0.9904,3.22,0.54,12.7,7,0.22580644979188347,12.82308882967606,10.847439241628402,7.0,0.0
7.5,0.28,0.33,7.7,0.048,42.0,180.0,0.9974,3.37,0.59,10.1,6,0.23333333203703704,10.126318301264988,12.295061811374078,6.0,0.0
7.8,0.26,0.44,1.3,0.037,43.0,132.0,0.9944,3.18,0.65,10.0,5,0.3257575732897154,10.056305253112175,11.142841224512537,5.0,0.0
6.5,0.26,0.34,16.3,0.051,56.0,197.0,1.0004,3.49,0.42,9.8,5,0.2842639579478987,9.79607177521814,10.833315277807868,5.276397840919682,-0.27639784091968167
6.3,0.34,0.29,6.2,0.046,29.0,227.0,0.9952,3.29,0.53,10.1,6,0.12775330340196783,10.148703628714198,9.999984127009322,6.0,0.0
6.8,0.15,0.33,4.7,0.059,31.0,118.0,0.9956,3.43,0.39,9.0,7,0.26271186218040793,9.03976593032751,14.166637152839266,7.0,0.0
6.3,0.27,0.25,5.8,0.038,52.0,155.0,0.995,3.28,0.38,9.4,6,0.33548386880332987,9.447226686204335,12.115361316612852,5.284067709598088,0.7159322904019119
7.4,0.2,0.37,16.95,0.048,43.0,190.0,0.9995,3.03,0.42,9.2,6,0.22631578828254847,9.204593091952884,12.98243336415199,6.0,0.0
6.3,0.23,0.21,5.1,0.035,29.0,142.0,0.9942,3.36,0.33,10.1,7,0.20422535067446937,10.158911527950584,14.318149276933461,7.0,0.0
7.3,0.31,0.69,10.2,0.041,58.0,160.0,0.9977,3.06,0.45,8.6,5,0.362499997734375,8.619816959189174,7.299992700007301,5.0,0.0
5.2,0.24,0.45,3.8,0.027,21.0,128.0,0.992,3.55,0.49,11.2,8,0.16406249871826173,11.290311199283064,7.536220961998606,8.0,0.0
7.0,0.24,0.32,1.3,0.037,39.0,123.0,0.992,3.17,0.42,11.2,8,0.3170731681538767,11.290311199283064,12.499977678611286,8.0,0.0
7.0,0.17,0.33,4.0,0.034,17.0,127.0,0.9934,3.19,0.39,10.6,7,0.13385826666253334,10.670414062397763,13.999972000056,7.0,0.0
8.3,0.21,0.58,17.1,0.049,62.0,213.0,1.0006,3.01,0.51,9.3,6,0.2910798108400009,9.294414057151654,10.50631581479011,6.0,0.0
7.2,0.21,0.35,14.5,0.048,35.0,178.0,0.9982,3.05,0.47,8.9,6,0.19662921237848757,8.91603995588063,12.857119898000184,6.0,0.0
7.1,0.21,0.4,1.2,0.069,24.0,156.0,0.9928,3.42,0.43,10.6,6,0.15384615285996056,10.676862734828026,11.639325181434128,6.0,0.0
8.4,0.17,0.31,6.7,0.038,29.0,132.0,0.9945,3.1,0.32,10.6,7,0.21969696803259872,10.658611705770028,17.499963541742623,7.0,0.0
7.4,0.24,0.31,8.4,0.045,52.0,183.0,0.9963,3.09,0.32,8.8,5,0.2841530039117322,8.832672053927478,13.454520991780013,5.0,0.0
5.3,0.24,0.33,1.3,0.033,25.0,97.0,0.9906,3.59,0.38,11.0,8,0.25773195610585614,11.104369973379796,9.298229301352102,6.17799697819305,1.8220030218069496
6.5,0.28,0.26,8.8,0.04,44.0,139.0,0.9956,3.32,0.37,10.2,6,0.31654676031261325,10.245068054371178,12.037014746268987,6.0,0.0
6.5,0.29,0.25,10.6,0.039,32.0,120.0,0.9962,3.31,0.34,10.1,6,0.2666666644444445,10.138516223131678,12.037014746268987,5.652808972249447,0.34719102775055344
5.8,0.29,0.21,2.6,0.025,12.0,120.0,0.9894,3.39,0.79,14.0,7,0.09999999916666667,14.149975591292105,11.599976800046399,7.0,0.0
6.3,0.17,0.42,2.8,0.028,45.0,107.0,0.9908,3.27,0.43,11.8,6,0.42056074373307717,11.909556005696402,10.67794800347796,6.0,0.0
6.3,0.16,0.4,1.6,0.033,59.0,148.0,0.9914,3.44,0.53,11.4,5,0.3986486459550767,11.498878859311217,11.249979910750158,6.331902387173649,-1.331902387173649
7.9,0.29,0.39,6.7,0.036,6.0,117.0,0.9938,3.12,0.42,10.7,5,0.051282050843743154,10.766743040105613,11.61762997407357,5.0,0.0
5.5,0.32,0.45,4.9,0.028,25.0,191.0,0.9922,3.51,0.49,11.5,7,0.13089005167073273,11.5903934787407,7.1428478664313415,7.0,0.0
7.2,0.37,0.15,2.0,0.029,27.0,87.0,0.9903,3.3,0.59,12.6,7,0.310344824019025,12.723404298289106,13.846127218986117,7.0,0.0
6.1,0.29,0.27,1.7,0.024,13.0,76.0,0.9893,3.21,0.51,12.6,7,0.17105262932825488,12.73626530247114,10.892837691361263,7.0,0.0
9.2,0.22,0.4,2.4,0.054,18.0,151.0,0.9952,3.04,0.46,9.3,4,0.11920529722380598,9.344845915548719,14.83868574405525,5.096242150404505,-1.096242150404505
8.0,0.18,0.37,1.3,0.04,15.0,96.0,0.9912,3.06,0.61,12.1,6,0.15624999837239587,12.207413027226567,14.545428099221636,6.0,0.0
6.5,0.22,0.34,12.0,0.053,55.0,177.0,0.9983,3.52,0.44,9.9,6,0.3107344615212742,9.91684872598545,11.607122130139052,6.0,0.0
7.4,0.18,0.4,1.6,0.047,22.0,102.0,0.9937,3.28,0.44,10.7,5,0.21568627239523264,10.7678265393715,12.758598692071219,5.0,0.0
6.5,0.52,0.17,1.4,0.047,5.0,26.0,0.9932,3.26,0.32,10.0,4,0.1923076849112429,10.068455428458087,9.420276202498256,4.0,0.0
7.0,0.15,0.38,2.2,0.047,33.0,96.0,0.9928,3.13,0.39,10.4,8,0.3437499964192709,10.475412494548253,13.207522249958018,8.0,0.0
5.9,0.415,0.13,1.4,0.04,11.0,64.0,0.9922,3.29,0.52,10.5,5,0.1718749973144532,10.582533176241508,10.825668209783103,5.0,0.0
8.1,0.45,0.34,8.3,0.037,33.0,216.0,0.9976,3.31,0.64,9.7,5,0.15277777707047327,9.723326259697012,10.25315157828914,5.0,0.0
5.8,0.415,0.13,1.4,0.04,11.0,64.0,0.9922,3.29,0.52,10.5,5,0.1718749973144532,10.582533176241508,10.642182307922372,5.0,0.0
6.4,0.5,0.16,12.9,0.042,26.0,138.0,0.9974,3.28,0.33,9.0,5,0.1884057957361899,9.023451951622267,9.69695500461363,5.0,0.0
6.7,0.105,0.32,12.4,0.051,34.0,106.0,0.998,3.54,0.45,9.2,6,0.3207547139551442,9.218427636846055,15.764668789014616,6.0,0.0
6.0,0.4,0.3,1.6,0.047,30.0,117.0,0.9931,3.17,0.48,10.1,6,0.25641025421871577,10.170163961168099,8.571416326548105,5.725903692178659,0.274096307821341
6.6,0.25,0.39,1.45,0.04,40.0,89.0,0.9911,3.35,0.4,11.4,7,0.44943819719732364,11.502359497165275,10.312483886743927,6.297054664726605,0.7029453352733954
9.8,0.36,0.45,1.6,0.042,11.0,124.0,0.9944,2.93,0.46,10.8,5,0.08870967670395422,10.86080967336115,12.098750495369758,5.0,0.0
9.6,0.23,0.4,1.5,0.044,19.0,135.0,0.9937,2.96,0.49,10.9,5,0.14074073969821674,10.969094325154146,15.23807105068087,5.0,0.0
6.3,0.55,0.45,13.0,0.047,33.0,182.0,0.9974,3.2,0.46,9.2,6,0.18131868032242485,9.223973106102761,6.299993700006301,5.302734314837848,0.6972656851621517
6.5,0.115,0.29,1.95,0.038,73.0,166.0,0.989,3.12,0.25,12.9,7,0.4397590334954275,13.043465072330564,16.04934308804176,7.0,0.0
6.4,0.125,0.29,5.85,0.042,24.0,99.0,0.992,3.23,0.32,12.0,7,0.24242423997551274,12.096761999231855,15.421649586386541,7.0,0.0
5.7,0.1,0.27,1.3,0.047,21.0,100.0,0.9928,3.27,0.46,9.5,5,0.2099999979,9.568886413289269,15.405363769287112,5.0,0.0
7.9,0.25,0.29,5.3,0.031,33.0,117.0,0.9918,3.06,0.32,11.8,7,0.28205127964058735,11.897547996019362,14.629602537773078,7.0,0.0
6.9,0.2,0.28,1.2,0.048,36.0,159.0,0.9936,3.19,0.43,9.1,6,0.22641509291562836,9.158605919277456,14.374970052145725,6.0,0.0
6.9,0.23,0.34,4.0,0.047,24.0,128.0,0.9944,3.2,0.52,9.7,6,0.18749999853515625,9.75461609551881,12.105241920628208,6.0,0.0
6.8,0.39,0.31,14.35,0.043,28.0,162.0,0.9988,3.17,0.54,9.1,5,0.172839505105929,9.11092399787345,9.714271836754518,5.0,0.0
8.7,0.22,0.42,2.3,0.053,27.0,114.0,0.994,2.99,0.43,10.0,5,0.2368421031855956,10.060352051959706,13.593728759798811,5.0,0.0
7.4,0.41,0.34,4.7,0.042,19.0,127.0,0.9953,3.25,0.42,10.4,5,0.14960629803459607,10.44910032241503,9.866653511128652,5.0,0.0
6.7,0.25,0.34,12.85,0.048,30.0,161.0,0.9986,3.44,0.47,9.5,6,0.18633540256934533,9.513309119458121,11.355912956079734,6.0,0.0
6.0,0.26,0.42,5.2,0.027,70.0,178.0,0.9914,3.4,0.4,12.3,8,0.39325842475697514,12.406685085046314,8.823516436005242,8.0,0.0
6.1,0.31,0.37,8.4,0.031,70.0,170.0,0.9934,3.42,0.4,11.7,8,0.41176470346020766,11.77772118208055,8.970575043271996,8.0,0.0
9.2,0.28,0.46,3.2,0.058,39.0,133.0,0.996,3.14,0.58,9.5,5,0.2932330805020069,9.538143033992938,12.432415631870766,5.0,0.0
9.0,0.31,0.49,6.9,0.034,26.0,91.0,0.9937,2.99,0.34,11.5,5,0.2857142825745683,11.572897682502079,11.249985937517577,5.0,0.0
8.5,0.16,0.33,1.0,0.076,17.0,57.0,0.9921,3.14,0.46,10.6,6,0.2982456088027086,10.684396044354354,17.346903373666585,6.0,0.0
9.3,0.34,0.49,7.3,0.052,30.0,146.0,0.998,3.17,0.61,10.2,5,0.20547945064740103,10.22043064085106,11.204805777342436,5.0,0.0
7.2,0.24,0.3,1.6,0.048,27.0,131.0,0.9933,3.25,0.45,10.5,5,0.20610686865567276,10.570813882196838,13.333308642021032,5.444605386600378,-0.44460538660037763
7.2,0.25,0.32,1.5,0.047,27.0,132.0,0.9933,3.26,0.44,10.5,5,0.2045454529958678,10.570813882196838,12.631556786742477,5.0,0.0
6.8,0.32,0.18,7.5,0.041,71.0,223.0,0.9959,3.14,0.41,8.9,5,0.3183856487964769,8.936631251499898,13.599972800054399,5.0,0.0
9.1,0.27,0.32,1.1,0.031,15.0,151.0,0.9936,3.03,0.41,10.6,5,0.09933774768650498,10.668266235641871,15.423702671690384,5.0,0.0
8.9,0.34,0.32,1.3,0.041,12.0,188.0,0.9953,3.17,0.49,9.5,5,0.06382978689452241,9.544851256052189,13.484828053290828,5.0,0.0
7.0,0.17,0.37,5.7,0.025,29.0,111.0,0.9938,3.2,0.49,10.8,6,0.26126125890755625,10.867366806835573,12.962938957520448,6.0,0.0
6.7,0.25,0.23,7.2,0.038,61.0,220.0,0.9952,3.14,0.35,9.5,5,0.2772727260123967,9.545810343840088,13.958304253532807,5.0,0.0
6.9,0.32,0.17,7.6,0.042,69.0,219.0,0.9959,3.13,0.4,8.9,5,0.315068491712016,8.936631251499898,14.081603915094053,5.144753666709029,-0.144753666709029
6.1,0.6,0.0,1.3,0.042,24.0,79.0,0.9937,3.31,0.38,9.4,4,0.3037974645088929,9.459585931784309,10.166649722250462,4.0,0.0
5.3,0.395,0.07,1.3,0.035,26.0,102.0,0.992,3.5,0.35,10.6,6,0.2549019582852749,10.685473099321472,11.397824950914083,6.278352786083511,-0.2783527860835111
7.9,0.16,0.3,4.8,0.037,37.0,171.0,0.9967,3.47,0.44,9.0,4,0.21637426774050136,9.029789274817622,17.173875708965852,4.0,0.0
7.6,0.33,0.36,2.1,0.034,26.0,172.0,0.9944,3.42,0.48,10.5,4,0.151162789818821,10.559120515767784,11.014476790613347,4.0,0.0
7.8,0.3,0.29,16.85,0.054,23.0,135.0,0.9998,3.16,0.38,9.0,6,0.17037036910836764,9.00179135647994,13.220316575734618,6.0,0.0
5.7,0.26,0.27,4.1,0.201,73.5,189.5,0.9942,3.27,0.38,9.4,6,0.38786279478700375,9.454828550765892,10.75469668925153,6.0,0.0
7.5,0.14,0.34,1.3,0.055,50.0,153.0,0.9945,3.29,0.8,9.6,6,0.32679738348498444,9.653082299565309,15.624967447984483,6.0,0.0
6.6,0.25,0.41,7.4,0.043,29.0,151.0,0.9946,3.15,0.6,10.2,7,0.1920529788605763,10.255368735804607,9.999984848507806,7.0,0.0
8.2,0.23,0.49,0.9,0.057,15.0,73.0,0.9928,3.07,0.38,10.4,6,0.20547944924000755,10.475412494548253,11.388873071009623,5.628146834719726,0.3718531652802737
6.0,0.24,0.32,6.3,0.03,34.0,129.0,0.9946,3.52,0.41,10.4,5,0.2635658894297218,10.456454397290974,10.714266581666816,5.0,0.0
6.1,0.45,0.27,0.8,0.039,13.0,82.0,0.9927,3.23,0.32,9.5,5,0.1585365834324807,9.569850337614247,8.472210455263257,5.0,0.0
7.4,0.23,0.43,1.4,0.044,22.0,113.0,0.9938,3.22,0.62,10.6,6,0.19469026376380297,10.666119273375655,11.21210422408451,6.0,0.0
7.2,0.2,0.38,1.0,0.037,21.0,74.0,0.9918,3.21,0.37,11.0,5,0.28378377994886783,11.090934572560423,12.413771700393617,5.0,0.0
7.7,0.25,0.43,4.5,0.062,20.0,115.0,0.9966,3.38,0.5,9.9,6,0.17391304196597354,9.933764866782193,11.32351275954006,5.267393830625123,0.7326061693748773
8.2,0.61,0.45,5.4,0.03,15.0,118.0,0.9954,3.14,0.34,9.6,5,0.12711864299051998,9.644354385820387,7.73584175863985,5.0,0.0
7.6,0.21,0.44,1.9,0.036,10.0,119.0,0.9913,3.01,0.7,12.8,6,0.08403361273921334,12.912324309165431,11.692289704169685,6.0,0.0
7.4,0.22,0.33,2.0,0.045,31.0,101.0,0.9931,3.42,0.55,11.4,5,0.3069306900303892,11.479194966070924,13.454520991780013,5.0,0.0
7.2,0.26,0.26,12.7,0.036,49.0,214.0,0.9986,3.41,0.5,10.0,6,0.22897196154686,10.0140095994296,13.846127218986117,6.0,0.0
6.4,0.25,0.41,8.6,0.042,57.0,173.0,0.9965,3.0,0.44,9.1,5,0.32947976688161984,9.131952702506068,9.696955004613631,5.0,0.0
6.3,0.32,0.35,11.1,0.039,29.0,198.0,0.9984,3.36,0.5,9.4,7,0.14646464572492604,9.415054672421203,9.40297104034173,7.0,0.0
6.8,0.25,0.29,2.0,0.042,19.0,189.0,0.9952,3.46,0.54,10.2,6,0.10052909999720053,10.249185842859884,12.592569273019864,6.0,0.0
9.8,0.44,0.4,2.8,0.036,35.0,167.0,0.9956,2.97,0.39,9.2,5,0.2095808370683782,9.24064961766812,11.666652777794312,5.0,0.0
7.2,0.2,0.25,4.5,0.044,31.0,109.0,0.9949,3.23,0.36,9.4,5,0.2844036671155627,9.448176250702332,15.999964444523458,5.810196513293302,-0.8101965132933016
7.5,0.42,0.45,9.1,0.029,20.0,125.0,0.996,3.12,0.36,10.1,6,0.15999999872,10.140552067718806,8.620679746345118,6.0,0.0
6.4,0.26,0.3,2.2,0.025,33.0,134.0,0.992,3.21,0.47,10.6,6,0.24626865487859212,10.685473099321472,11.428551020444605,6.0,0.0
7.9,0.46,0.32,4.1,0.033,40.0,138.0,0.9912,3.18,0.44,12.8,7,0.28985507036336905,12.91362700400827,10.128192143343405,7.0,0.0
6.5,0.41,0.64,11.8,0.065,65.0,225.0,0.9978,3.12,0.51,8.9,5,0.2888888876049383,8.919614231695498,6.190470294790195,5.2483398745995515,-0.24833987459955154
7.5,0.32,0.37,1.2,0.048,22.0,184.0,0.9938,3.09,0.43,9.3,5,0.11956521674149338,9.35801030588619,10.869549464421066,5.0,0.0
6.6,0.21,0.38,2.2,0.026,40.0,104.0,0.9914,3.25,0.4,11.1,8,0.3846153809171598,11.196276784066185,11.18642171792929,8.0,0.0
7.1,0.21,0.3,1.4,0.037,45.0,143.0,0.9932,3.13,0.33,9.9,6,0.3146853124847181,9.967770874173507,13.921541330311115,6.0,0.0
7.6,0.26,0.47,1.6,0.068,5.0,55.0,0.9944,3.1,0.45,9.6,5,0.09090908925619838,9.654053042987687,10.410944642541585,5.0,0.0
6.9,0.25,0.26,5.2,0.024,36.0,135.0,0.9948,3.16,0.72,10.7,7,0.266666664691358,10.75592002822675,13.529385236499536,7.0,0.0
7.1,0.26,0.32,14.45,0.074,29.0,107.0,0.998,2.96,0.42,9.2,6,0.27102803485020527,9.218427636846055,12.241358204554817,6.0,0.0
7.3,0.22,0.4,14.75,0.042,44.5,129.5,0.9998,3.36,0.41,9.1,7,0.3436293409758352,9.101811260440828,11.77417455778297,7.0,0.0
6.2,0.37,0.22,8.3,0.025,36.0,216.0,0.9964,3.33,0.6,9.6,6,0.16666666589506174,9.634675196030514,10.508456765327518,5.718475568714583,0.28152443128541726
7.9,0.22,0.45,14.2,0.038,53.0,141.0,0.9992,3.03,0.46,9.2,6,0.37588652215683316,9.20735667798571,11.791027177571376,6.0,0.0
7.4,0.25,0.37,6.9,0.02,14.0,93.0,0.9939,3.0,0.48,10.7,7,0.15053763278991794,10.765659758869344,11.935464620218355,7.0,0.0
6.8,0.18,0.37,1.5,0.027,37.0,93.0,0.992,3.3,0.45,10.8,6,0.3978494580876403,10.88708579930867,12.36361388433839,6.0,0.0
7.0,0.17,0.37,1.5,0.028,26.0,75.0,0.9922,3.3,0.46,10.8,7,0.3466666620444445,10.884891266991266,12.962938957520448,7.0,0.0
6.4,0.3,0.38,7.8,0.046,35.0,192.0,0.9955,3.1,0.37,9.0,5,0.1822916657172309,9.040673992291318,9.411750865072259,5.0,0.0
5.0,0.33,0.16,1.5,0.049,10.0,97.0,0.9917,3.48,0.44,10.7,6,0.10309278244234245,10.78954241248118,10.204060808039168,5.049159209646227,0.950840790353773
8.9,0.33,0.32,1.5,0.047,11.0,200.0,0.9954,3.19,0.46,9.4,5,0.054999999725000005,9.443430336115798,13.692286627251342,5.01722530232735,-0.017225302327349645
7.0,0.26,0.46,15.55,0.037,61.0,171.0,0.9986,2.94,0.35,8.8,6,0.35672514411271844,8.81232844749805,9.722208719154557,6.0,0.0
6.3,0.21,0.4,1.7,0.031,48.0,134.0,0.9917,3.42,0.49,11.5,6,0.35820895255067947,11.596237172292858,10.327851921554226,6.0,0.0
8.0,0.23,0.46,1.5,0.03,30.0,125.0,0.9907,3.23,0.47,12.5,6,0.23999999808000003,12.617328538075563,11.594186095382469,6.0,0.0
9.2,0.28,0.41,1.0,0.042,14.0,59.0,0.9922,2.96,0.25,10.5,6,0.23728813157138762,10.582533176241508,13.33331400968984,6.0,0.0
7.3,0.27,0.39,6.7,0.064,28.0,188.0,0.9958,3.29,0.3,9.7,5,0.1489361694205523,9.740902047698285,11.06058930213742,5.309893757470212,-0.30989375747021164
7.6,0.32,0.36,1.6,0.04,32.0,155.0,0.993,3.23,0.52,11.3,6,0.20645161157127992,11.379646143357359,11.176454152273305,6.0,0.0
9.7,0.24,0.45,1.2,0.033,11.0,59.0,0.9926,2.74,0.47,10.8,6,0.18644067480609028,10.880504855425292,14.057950640651246,5.48453500737513,0.51546499262487
8.0,0.28,0.42,7.1,0.045,41.0,169.0,0.9959,3.17,0.43,10.6,5,0.24260354886033403,10.643628232123474,11.42855510206414,5.0,0.0
8.2,0.37,0.36,1.0,0.034,17.0,93.0,0.9906,3.04,0.32,11.7,8,0.18279569695918607,11.81101169895851,11.2328613248475,5.398486759910803,2.601513240089197
8.0,0.61,0.38,12.1,0.301,24.0,220.0,0.9993,2.94,0.48,9.2,5,0.10909090859504132,9.206435298273492,8.08079991838392,5.0,0.0
7.2,0.26,0.44,7.1,0.027,25.0,126.0,0.993,3.02,0.34,11.1,8,0.19841269683799448,11.178236477103246,10.285699591857727,6.395486769663436,1.604513230336564
6.4,0.23,0.33,1.15,0.044,15.5,217.5,0.992,3.33,0.44,11.0,6,0.07126436748843969,11.088698499295868,11.428551020444605,6.0,0.0
5.9,0.4,0.32,6.0,0.034,50.0,127.0,0.992,3.51,0.58,12.5,7,0.39370078430156863,12.60079374919985,8.194433063287413,7.0,0.0
7.6,0.28,0.39,1.2,0.038,21.0,115.0,0.994,3.16,0.67,10.0,6,0.18260869406427224,10.060352051959706,11.343266651840816,5.461693721586087,0.5383062784139128
7.2,0.23,0.39,2.3,0.033,29.0,102.0,0.9908,3.26,0.54,12.3,7,0.28431372270280664,12.414198209327605,11.612884495347588,7.0,0.0
6.8,0.32,0.37,3.4,0.023,19.0,87.0,0.9902,3.14,0.53,12.7,6,0.21839080208746206,12.825678826824047,9.8550581810751,6.183019267027775,-0.18301926702777482
6.9,0.18,0.38,6.5,0.039,20.0,110.0,0.9943,3.1,0.42,10.5,5,0.18181818016528928,10.560182479953253,12.32140656891684,5.0,0.0
9.4,0.26,0.53,1.2,0.047,25.0,109.0,0.9921,3.23,0.28,12.5,6,0.22935779606093765,12.599523637210325,11.898719115545424,6.0,0.0
8.3,0.33,0.42,1.15,0.033,18.0,96.0,0.9911,3.2,0.32,12.4,3,0.18749999804687503,12.511338400425386,11.066651911130785,3.0,0.0
7.3,0.29,0.3,13.0,0.043,46.0,238.0,0.9986,3.06,0.41,8.7,6,0.19327731011228022,8.712188351503752,12.372860384982397,6.0,0.0
7.9,0.41,0.37,4.5,0.03,40.0,114.0,0.992,3.17,0.54,12.4,7,0.35087718990458605,12.499987399206251,10.128192143343405,7.0,0.0
7.9,0.44,0.37,5.85,0.033,27.0,93.0,0.992,3.16,0.54,12.6,7,0.2903225775234132,12.701600099193447,9.75307437892052,7.0,0.0
7.7,0.39,0.3,5.2,0.037,29.0,131.0,0.9943,3.38,0.44,11.0,6,0.22137404411164852,11.063048312331981,11.159404116805629,6.0,0.0
7.7,0.26,0.31,1.3,0.043,47.0,155.0,0.9937,3.42,0.5,10.1,6,0.3032258044953174,10.164023182023566,13.50874823026626,6.0,0.0
7.8,0.32,0.31,1.7,0.036,46.0,195.0,0.993,3.03,0.48,10.5,5,0.23589743468770547,10.574007478340908,12.380932728678207,5.0,0.0
7.3,0.24,0.39,3.6,0.024,35.0,116.0,0.9928,3.17,0.51,10.9,5,0.30172413532996434,10.979038095247688,11.58728319478858,6.44728238373925,-1.4472823837392497
7.1,0.44,0.37,2.7,0.041,35.0,128.0,0.9896,3.07,0.43,13.5,7,0.27343749786376953,13.641861720026554,8.765421277257682,7.0,0.0
10.3,0.25,0.48,2.2,0.042,28.0,164.0,0.998,3.19,0.59,9.7,5,0.17073170627602618,9.719429138848557,14.109569712918201,5.0,0.0
7.9,0.14,0.28,1.8,0.041,44.0,178.0,0.9954,3.45,0.43,9.2,6,0.24719100984724152,9.242506286411205,18.809479025049942,6.0,0.0
7.4,0.18,0.42,2.1,0.036,33.0,187.0,0.9938,3.4,0.41,10.6,7,0.17647058729160114,10.666119273375655,12.333312777812038,7.0,0.0
8.1,0.43,0.42,6.6,0.033,36.0,141.0,0.9918,2.98,0.39,13.3,7,0.2553191471253961,13.409948165004876,9.529400553646408,7.0,0.0
6.4,0.26,0.22,5.1,0.037,23.0,131.0,0.9944,3.29,0.32,10.1,5,0.17557251774372123,10.156868305643297,13.333305555613428,5.0,0.0
8.0,0.66,0.72,17.55,0.042,62.0,233.0,0.9999,2.92,0.68,9.4,4,0.26609441945882223,9.400930692138521,5.797097248480256,4.0,0.0
8.0,0.2,0.4,5.2,0.055,41.0,167.0,0.9953,3.18,0.4,10.6,7,0.2455089805658145,10.650044559384547,13.333311111148145,7.0,0.0
7.2,0.21,0.34,1.1,0.046,25.0,80.0,0.992,3.25,0.4,11.3,6,0.31249999609375007,11.391117549276665,13.090885289299473,6.0,0.0
7.2,0.18,0.31,1.1,0.045,20.0,73.0,0.9925,3.32,0.4,10.8,7,0.27397259898667675,10.88160112685025,14.693847563576401,7.0,0.0
8.4,0.57,0.44,10.7,0.051,46.0,195.0,0.9981,3.15,0.51,10.4,5,0.23589743468770547,10.419787175846933,8.316823448689656,5.444198986738606,-0.4441989867386056
5.3,0.26,0.23,5.15,0.034,48.0,160.0,0.9952,3.82,0.51,10.5,7,0.299999998125,10.55063248529694,10.816304456521518,5.731565020613085,1.2684349793869147
5.7,0.245,0.33,1.1,0.049,28.0,150.0,0.9927,3.13,0.42,9.3,5,0.18666666542222224,9.36837980419079,9.913026238215238,5.588879113827258,-0.5888791138272582
5.6,0.245,0.32,1.1,0.047,24.0,152.0,0.9927,3.12,0.42,9.3,6,0.1578947358033241,9.36837980419079,9.911486882324102,6.0,0.0
7.3,0.25,0.41,1.8,0.037,52.0,165.0,0.9911,3.29,0.39,12.2,7,0.315151513241506,12.309542619773362,11.060589302137421,7.0,0.0
7.0,0.16,0.73,1.0,0.138,58.0,150.0,0.9936,3.08,0.3,9.2,5,0.3866666640888889,9.259249940368417,7.86515970206775,5.0,0.0
6.4,0.22,0.34,1.8,0.057,29.0,104.0,0.9959,3.81,0.57,10.3,6,0.2788461511649409,10.342393470836962,11.428551020444605,5.964689572479999,0.03531042752000069
7.3,0.18,0.65,1.4,0.046,28.0,157.0,0.9946,3.33,0.62,9.4,6,0.17834394790863728,9.45102608985915,8.795170126301052,6.0,0.0
6.4,0.17,0.27,6.7,0.036,88.0,223.0,0.9948,3.28,0.35,10.2,6,0.3946188323111263,10.253306942795593,14.545421487678437,6.0,0.0
6.9,0.29,0.16,6.8,0.034,65.0,212.0,0.9955,3.08,0.39,9.0,6,0.30660377213866147,9.040673992291318,15.333299259334982,5.181290556249474,0.8187094437505262
6.2,0.21,0.38,6.8,0.036,64.0,245.0,0.9951,3.06,0.36,9.3,6,0.26122448872969595,9.345785000718521,10.508456765327518,6.0,0.0
6.4,0.23,0.3,7.1,0.037,63.0,236.0,0.9952,3.06,0.34,9.2,6,0.26694915141123243,9.244363701403032,12.075448914247332,6.0,0.0
7.3,0.19,0.68,1.5,0.05,31.0,156.0,0.9946,3.32,0.64,9.4,6,0.19871794744411572,9.45102608985915,8.390794953109248,6.0,0.0
9.6,0.29,0.46,1.45,0.039,77.5,223.0,0.9944,2.92,0.46,9.5,6,0.34753363072854876,9.553489990456567,12.799982933356087,6.082393025313413,-0.0823930253134133
7.2,0.14,0.35,1.2,0.036,15.0,73.0,0.9938,3.46,0.39,9.9,5,0.20547944924000755,9.961752906265943,14.693847563576401,5.0,0.0
6.9,0.31,0.34,7.4,0.059,36.0,174.0,0.9963,3.46,0.62,11.1,7,0.2068965505350773,11.141211340749432,10.615368284048794,7.0,0.0
7.5,0.28,0.34,4.2,0.028,36.0,116.0,0.991,2.99,0.41,12.3,8,0.3103448249108205,12.411692823720662,12.096754682653735,6.551632084992221,1.448367915007779
8.0,0.22,0.42,14.6,0.044,45.0,163.0,1.0003,3.21,0.69,8.6,7,0.2760736179381987,8.59741217893414,12.499980468780517,7.0,0.0
7.6,0.31,0.29,10.5,0.04,21.0,145.0,0.9966,3.04,0.35,9.4,5,0.1448275852080856,9.432059570480062,12.66664555559074,5.0,0.0
8.4,0.35,0.56,13.8,0.048,55.0,190.0,0.9993,3.07,0.58,9.4,6,0.28947368268698065,9.406575196062049,9.230759087077926,5.002227371802814,0.9977726281971862
8.1,0.5,0.47,1.1,0.037,23.0,126.0,0.9938,3.21,0.42,10.9,5,0.18253968109095492,10.967990573565533,8.350506855147572,5.20200968898128,-0.20200968898128036
7.0,0.39,0.31,5.3,0.169,32.0,162.0,0.9965,3.2,0.48,9.4,5,0.19753086297820455,9.433006088302971,9.999985714306122,5.0,0.0
6.2,0.22,0.27,1.5,0.064,20.0,132.0,0.9938,3.22,0.46,9.2,6,0.15151515036730948,9.257386539156228,12.65303540196857,6.0,0.0
7.0,0.24,0.36,4.9,0.083,10.0,133.0,0.9942,3.33,0.37,10.8,6,0.07518796935948896,10.86299450513528,11.66664722225463,6.0,0.0
6.6,0.27,0.3,1.9,0.025,14.0,153.0,0.9928,3.29,0.62,10.5,6,0.09150326737579564,10.57613761468814,11.578927054513937,6.0,0.0
7.8,0.16,0.41,1.7,0.026,29.0,140.0,0.991,3.02,0.78,12.5,6,0.20714285566326532,12.613508967195795,13.68418651897102,6.0,0.0
7.7,0.27,0.34,1.8,0.028,26.0,168.0,0.9911,2.99,0.48,12.1,7,0.15476190384070296,12.208644729447352,12.622930126344054,7.0,0.0
7.4,0.31,0.74,10.7,0.039,51.0,147.0,0.9977,3.02,0.43,8.7,5,0.3469387731500764,8.720047388947188,7.0476123356073,5.0,0.0
8.0,0.45,0.36,8.8,0.026,50.0,151.0,0.9927,3.07,0.25,12.7,8,0.3311258256216833,12.79337887238957,9.876531016628373,8.0,0.0
6.6,0.16,0.29,1.8,0.05,40.0,147.0,0.9912,3.06,0.44,11.4,7,0.2721088416863344,11.501199050444864,14.666634074146504,6.247572926383182,0.7524270736168184
8.3,0.21,0.4,1.6,0.032,35.0,110.0,0.9907,3.02,0.6,12.9,7,0.3181818152892562,13.021083051293983,13.606535071253983,7.0,0.0
7.2,0.32,0.33,1.4,0.029,29.0,109.0,0.9902,3.15,0.51,12.8,7,0.2660550434306877,12.926668423885657,11.076906035529175,7.0,0.0
6.6,0.16,0.3,1.6,0.034,15.0,78.0,0.992,3.38,0.44,11.2,6,0.1923076898422091,11.290311199283064,14.347794896098053,6.0,0.0
8.4,0.16,0.33,1.5,0.033,16.0,98.0,0.994,3.14,0.42,9.7,6,0.1632653044564765,9.758541490400914,17.142822157505805,6.0,0.0
7.5,0.23,0.32,9.2,0.038,54.0,191.0,0.9966,3.04,0.56,9.7,6,0.28272251160878265,9.733082748261339,13.636338843020283,6.0,0.0
6.2,0.17,0.3,1.1,0.037,14.0,79.0,0.993,3.5,0.54,10.3,6,0.1772151876301875,10.372597812086797,13.191461294763204,6.0,0.0
6.9,0.39,0.22,4.3,0.03,10.0,102.0,0.993,3.0,0.87,11.6,4,0.09803921472510574,11.681760642738526,11.311456866464153,5.0210693734137495,-1.0210693734137495
6.9,0.41,0.22,4.2,0.031,10.0,102.0,0.993,3.0,0.86,11.6,4,0.09803921472510574,11.681760642738526,10.952363567676876,4.0,0.0
7.5,0.38,0.33,5.0,0.045,30.0,131.0,0.9942,3.32,0.44,10.9,6,0.2290076318396364,10.963577787590236,10.5633654037107,6.0,0.0
7.3,0.42,0.38,6.8,0.045,29.0,122.0,0.9925,3.19,0.37,12.6,7,0.23770491608438593,12.695201314658624,9.124988593764257,6.7568450303370975,0.2431549696629025
7.3,0.34,0.39,5.2,0.04,45.0,163.0,0.9925,3.3,0.47,12.4,6,0.2760736179381987,12.493690182679916,9.999986301388628,6.0,0.0
7.8,0.23,0.28,4.75,0.042,45.0,166.0,0.9928,2.96,0.4,11.5,5,0.2710843357163594,11.58338881608701,15.294087658651648,5.7471338845118165,-0.7471338845118165
9.0,0.245,0.38,5.9,0.045,52.0,159.0,0.995,2.93,0.35,10.2,6,0.3270440231003521,10.251245978647257,14.399976960036863,6.092231924174092,-0.09223192417409187
6.9,0.2,0.4,7.7,0.032,51.0,176.0,0.9939,3.22,0.27,11.4,5,0.28977272562629136,11.469955257113133,11.499980833365276,5.0,0.0
7.4,0.19,0.42,6.4,0.067,39.0,212.0,0.9958,3.3,0.33,9.6,6,0.18396226328319687,9.640480377103456,12.131127653889092,6.0,0.0
8.2,0.2,0.36,8.1,0.035,60.0,163.0,0.9952,3.05,0.3,10.3,6,0.36809815725093153,10.349668057005571,14.64283099494465,6.0,0.0
8.0,0.59,0.71,17.35,0.038,61.0,228.0,1.0,2.95,0.75,9.3,5,0.26754385847568485,9.299990700009301,6.153841420121986,5.0,0.0
7.9,0.14,0.45,1.8,0.05,17.0,114.0,0.9948,3.33,0.49,10.7,7,0.14912280570944908,10.75592002822675,13.38980781388506,7.0,0.0
6.8,0.24,0.4,1.8,0.047,34.0,105.0,0.99,3.13,0.49,12.8,8,0.32380952072562363,12.929279869414273,10.624983398463439,8.0,0.0
9.7,0.14,0.59,1.5,0.049,23.0,142.0,0.9958,2.98,0.62,9.5,5,0.1619718298452688,9.54005870650863,13.287653030612285,5.034927355883286,-0.034927355883286104
9.2,0.15,0.68,1.6,0.046,22.0,130.0,0.9948,3.02,0.45,10.4,6,0.1692307679289941,10.454352176968056,11.084323994790365,5.369374994733094,0.6306250052669062
9.4,0.17,0.55,1.6,0.049,14.0,94.0,0.9949,3.02,0.61,10.3,6,0.14893616862833864,10.352788870450427,13.055537422864688,4.58480442756169,1.4151955724383098
5.2,0.365,0.08,13.5,0.041,37.0,142.0,0.997,3.46,0.39,9.9,6,0.26056337844673677,9.92977940844593,11.685366999175283,6.0,0.0
6.3,0.23,0.22,3.75,0.039,37.0,116.0,0.9927,3.23,0.5,10.7,6,0.3189655144916766,10.778673538154992,13.999968888958024,5.8047857961730935,0.19521420382690646
9.6,0.25,0.54,1.3,0.04,16.0,160.0,0.9938,2.94,0.43,10.5,5,0.09999999937500001,10.565495506645696,12.151883352046388,5.0,0.0
9.2,0.32,0.42,1.3,0.046,14.0,186.0,0.9949,3.08,0.48,9.6,5,0.07526881679963002,9.649201277313018,12.432415631870766,5.0,0.0
6.4,0.31,0.4,6.2,0.04,46.0,169.0,0.9953,3.15,0.46,9.3,6,0.2721893475018382,9.34390701908267,9.014071811166463,6.0,0.0
8.1,0.2,0.36,9.7,0.044,63.0,162.0,0.997,3.1,0.46,10.0,6,0.3888888864883402,10.030080210551443,14.464259885250202,6.0,0.0
7.9,0.255,0.26,2.0,0.026,40.0,190.0,0.9932,3.04,0.39,11.2,6,0.21052631468144045,11.276670079873057,15.339776039269825,5.541662850338137,0.4583371496618627
7.0,0.15,0.34,1.4,0.039,21.0,177.0,0.9927,3.32,0.62,10.8,5,0.11864406712630471,10.879408804866722,14.285685131254835,5.817687087592349,-0.8176870875923488
6.4,0.15,0.31,1.1,0.044,25.0,96.0,0.9932,3.54,0.51,10.3,6,0.2604166639539931,10.37050909131183,13.913013232579932,6.0,0.0
6.4,0.25,0.53,6.6,0.038,59.0,234.0,0.9955,3.03,0.42,8.8,5,0.25213675105924466,8.839770125795956,8.205117685746556,5.0,0.0
7.6,0.19,0.42,1.5,0.044,6.0,114.0,0.9914,3.04,0.74,12.8,6,0.05263157848568791,12.911021877121367,12.458995968859066,6.0,0.0
7.3,0.43,0.37,4.6,0.028,17.0,114.0,0.991,3.23,0.43,13.2,6,0.14912280570944908,13.319865469358758,9.124988593764257,6.0,0.0
5.1,0.31,0.3,0.9,0.037,28.0,152.0,0.992,3.54,0.56,10.1,6,0.18421052510387811,10.181441349353477,8.360642031734374,6.0,0.0
6.2,0.2,0.26,1.7,0.093,40.0,161.0,0.9924,3.44,0.66,11.0,5,0.24844720342579377,11.084229056601112,13.478231569061807,5.0,0.0
6.9,0.16,0.35,1.3,0.043,21.0,182.0,0.9927,3.25,0.62,10.8,6,0.11538461475063398,10.879408804866722,13.529385236499536,6.0,0.0
7.7,0.32,0.48,2.3,0.04,28.0,114.0,0.9911,3.2,0.52,12.8,7,0.24561403293321024,12.914929961729431,9.624987968765039,7.0,0.0
6.5,0.22,0.72,6.8,0.042,33.0,168.0,0.9958,3.12,0.36,9.2,6,0.19642857025935376,9.238793694724146,6.914886260759297,6.0,0.0
6.8,0.26,0.33,1.5,0.047,44.0,167.0,0.9928,3.12,0.44,10.5,6,0.2634730523145326,10.57613761468814,11.525404194230177,6.0,0.0
5.2,0.37,0.33,1.2,0.028,13.0,81.0,0.9902,3.37,0.38,11.7,6,0.16049382517908858,11.815782856207981,7.428560816341691,6.0,0.0
8.4,0.19,0.43,2.1,0.052,20.0,104.0,0.994,2.85,0.46,9.5,5,0.1923076904585799,9.55733444936172,13.548365244572187,5.0,0.0
8.3,0.21,0.41,2.2,0.05,24.0,108.0,0.994,2.85,0.45,9.5,5,0.22222222016460907,9.55733444936172,13.387075182136803,5.0,0.0
6.8,0.15,0.32,8.8,0.058,24.0,110.0,0.9972,3.4,0.4,8.8,6,0.21818181619834712,8.82470033624114,14.468054323288674,6.031921398905779,-0.031921398905779164
7.9,0.16,0.64,17.0,0.05,69.0,210.0,1.0004,3.15,0.51,9.3,7,0.32857142700680275,9.296272194849868,9.874987656265429,7.0,0.0
7.8,0.21,0.39,1.8,0.034,62.0,180.0,0.991,3.09,0.75,12.6,8,0.3444444425308642,12.71441703893336,12.999978333369445,8.0,0.0
9.0,0.24,0.5,1.2,0.048,26.0,107.0,0.9918,3.21,0.34,12.4,6,0.24299065193466682,12.502508063613567,12.162145726830099,6.0,0.0
5.7,0.21,0.24,2.3,0.047,60.0,189.0,0.995,3.65,0.72,10.1,6,0.3174603157806333,10.150743567091892,12.666638518581072,6.0,0.0
7.8,0.29,0.36,7.0,0.042,38.0,161.0,0.9941,3.26,0.37,11.2,8,0.2360248432545041,11.266460852569306,11.999981538489942,8.0,0.0
6.7,0.18,0.3,6.4,0.048,40.0,251.0,0.9956,3.29,0.52,10.0,5,0.15936254916588627,10.044184367030567,13.958304253532807,5.0,0.0
8.4,0.58,0.27,12.15,0.033,37.0,116.0,0.9959,2.99,0.39,10.8,6,0.3189655144916766,10.844451406314484,9.882341314892571,5.949188982669119,0.050811017330881114
7.2,0.16,0.32,0.8,0.04,50.0,121.0,0.9922,3.27,0.33,10.0,6,0.41322313708080055,10.078603024991912,14.999968750065106,6.0,0.0
7.6,0.54,0.23,2.0,0.029,13.0,151.0,0.9931,3.04,0.33,10.4,5,0.08609271466163765,10.472248039222597,9.870117051796036,5.0,0.0
6.6,0.25,0.31,12.4,0.059,52.0,181.0,0.9984,3.51,0.47,9.8,6,0.2872928160923049,9.815695296779552,11.785693239833497,5.401592133011568,0.5984078669884321
7.3,0.23,0.37,1.9,0.041,51.0,165.0,0.9908,3.26,0.4,12.2,8,0.3090909072176309,12.313269768601362,12.166646388922684,8.0,0.0
7.3,0.39,0.37,1.1,0.043,36.0,113.0,0.991,3.39,0.48,12.7,8,0.3185840679771321,12.815325110670926,9.60525051940721,8.0,0.0
7.0,0.46,0.39,6.2,0.039,46.0,163.0,0.9928,3.21,0.35,12.2,7,0.2822085872257142,12.288464657066218,8.235284429077142,7.0,0.0
8.2,0.35,0.4,6.3,0.039,35.0,162.0,0.9936,3.15,0.34,11.9,7,0.21604938138241123,11.976638509824365,10.93331875557499,7.0,0.0
9.2,0.35,0.39,0.9,0.042,15.0,61.0,0.9924,2.96,0.28,10.4,4,0.24590163531308795,10.47963474442287,12.432415631870766,4.0,0.0
8.0,0.57,0.39,3.9,0.034,22.0,122.0,0.9917,3.29,0.67,12.8,7,0.18032786737436174,12.907116156986834,8.33332465278682,7.0,0.0
6.5,0.37,0.33,3.9,0.027,40.0,130.0,0.9906,3.28,0.39,12.7,7,0.30769230532544384,12.820499878356673,9.285701020427114,7.0,0.0
7.8,0.13,0.3,1.8,0.04,43.0,179.0,0.9955,3.43,0.41,9.0,5,0.24022346234512032,9.040673992291318,18.13949269885419,5.7747275385247,-0.7747275385246999
7.6,0.19,0.41,1.1,0.04,38.0,143.0,0.9907,2.92,0.42,11.4,5,0.2657342638759842,11.507003626724915,12.66664555559074,5.0,0.0
7.3,0.22,0.41,15.4,0.05,55.0,191.0,1.0,3.32,0.59,8.9,6,0.28795811367561197,8.8999911000089,11.58728319478858,6.0,0.0
6.3,0.29,0.4,6.5,0.039,43.0,167.0,0.9953,3.15,0.44,9.3,6,0.25748502839829324,9.34390701908267,9.130421550113695,6.0,0.0
6.8,0.35,0.32,2.4,0.048,35.0,103.0,0.9911,3.28,0.46,12.0,8,0.3398058219436328,12.10774683912134,10.149238583225996,8.0,0.0
6.5,0.19,0.32,1.4,0.04,31.0,132.0,0.9922,3.36,0.54,10.8,7,0.23484848306932968,10.884891266991266,12.745073048876375,7.0,0.0
6.2,0.12,0.26,5.7,0.044,56.0,158.0,0.9951,3.52,0.37,10.5,6,0.35443037750360523,10.551692742746717,16.315746537509114,6.0,0.0
6.0,0.13,0.28,5.7,0.038,56.0,189.5,0.9948,3.59,0.43,10.6,7,0.2955145103139076,10.655397411140518,14.634110648510614,7.0,0.0
6.4,0.25,0.33,1.4,0.04,42.0,115.0,0.9906,3.19,0.48,11.3,7,0.3652173881285445,11.407216427199245,11.034463733683216,7.0,0.0
6.9,0.32,0.16,1.4,0.051,15.0,96.0,0.994,3.22,0.38,9.5,4,0.15624999837239587,9.55733444936172,14.374970052145727,4.0,0.0
6.7,0.13,0.28,1.2,0.046,35.0,140.0,0.9927,3.33,0.33,10.1,7,0.24999999821428573,10.17426193788462,16.341423557503518,7.0,0.0
7.0,0.14,0.41,0.9,0.037,22.0,95.0,0.9914,3.25,0.43,10.9,6,0.23157894493074796,10.994542067236164,12.727249586818932,5.904209111665865,0.09579088833413518
7.6,0.27,0.24,3.8,0.058,19.0,115.0,0.9958,3.15,0.45,8.9,5,0.16521738986767487,8.937528682939664,14.901931564840067,5.0,0.0
7.4,0.64,0.47,14.15,0.168,42.0,185.0,0.9984,2.9,0.49,9.3,5,0.22702702579985393,9.314894516331615,6.666660660666073,5.0,0.0
7.6,0.28,0.39,1.9,0.052,23.0,116.0,0.9941,3.25,0.4,10.4,6,0.19827586035969086,10.461713648814357,11.343266651840816,6.0,0.0
8.3,0.26,0.41,9.2,0.042,41.0,162.0,0.9944,3.1,0.38,12.0,7,0.25308641819082456,12.06756630373461,12.38804121187879,6.2561664086639,0.7438335913360996
10.7,0.22,0.56,8.2,0.044,37.0,181.0,0.998,2.87,0.68,9.5,6,0.20441988837337077,9.519028538047557,13.717931130857522,6.0,0.0
6.9,0.23,0.34,2.7,0.032,24.0,121.0,0.9902,3.14,0.38,12.4,7,0.19834710579878426,12.522710035639228,12.105241920628208,6.778069407674005,0.22193059232599488
6.2,0.3,0.32,1.7,0.032,30.0,130.0,0.9911,3.28,0.41,11.2,7,0.23076922899408286,11.30056371651325,9.999983870993756,6.000926203431544,0.9990737965684557
6.9,0.27,0.41,1.7,0.047,6.0,134.0,0.9929,3.15,0.69,11.4,6,0.044776119068834934,11.481507219753027,10.147043901406029,6.0,0.0
6.9,0.28,0.41,1.7,0.05,10.0,136.0,0.993,3.16,0.71,11.4,6,0.07352941122404845,11.480350976484415,9.999985507267382,6.0,0.0
6.9,0.28,0.3,1.6,0.047,46.0,132.0,0.9918,3.35,0.38,11.1,7,0.34848484584481176,11.191761250492789,11.896531212877218,7.0,0.0
6.9,0.46,0.2,0.9,0.054,5.0,126.0,0.992,3.1,0.42,10.4,6,0.03968253936759889,10.483860399334276,10.454529614349068,6.0,0.0
6.9,0.38,0.32,8.5,0.044,36.0,152.0,0.9932,3.38,0.35,12.0,7,0.23684210370498615,12.082146514149704,9.857128775530322,7.0,0.0
5.7,0.43,0.3,5.7,0.039,24.0,98.0,0.992,3.54,0.61,12.3,7,0.24489795668471473,12.399181049212652,7.808208481906189,7.0,0.0
6.6,0.56,0.16,3.1,0.045,28.0,92.0,0.994,3.12,0.35,9.1,6,0.30434782277882805,9.154920367283331,9.166653935202866,4.532281420253942,1.467718579746058
7.1,0.36,0.56,1.3,0.046,25.0,102.0,0.9923,3.24,0.33,10.5,6,0.24509803681276435,10.581466712217361,7.717382915888134,6.0,0.0
6.8,0.23,0.4,1.6,0.047,5.0,133.0,0.993,3.23,0.7,11.4,6,0.03759398467974448,11.480350976484415,10.79363366089895,6.0,0.0
6.2,0.33,0.29,1.3,0.042,26.0,138.0,0.9956,3.77,0.64,9.5,5,0.1884057957361899,9.541975148679038,9.999983870993756,5.0,0.0
5.6,0.49,0.13,4.5,0.039,17.0,116.0,0.9907,3.42,0.9,13.7,7,0.14655172287455412,13.828592077730818,9.032243496381456,7.0,0.0
6.6,0.42,0.33,2.8,0.034,15.0,85.0,0.99,3.28,0.51,13.4,6,0.17647058615916958,13.535339863293068,8.79998826668231,6.0,0.0
7.3,0.18,0.29,1.2,0.044,12.0,143.0,0.9918,3.2,0.48,11.3,7,0.08391608332925816,11.393414606357526,15.531881847059902,7.0,0.0
8.1,0.19,0.4,0.9,0.037,73.0,180.0,0.9926,3.06,0.34,10.0,6,0.4055555533024692,10.074541532801195,13.728790290185946,6.0,0.0
5.9,0.19,0.26,7.4,0.034,33.0,123.0,0.995,3.49,0.42,10.1,6,0.268292680745588,10.150743567091892,13.11108197537339,6.0,0.0
6.2,0.16,0.47,1.4,0.029,23.0,81.0,0.99,3.26,0.42,12.2,6,0.2839506137783875,12.323219875535479,9.841254220231397,6.0,0.0
5.7,0.135,0.3,4.6,0.042,19.0,101.0,0.9946,3.31,0.42,9.3,6,0.18811881001862565,9.350483259115967,13.103418153061718,6.0,0.0
6.9,0.19,0.33,1.6,0.039,27.0,98.0,0.9898,3.09,0.46,12.3,7,0.27551020127030407,12.426740324570293,13.269205251528362,7.0,0.0
7.3,0.25,0.36,13.1,0.05,35.0,200.0,0.9986,3.04,0.46,8.9,7,0.174999999125,8.912468543492345,11.967193496404104,7.0,0.0
7.0,0.2,0.34,5.7,0.035,32.0,83.0,0.9928,3.19,0.46,11.5,6,0.3855421640296125,11.58338881608701,12.962938957520448,6.0,0.0
6.3,0.67,0.48,12.6,0.052,57.0,222.0,0.9979,3.17,0.52,9.3,6,0.2567567556001948,9.319561760134523,5.478256105864256,5.081239608557167,0.9187603914428326
7.4,0.4,0.29,5.4,0.044,31.0,122.0,0.994,3.3,0.5,11.1,8,0.25409835857296426,11.166990777675274,10.724622138228787,8.0,0.0
7.1,0.26,0.31,2.2,0.044,29.0,128.0,0.9937,3.34,0.64,10.9,8,0.22656249822998048,10.969094325154146,12.45611849803772,5.995320711164547,2.0046792888354528
9.0,0.31,0.48,6.6,0.043,11.0,73.0,0.9938,2.9,0.38,11.6,5,0.1506849294426722,11.672356940675245,11.39239064254349,5.0,0.0
6.3,0.39,0.24,6.9,0.069,9.0,117.0,0.9942,3.15,0.35,10.2,4,0.07692307626561473,10.25949481040554,9.999984127009322,5.1750642368998925,-1.1750642368998925
8.2,0.22,0.36,6.8,0.034,12.0,90.0,0.9944,3.01,0.38,10.5,8,0.13333333185185187,10.559120515767784,14.137906658781622,8.0,0.0
7.1,0.19,0.28,3.6,0.033,16.0,78.0,0.993,2.91,0.78,11.4,6,0.2051282024983564,11.480350976484415,15.106350837551409,6.0,0.0
7.9,0.2,0.34,1.2,0.04,29.0,118.0,0.9932,3.14,0.41,10.6,6,0.24576270978167195,10.672562754165572,14.629602537773078,6.031283628860247,-0.031283628860246715
7.1,0.26,0.32,5.9,0.037,39.0,97.0,0.9934,3.31,0.4,11.6,6,0.40206185152513557,11.677056898473023,12.241358204554817,6.0,0.0
6.9,0.3,0.33,4.1,0.035,26.0,155.0,0.9925,3.25,0.79,12.3,8,0.16774193440166493,12.392934616690562,10.952363567676876,8.0,0.0
8.1,0.29,0.49,7.1,0.042,22.0,124.0,0.9944,3.14,0.41,10.8,6,0.17741935340790843,10.86080967336115,10.384602071022984,6.0,0.0
5.8,0.17,0.3,1.4,0.037,55.0,130.0,0.9909,3.29,0.38,11.3,6,0.42307691982248524,11.40376283806354,12.340399275746222,6.0,0.0
5.9,0.415,0.02,0.8,0.038,22.0,63.0,0.9932,3.36,0.36,9.3,5,0.34920634366339137,9.363663548466022,13.563187211063884,5.0,0.0
6.6,0.23,0.26,1.3,0.045,16.0,128.0,0.9934,3.36,0.6,10.0,6,0.12499999902343752,10.066428360752607,13.469360266611702,6.0,0.0
8.6,0.55,0.35,15.55,0.057,35.5,366.5,1.0001,3.04,0.63,11.0,3,0.09686220983120816,10.998889112199668,9.5555449382834,3.0,0.0
6.9,0.35,0.74,1.0,0.044,18.0,132.0,0.992,3.13,0.55,10.2,5,0.13636363533057852,10.282247699347076,6.330269421771174,5.219471286258597,-0.2194712862585968
7.6,0.14,0.74,1.6,0.04,27.0,103.0,0.9916,3.07,0.4,10.8,7,0.26213591978508816,10.891477519687859,8.636353822325201,7.0,0.0
9.2,0.28,0.49,11.8,0.042,29.0,137.0,0.998,3.1,0.34,10.1,4,0.21167883057168738,10.12023034045056,11.948036431121517,4.0,0.0
6.2,0.18,0.49,4.5,0.047,17.0,90.0,0.9919,3.27,0.37,11.6,6,0.18888888679012347,11.694715500841314,9.25371753176488,6.0,0.0
5.3,0.165,0.24,1.1,0.051,25.0,105.0,0.9925,3.32,0.47,9.1,5,0.23809523582766443,9.168756505031228,13.086387441018664,5.5417792526362195,-0.5417792526362195
9.8,0.25,0.74,10.0,0.056,36.0,225.0,0.9977,3.06,0.43,10.0,4,0.1599999992888889,10.023042975801367,9.898979900020304,4.0,0.0
6.8,0.22,0.49,0.9,0.052,26.0,128.0,0.991,3.25,0.35,11.4,6,0.20312499841308596,11.503520178082566,9.577451299364366,6.0,0.0
7.2,0.22,0.49,1.0,0.045,34.0,140.0,0.99,3.05,0.34,12.7,6,0.242857141122449,12.828269870434474,10.14083078756227,6.0,0.0
7.4,0.25,0.49,1.1,0.042,35.0,156.0,0.9917,3.13,0.55,11.3,5,0.2243589729207758,11.394563482339938,9.999986486504747,5.0,0.0
8.2,0.18,0.49,1.1,0.033,28.0,81.0,0.9923,3.0,0.68,10.4,7,0.345679008078037,10.480690838767673,12.238787703301934,7.0,0.0
6.1,0.22,0.49,1.5,0.051,18.0,87.0,0.9928,3.3,0.46,9.6,5,0.20689654934601667,9.669611533429157,8.591537195018034,5.7048280018198385,-0.7048280018198385
7.0,0.39,0.24,1.0,0.048,8.0,119.0,0.9923,3.0,0.31,10.1,4,0.06722689019137067,10.178363218418605,11.111093474454801,4.0,0.0
6.5,0.36,0.49,2.9,0.03,16.0,94.0,0.9902,3.1,0.49,12.1,7,0.17021276414667272,12.219741244454408,7.647049827000203,7.0,0.0
7.1,0.29,0.49,1.2,0.031,32.0,99.0,0.9893,3.07,0.33,12.2,6,0.3232323199673503,12.331939419853006,9.102552432625085,6.0,0.0
6.9,0.23,0.24,14.2,0.053,19.0,94.0,0.9982,3.17,0.5,9.6,5,0.20212765742417385,9.617301525444274,14.680819828042921,5.0,0.0
8.5,0.56,0.74,17.85,0.051,51.0,243.0,1.0005,2.99,0.7,9.2,5,0.20987654234618708,9.195393108052865,6.538456508879609,5.0,0.0
6.3,0.23,0.49,7.1,0.05,67.0,210.0,0.9951,3.23,0.34,9.5,5,0.3190476175283447,9.546769624389887,8.749987847239101,5.0,0.0
6.1,0.25,0.49,7.6,0.052,67.0,226.0,0.9956,3.16,0.47,8.9,5,0.29646017567937977,8.939324086657205,8.2432321037404,5.0,0.0
7.2,0.26,0.74,13.6,0.05,56.0,162.0,0.998,3.03,0.44,8.8,5,0.345679010211858,8.817626435244053,7.199992800007201,5.0,0.0
7.2,0.31,0.24,1.4,0.057,17.0,117.0,0.9928,3.16,0.35,10.5,5,0.1452991440572723,10.57613761468814,13.090885289299473,5.0,0.0
8.0,0.25,0.49,1.2,0.061,27.0,117.0,0.9938,3.08,0.34,9.4,5,0.2307692287968442,9.458634072616148,10.810796201626754,5.0,0.0
7.0,0.18,0.49,5.3,0.04,34.0,125.0,0.9914,3.24,0.4,12.2,6,0.27199999782400003,12.305817726631302,10.447745600379701,6.0,0.0
7.8,0.43,0.49,13.0,0.033,37.0,158.0,0.9955,3.14,0.35,11.3,6,0.23417721370773917,11.351068456987988,8.47825165407429,6.721337811158071,-0.7213378111580706
8.3,0.2,0.74,4.45,0.044,33.0,130.0,0.9924,3.25,0.42,12.2,6,0.25384615189349113,12.293417680957596,8.829777840661873,6.0,0.0
6.3,0.27,0.49,1.2,0.063,35.0,92.0,0.9911,3.38,0.42,12.2,6,0.380434778473535,12.309542619773362,8.289462777022662,6.0,0.0
7.4,0.16,0.49,1.2,0.055,18.0,150.0,0.9917,3.23,0.47,11.2,6,0.11999999920000001,11.293726637363479,11.384597869849431,6.0,0.0
6.9,0.19,0.49,6.6,0.036,49.0,172.0,0.9932,3.2,0.27,11.5,6,0.28488371927393186,11.5787237427268,10.147043901406029,6.070835594887086,-0.07083559488708602
7.2,0.4,0.49,1.1,0.048,11.0,138.0,0.9929,3.01,0.42,9.3,5,0.07971014434992649,9.366492731903785,8.089878550698257,5.0,0.0
7.6,0.52,0.49,14.0,0.034,37.0,156.0,0.9958,3.14,0.38,11.8,7,0.23717948565910588,11.849757130189667,7.524745025004926,6.760665898269992,0.2393341017300079
8.3,0.21,0.49,19.8,0.054,50.0,231.0,1.0012,2.99,0.54,9.2,5,0.21645021551320254,9.18896405417094,11.857125918391546,5.0,0.0
6.9,0.34,0.74,11.2,0.069,44.0,150.0,0.9968,3.0,0.81,9.2,5,0.2933333313777778,9.22952525127884,6.388882973256506,5.0,0.0
7.1,0.22,0.74,2.7,0.044,42.0,144.0,0.991,3.31,0.41,12.2,6,0.2916666646412037,12.310784751983094,7.395825629348303,6.593513537888955,-0.5935135378889553
7.9,0.11,0.49,4.5,0.048,27.0,133.0,0.9946,3.24,0.42,10.6,6,0.20300751727062016,10.657540058777338,13.166644722258797,6.0,0.0
8.5,0.17,0.74,3.6,0.05,29.0,128.0,0.9928,3.28,0.4,12.4,6,0.22656249822998048,12.489914897345994,9.340649076209806,5.927530076361867,0.07246992363813298
6.4,0.145,0.49,5.4,0.048,54.0,164.0,0.9946,3.56,0.44,10.8,6,0.32926829067519336,10.858625720263703,10.078724285473566,6.0,0.0
8.3,0.19,0.49,1.2,0.051,11.0,137.0,0.9918,3.06,0.46,11.0,6,0.08029197021684693,11.090934572560423,12.205864403140586,5.579972457409627,0.4200275425903728
8.0,0.44,0.49,9.1,0.031,46.0,151.0,0.9926,3.16,0.27,12.7,8,0.3046357595719486,12.794667746657517,8.602141288020121,8.0,0.0
7.0,0.2,0.74,0.8,0.044,19.0,163.0,0.9931,3.46,0.53,10.2,5,0.11656441646279499,10.270858653852931,7.446800588510013,5.0,0.0
7.1,0.25,0.49,3.0,0.03,30.0,96.0,0.9903,3.13,0.39,12.3,7,0.31249999674479173,12.420466100710795,9.594581628943743,7.0,0.0
6.5,0.24,0.24,1.6,0.046,15.0,60.0,0.9928,3.19,0.39,9.8,5,0.2499999958333334,9.87106177370893,13.541638454919887,5.0,0.0
7.8,0.21,0.49,1.35,0.052,6.0,48.0,0.9911,3.15,0.28,11.4,5,0.1249999973958334,11.502359497165275,11.142841224512537,5.0,0.0
7.0,0.2,0.49,5.9,0.038,39.0,128.0,0.9938,3.21,0.48,10.8,6,0.30468749761962893,10.867366806835573,10.144912833459662,6.0,0.0
6.9,0.25,0.24,3.6,0.057,13.0,85.0,0.9942,2.99,0.48,9.5,4,0.1529411746712803,9.555411833220848,14.081603915094053,5.2793366889581534,-1.2793366889581534
7.2,0.08,0.49,1.3,0.05,18.0,148.0,0.9945,3.46,0.44,10.2,6,0.12162162079985392,10.25639994328814,12.63155678674248,6.0,0.0
7.1,0.85,0.49,8.7,0.028,40.0,184.0,0.9962,3.22,0.36,10.7,5,0.2173913031663516,10.740804315594945,5.298503508579472,5.0,0.0
7.6,0.51,0.24,1.2,0.04,10.0,104.0,0.992,3.05,0.29,10.8,6,0.09615384522928995,10.88708579930867,10.133319822240237,6.0,0.0
7.9,0.22,0.24,4.6,0.044,39.0,159.0,0.9927,2.99,0.28,11.5,6,0.24528301732526406,11.584555671848824,17.173875708965852,6.0,0.0
7.7,0.16,0.49,2.0,0.056,20.0,124.0,0.9948,3.32,0.49,10.7,6,0.16129032127991677,10.75592002822675,11.846135621329813,6.0,0.0
6.6,0.25,0.24,1.7,0.048,26.0,124.0,0.9942,3.37,0.6,10.1,6,0.2096774176638918,10.158911527950584,13.469360266611702,6.0,0.0
6.7,0.16,0.49,2.4,0.046,57.0,187.0,0.9952,3.62,0.81,10.4,6,0.3048128325945838,10.450150271151255,10.307676449728538,6.0,0.0
7.5,0.32,0.24,4.6,0.053,8.0,134.0,0.9958,3.14,0.5,9.1,3,0.05970149209177991,9.138372024129318,13.392833227083521,3.0,0.0
7.4,0.28,0.49,1.5,0.034,20.0,126.0,0.9918,2.98,0.39,10.6,6,0.15873015747039557,10.687627860830952,9.610377129380351,6.0,0.0
6.2,0.15,0.49,0.9,0.033,17.0,51.0,0.9932,3.3,0.7,9.4,6,0.33333332679738575,9.464348102750602,9.6874848633049,6.0,0.0
6.7,0.25,0.74,19.4,0.054,44.0,169.0,1.0004,3.51,0.45,9.8,6,0.2603550280452365,9.79607177521814,6.767669931646534,6.0,0.0
6.5,0.26,0.74,13.3,0.044,68.0,224.0,0.9972,3.18,0.54,9.5,6,0.303571427216199,9.526665135714866,6.4999935000065,6.0,0.0
7.9,0.16,0.74,17.85,0.037,52.0,187.0,0.9998,2.99,0.41,9.3,5,0.27807486482312904,9.301851068362604,8.777768024702194,5.271848844020914,-0.2718488440209139
5.6,0.185,0.49,1.1,0.03,28.0,117.0,0.9918,3.55,0.45,10.3,6,0.2393162372708014,10.385147827033851,8.296284005505175,6.0,0.0
7.5,0.2,0.49,1.3,0.031,8.0,97.0,0.9918,3.06,0.62,11.1,5,0.08247422595387396,11.191761250492789,10.869549464421066,5.0,0.0
8.0,0.3,0.49,9.4,0.046,47.0,188.0,0.9964,3.14,0.48,10.0,5,0.24999999867021278,10.03611999586512,10.126569460038658,5.0,0.0
8.0,0.34,0.49,9.0,0.033,39.0,180.0,0.9936,3.13,0.38,12.3,8,0.21666666546296298,12.37921459418821,9.638542604165536,8.0,0.0
7.7,0.35,0.49,8.65,0.033,42.0,186.0,0.9931,3.14,0.38,12.4,8,0.22580645039889005,12.48614189291925,9.166655753981246,8.0,0.0
7.6,0.29,0.49,9.6,0.03,45.0,197.0,0.9938,3.13,0.38,12.3,7,0.22842639477956145,12.376723307784959,9.743577251824036,6.9321794600110795,0.06782053998892046
6.7,0.62,0.24,1.1,0.039,6.0,62.0,0.9934,3.41,0.32,10.4,5,0.09677419198751304,10.46908549518271,7.790688615478354,5.0,0.0
6.8,0.27,0.49,1.2,0.044,35.0,126.0,0.99,3.13,0.48,12.1,7,0.2777777755731923,12.222209876555679,8.947356648214935,7.0,0.0
7.7,0.27,0.49,1.8,0.041,23.0,86.0,0.9914,3.16,0.42,12.5,6,0.2674418573553273,12.608419801876336,10.131565616361032,6.0,0.0
6.7,0.51,0.24,2.1,0.043,14.0,155.0,0.9904,3.22,0.6,13.0,6,0.09032258006243497,13.125996439825888,8.933321422238103,6.0,0.0
7.4,0.19,0.49,9.3,0.03,26.0,132.0,0.994,2.99,0.32,11.0,7,0.19696969547750232,11.066387257155677,10.8823369377398,7.0,0.0
8.3,0.2,0.49,1.7,0.04,34.0,169.0,0.9938,3.05,0.37,10.1,5,0.20118343076222822,10.16300043972586,12.028968073959314,5.0,0.0
6.6,0.3,0.24,1.2,0.034,17.0,121.0,0.9933,3.13,0.36,9.2,5,0.14049586660747218,9.262046449162941,12.222199588519278,5.178588447116342,-0.1785884471163417
6.8,0.36,0.24,4.6,0.039,24.0,124.0,0.9909,3.27,0.34,12.6,7,0.19354838553590012,12.715700155716867,11.333314444475926,7.0,0.0
7.0,0.17,0.74,12.8,0.045,24.0,126.0,0.9942,3.26,0.38,12.2,8,0.19047618896447469,12.271160459504667,7.6922992392316045,6.17756997572073,1.82243002427927
9.2,0.18,0.49,1.5,0.041,39.0,130.0,0.9945,3.04,0.49,9.8,7,0.29999999769230773,9.854188180806254,13.731322789070465,7.0,0.0
8.1,0.2,0.49,8.1,0.051,51.0,205.0,0.9954,3.1,0.52,11.0,6,0.24878048659131471,11.050822733752527,11.739113421574752,5.92450639326427,0.07549360673572991
7.8,0.26,0.74,7.5,0.044,59.0,160.0,0.996,3.22,0.64,10.0,6,0.3687499976953125,10.040150562097828,7.7999922000078,6.0,0.0
6.8,0.21,0.49,14.5,0.06,50.0,170.0,0.9991,3.55,0.44,9.8,6,0.29411764532871976,9.80881812749662,9.714271836754518,6.0,0.0
7.9,0.2,0.49,1.6,0.053,15.0,144.0,0.993,3.16,0.47,10.5,5,0.10416666594328704,10.574007478340908,11.449258769190191,5.0,0.0
8.0,0.18,0.49,1.8,0.061,10.0,145.0,0.9942,3.23,0.48,10.0,5,0.06896551676575506,10.058328245495629,11.940280686148231,5.0,0.0
8.8,0.23,0.74,3.2,0.042,15.0,126.0,0.9934,3.02,0.51,11.2,6,0.11904761810279668,11.274399764042919,9.07215559571588,6.0,0.0
7.3,0.22,0.49,9.4,0.034,29.0,134.0,0.9939,2.99,0.32,11.0,7,0.21641790883270218,11.06750068668811,10.281675659611746,6.281574867717425,0.718425132282575
7.3,0.22,0.49,9.9,0.031,48.0,161.0,0.9937,3.01,0.28,11.2,6,0.29813664411095253,11.270996003828111,10.281675659611746,6.0,0.0
7.3,0.155,0.49,1.3,0.039,34.0,136.0,0.9926,3.14,0.77,10.5,6,0.2499999981617647,10.578268609441254,11.31781191036913,6.0,0.0
8.2,0.22,0.49,9.6,0.037,53.0,154.0,0.9951,3.02,0.33,10.6,6,0.34415584192106596,10.652185054582398,11.54927950805703,5.852986216820189,0.14701378317981106
8.2,0.24,0.49,9.3,0.038,52.0,163.0,0.9952,3.02,0.33,10.6,6,0.31901840295080736,10.651114699442624,11.2328613248475,6.0,0.0
8.4,0.23,0.49,7.8,0.035,22.0,95.0,0.9935,3.04,0.34,12.0,6,0.23157894493074796,12.078498159538842,11.66665046298547,6.0,0.0
8.3,0.2,0.49,1.7,0.038,38.0,167.0,0.9939,3.05,0.37,10.1,6,0.22754490881709635,10.16197790323181,12.028968073959314,6.0,0.0
6.9,0.21,0.49,1.4,0.041,15.0,164.0,0.9927,3.25,0.63,11.0,5,0.0914634140764426,11.08087933829018,9.857128775530322,5.0,0.0
8.0,0.25,0.49,9.0,0.044,31.0,185.0,0.998,3.34,0.49,10.0,6,0.16756756666179695,10.02003004005006,10.810796201626754,6.0,0.0
6.6,0.21,0.49,18.15,0.042,41.0,158.0,0.9997,3.28,0.39,8.7,6,0.259493669243711,8.702602078021327,9.428557959202916,6.0,0.0
7.2,0.27,0.74,12.5,0.037,47.0,156.0,0.9981,3.04,0.44,8.7,5,0.3012820493507561,8.716552733641183,7.128705813162562,4.938532744417706,0.06146725558229438
14.2,0.27,0.49,1.1,0.037,33.0,156.0,0.992,3.15,0.54,11.1,6,0.21153846018244576,11.189504849289467,18.6841859418606,5.047688184923524,0.9523118150764764
7.9,0.28,0.49,7.7,0.045,48.0,195.0,0.9954,3.04,0.55,11.0,6,0.24615384489151876,11.050822733752527,10.259726935419565,6.0,0.0
7.4,0.27,0.49,1.1,0.037,33.0,156.0,0.992,3.15,0.54,11.1,6,0.21153846018244576,11.189504849289467,9.736829293645666,6.0,0.0
8.1,0.3,0.49,8.1,0.037,26.0,174.0,0.9943,3.1,0.3,11.2,7,0.14942528649755582,11.26419464528347,10.25315157828914,7.0,0.0
7.5,0.23,0.49,7.7,0.049,61.0,209.0,0.9941,3.14,0.3,11.1,7,0.2918660273116458,11.165867452099937,10.416652199094168,5.809446562878429,1.1905534371215714
7.3,0.26,0.49,5.0,0.028,32.0,107.0,0.9936,3.24,0.54,10.8,6,0.29906541776574375,10.869554277823795,9.73332035557286,6.0,0.0
7.1,0.18,0.74,15.6,0.044,44.0,176.0,0.9996,3.38,0.67,9.0,6,0.24999999857954547,9.003592433380918,7.717382915888135,5.635318430311519,0.3646815696884813
8.5,0.15,0.49,1.5,0.031,17.0,122.0,0.9932,3.03,0.4,10.3,6,0.1393442611529159,10.37050909131183,13.281229248079299,6.0,0.0
8.9,0.13,0.49,1.0,0.028,6.0,24.0,0.9926,2.91,0.32,9.9,5,0.24999998958333375,9.973796117473183,14.354815556749102,5.0,0.0
8.1,0.28,0.49,1.0,0.04,32.0,148.0,0.9936,3.13,0.41,10.0,6,0.21621621475529584,10.064402109096106,10.519466857835248,5.3360702970497345,0.6639297029502655
6.0,0.17,0.49,1.0,0.034,26.0,106.0,0.992,3.21,0.42,9.8,6,0.2452830165539338,9.879022299372682,9.090895316825277,6.0,0.0
7.1,0.53,0.24,0.8,0.029,29.0,86.0,0.993,3.16,0.32,9.1,4,0.33720929840454306,9.16413981456212,9.220767245756823,4.0,0.0
7.2,0.16,0.49,1.3,0.037,27.0,104.0,0.9924,3.23,0.57,10.6,6,0.25961538211908286,10.681166181815616,11.076906035529175,6.0,0.0
7.3,0.14,0.49,1.1,0.038,28.0,99.0,0.9928,3.2,0.72,10.6,6,0.2828282799714315,10.676862734828026,11.58728319478858,6.0,0.0
7.9,0.12,0.49,5.2,0.049,33.0,152.0,0.9952,3.18,0.47,10.6,6,0.21710526172957065,10.651114699442624,12.950798441314031,6.0,0.0
6.7,0.29,0.49,4.7,0.034,35.0,156.0,0.9945,3.13,0.45,9.9,6,0.2243589729207758,9.954741121426725,8.589732577265925,6.0,0.0
6.7,0.3,0.49,4.8,0.034,36.0,158.0,0.9945,3.12,0.45,9.9,6,0.2278480998237462,9.954741121426725,8.481001922782376,6.0,0.0
7.1,0.36,0.24,1.8,0.025,32.0,102.0,0.9903,3.34,0.59,12.8,6,0.3137254871203384,12.925363096674648,11.83331361114398,6.0,0.0
7.9,0.18,0.49,5.2,0.051,36.0,157.0,0.9953,3.18,0.48,10.6,6,0.22929936159681935,10.650044559384547,11.791027177571378,6.0,0.0
6.6,0.19,0.99,1.2,0.122,45.0,129.0,0.9936,3.09,0.31,8.7,6,0.3488372065981612,8.75602983491361,5.593215598969832,6.0,0.0
7.3,0.21,0.49,1.8,0.038,44.0,152.0,0.9912,3.32,0.44,12.6,7,0.2894736823060942,12.71185158207064,10.428556530633527,7.0,0.0
6.9,0.3,0.49,7.6,0.057,25.0,156.0,0.9962,3.43,0.63,11.0,7,0.1602564092291256,11.041948361826579,8.734166159283342,7.0,0.0
7.9,0.42,0.49,8.2,0.056,32.0,164.0,0.9965,3.29,0.6,11.2,7,0.19512195002974422,11.239326403084391,8.681309141418527,7.0,0.0
6.9,0.24,0.49,1.3,0.032,35.0,148.0,0.9932,3.45,0.57,10.7,7,0.23648648488860483,10.773247308450152,9.45204184651802,7.0,0.0
7.6,0.23,0.49,10.0,0.036,45.0,182.0,0.9967,3.08,0.58,9.6,6,0.2472527458942157,9.631775226472131,10.555540895082089,6.0,0.0
6.2,0.43,0.49,6.4,0.045,12.0,115.0,0.9963,3.27,0.57,9.0,4,0.10434782517958413,9.033414600607648,6.739123109648794,4.0,0.0
8.8,0.35,0.49,1.0,0.036,14.0,56.0,0.992,2.96,0.33,10.5,4,0.24999999553571436,10.584666749327873,10.476178004549995,5.564006949486533,-1.564006949486533
7.8,0.3,0.74,1.8,0.033,33.0,156.0,0.991,3.29,0.52,12.8,6,0.21153846018244576,12.916233182408494,7.4999927884684725,6.0,0.0
9.1,0.28,0.49,2.0,0.059,10.0,112.0,0.9958,3.15,0.46,10.1,5,0.08928571348852042,10.142588730077595,11.818166469913674,5.0,0.0
7.1,0.34,0.49,1.5,0.027,26.0,126.0,0.99,3.3,0.33,12.2,7,0.20634920471151424,12.323219875535479,8.554206561196914,7.0,0.0
8.5,0.19,0.49,3.5,0.044,29.0,117.0,0.9938,3.14,0.51,10.1,6,0.2478632457447586,10.16300043972586,12.499981617674091,6.0,0.0
7.6,0.18,0.49,18.05,0.046,36.0,158.0,0.9996,3.06,0.41,9.2,5,0.2278480998237462,9.203672265233827,11.343266651840818,5.0,0.0
7.5,0.19,0.49,1.8,0.055,19.0,110.0,0.9946,3.33,0.44,9.9,5,0.17272727115702483,9.953740243575062,11.029395545006553,5.0,0.0
7.4,0.3,0.49,8.2,0.055,49.0,188.0,0.9974,3.52,0.58,9.7,6,0.26063829648596654,9.725275992303997,9.367076750535759,5.370348716995455,0.6296512830045451
6.7,0.3,0.74,5.0,0.038,35.0,157.0,0.9945,3.21,0.46,9.9,5,0.2229299348857966,9.954741121426725,6.442301497787022,5.0,0.0
6.6,0.3,0.74,4.6,0.041,36.0,159.0,0.9946,3.21,0.45,9.9,5,0.22641509291562836,9.953740243575062,6.346147744088707,5.0,0.0
6.9,0.22,0.49,7.0,0.063,50.0,168.0,0.9957,3.54,0.5,10.3,6,0.2976190458475057,10.344470880314471,9.718296171413844,6.0,0.0
7.8,0.26,0.49,3.1,0.045,21.0,116.0,0.9931,3.16,0.35,10.3,5,0.1810344811979786,10.371553346537764,10.399986133351822,5.0,0.0
8.5,0.17,0.49,8.8,0.048,23.0,108.0,0.9947,2.88,0.34,10.5,4,0.2129629609910837,10.555935904357188,12.878768365502475,4.0,0.0
6.8,0.17,0.74,2.4,0.053,61.0,182.0,0.9953,3.63,0.76,10.5,6,0.33516483332327013,10.549572440899789,7.472519260967845,6.0,0.0
6.2,0.27,0.49,1.4,0.05,20.0,74.0,0.9931,3.32,0.44,9.8,6,0.2702702666179694,9.868079883113602,8.157884002784206,6.0,0.0
7.1,0.64,0.49,1.8,0.05,17.0,128.0,0.9946,3.31,0.58,10.6,4,0.13281249896240235,10.657540058777338,6.283180280371434,4.854725196861194,-0.8547251968611942
6.4,0.18,0.74,11.9,0.046,54.0,168.0,0.9978,3.58,0.68,10.1,5,0.32142856951530613,10.122258847205003,6.956514177701981,5.0,0.0
7.6,0.31,0.49,13.4,0.062,50.0,191.0,0.9989,3.22,0.53,9.0,4,0.26178010334146545,9.009901882168503,9.499988125014843,4.0,0.0
9.8,0.31,0.49,15.4,0.046,13.0,119.0,1.0004,3.18,0.45,9.5,5,0.10924369656097734,9.496192026997175,12.24998468751914,5.0,0.0
9.0,0.3,0.49,7.2,0.039,32.0,84.0,0.9938,2.94,0.32,11.5,6,0.3809523764172336,11.571733173945287,11.39239064254349,5.888153265715884,0.11184673428411607
8.4,0.24,0.49,7.4,0.039,46.0,108.0,0.9934,3.03,0.33,11.9,7,0.4259259219821674,11.979049749295603,11.506833552282805,7.0,0.0
6.4,0.25,0.74,7.8,0.045,52.0,209.0,0.9956,3.21,0.42,9.2,6,0.24880382656074723,9.24064961766812,6.464639934707137,5.28960364225133,0.71039635774867
7.3,0.3,0.74,13.5,0.039,46.0,165.0,0.9982,3.02,0.4,8.7,5,0.2787878770982553,8.715679507433872,7.019224019976904,5.0,0.0
9.3,0.31,0.49,1.3,0.042,34.0,147.0,0.9948,3.11,0.46,9.8,5,0.23129251543338425,9.85121647445067,11.624985468768164,5.464526753465379,-0.4645267534653792
7.0,0.27,0.74,1.5,0.036,27.0,122.0,0.9926,3.35,0.48,11.2,6,0.2213114735958076,11.283486516737337,6.930686207241379,6.0,0.0
7.9,0.14,0.74,1.2,0.028,30.0,165.0,0.991,3.08,0.82,12.3,6,0.18181818071625344,12.411692823720662,8.97726252583804,6.0,0.0
6.4,0.12,0.49,6.4,0.042,49.0,161.0,0.9945,3.34,0.44,10.4,6,0.3043478241965974,10.457505824529084,10.491786079039215,6.0,0.0
6.8,0.21,0.74,1.2,0.047,25.0,111.0,0.9916,3.13,0.41,10.7,6,0.22522522319616917,10.790630505616672,7.157887202223997,6.0,0.0
8.6,0.16,0.49,7.3,0.043,9.0,63.0,0.9953,3.13,0.59,10.5,6,0.1428571405895692,10.549572440899789,13.230748875770958,6.0,0.0
7.0,0.29,0.49,3.8,0.047,37.0,136.0,0.9938,2.95,0.4,9.4,6,0.27205882152897926,9.458634072616148,8.974347468785297,6.0,0.0
6.4,0.27,0.49,7.3,0.046,53.0,206.0,0.9956,3.24,0.43,9.2,6,0.2572815521491187,9.24064961766812,8.421041551261117,5.346093070102105,0.6539069298978948
6.6,0.55,0.01,2.7,0.034,56.0,122.0,0.9906,3.15,0.3,11.9,5,0.45901638968019354,12.012909334838143,11.785693239833497,5.0,0.0
6.3,0.24,0.74,1.4,0.172,24.0,108.0,0.9932,3.27,0.39,9.9,6,0.22222222016460907,9.967770874173507,6.428564868811358,6.0,0.0
6.7,0.33,0.49,1.6,0.167,20.0,94.0,0.9914,3.11,0.5,11.4,6,0.2127659551833409,11.498878859311217,8.170721743022265,6.0,0.0
8.2,0.34,0.49,8.0,0.046,55.0,223.0,0.996,3.08,0.52,10.7,6,0.24663677019445396,10.742961101444676,9.879506169269673,6.0,0.0
5.6,0.39,0.24,4.7,0.034,27.0,77.0,0.9906,3.28,0.36,12.7,5,0.35064934609546305,12.820499878356673,8.88887477956384,6.579105117227415,-1.5791051172274146
5.6,0.41,0.24,1.9,0.034,10.0,53.0,0.98815,3.32,0.5,13.5,7,0.1886792417230332,13.661879611516863,8.615371360967137,7.0,0.0
6.7,0.41,0.01,2.8,0.048,39.0,137.0,0.9942,3.24,0.35,9.5,5,0.28467153076882096,9.555411833220848,15.952342970611976,5.0,0.0
7.1,0.26,0.49,2.2,0.032,31.0,113.0,0.9903,3.37,0.42,12.9,9,0.274336280758086,13.026342495867418,9.466654044461274,9.0,0.0
7.5,0.32,0.49,1.7,0.031,44.0,109.0,0.9906,3.07,0.46,12.5,6,0.4036697210672503,12.61860224247704,9.2592478280891,6.0,0.0
5.8,0.19,0.49,4.9,0.04,44.0,118.0,0.9935,3.34,0.38,9.5,7,0.3728813527721919,9.562144376301584,8.529399221471733,7.0,0.0
6.9,0.27,0.49,23.5,0.057,59.0,235.0,1.0024,2.98,0.47,8.6,5,0.25106382871887734,8.57940085853865,9.078935422453391,5.0,0.0
8.1,0.2,0.49,11.8,0.048,46.0,212.0,0.9968,3.09,0.46,10.0,7,0.2169811310519758,10.032092664433522,11.739113421574752,7.0,0.0
8.2,0.26,0.49,5.2,0.04,19.0,100.0,0.9941,3.12,0.34,10.1,6,0.1899999981,10.15993344740625,10.93331875557499,6.0,0.0
7.8,0.26,0.49,3.2,0.027,28.0,87.0,0.9919,3.03,0.32,11.3,7,0.3218390767604704,11.392265962026453,10.399986133351822,7.0,0.0
8.0,0.14,0.49,1.5,0.035,42.0,120.0,0.9928,3.26,0.4,10.6,7,0.34999999708333335,10.676862734828026,12.698392542234059,7.0,0.0
8.0,0.29,0.49,11.7,0.035,40.0,131.0,0.9958,3.14,0.34,10.8,5,0.3053435091195152,10.84554042424139,10.256397107183195,5.0,0.0
7.5,0.19,0.49,1.6,0.047,42.0,140.0,0.9932,3.4,0.47,10.7,6,0.2999999978571429,10.773247308450152,11.029395545006553,6.3914616651728355,-0.39146166517283554
6.9,0.34,0.49,7.3,0.045,61.0,206.0,0.9957,3.09,0.4,9.0,6,0.2961165034169102,9.038858050760219,8.313242996092775,6.0,0.0
6.2,0.2,0.49,1.6,0.065,17.0,143.0,0.9937,3.22,0.52,9.2,6,0.1188811180497824,9.258318146001663,8.985494223921416,6.0,0.0
6.4,0.37,0.49,13.3,0.045,53.0,243.0,0.9982,3.14,0.48,8.5,6,0.218106994987214,8.515319058987117,7.441851811800219,6.0,0.0
6.2,0.22,0.49,6.0,0.029,31.0,128.0,0.9928,3.41,0.36,11.3,8,0.24218749810791018,11.381938575807236,8.732382067067512,8.0,0.0
8.9,0.32,0.49,1.6,0.05,17.0,131.0,0.9956,3.13,0.34,9.4,5,0.12977099137579395,9.441533305008733,10.987640755999067,5.0,0.0
6.5,0.44,0.49,7.7,0.045,16.0,169.0,0.9957,3.11,0.37,8.7,6,0.09467455565281328,8.737562782401543,6.989239796516348,6.0,0.0
7.0,0.14,0.49,5.9,0.053,22.0,118.0,0.9954,3.36,0.36,9.4,6,0.18644067638609596,9.443430336115798,11.111093474454801,6.0,0.0
9.0,0.17,0.49,1.0,0.039,46.0,131.0,0.993,3.09,0.51,10.5,7,0.35114503548744247,10.574007478340908,13.636342975237914,7.0,0.0
6.4,0.26,0.49,6.4,0.037,37.0,161.0,0.9954,3.38,0.53,9.7,6,0.22981366316885923,9.744816410672684,8.533321955570726,6.0,0.0
9.0,0.22,0.49,10.4,0.048,52.0,195.0,0.9987,3.31,0.44,10.2,6,0.2666666652991453,10.213267033877004,12.676038484452839,6.0,0.0
8.2,0.2,0.49,3.5,0.057,14.0,108.0,0.9928,3.19,0.35,11.5,6,0.1296296284293553,11.58338881608701,11.884040747767031,6.0,0.0
7.8,0.15,0.24,7.7,0.047,21.0,98.0,0.9951,2.94,0.31,9.6,6,0.2142857120991254,9.647261936225568,19.999948718080212,6.0,0.0
6.9,0.25,0.24,1.8,0.053,6.0,121.0,0.993,3.23,0.7,11.4,5,0.049586776449696064,11.480350976484415,14.081603915094053,5.0,0.0
7.1,0.28,0.49,6.5,0.041,28.0,111.0,0.9926,3.41,0.58,12.2,8,0.25225224997970946,12.290940670017457,9.220767245756823,8.0,0.0
7.4,0.19,0.49,6.7,0.037,15.0,110.0,0.9938,3.2,0.38,11.0,7,0.13636363512396696,11.068614340295492,10.8823369377398,7.0,0.0
8.3,0.25,0.49,16.8,0.048,50.0,228.0,1.0001,3.03,0.52,9.2,6,0.21929824465220069,9.199070893839723,11.216201059187759,5.5729707359318805,0.4270292640681195
7.5,0.14,0.74,1.6,0.035,21.0,126.0,0.9933,3.26,0.45,10.2,6,0.16666666534391536,10.268790628419783,8.522717587820923,6.0,0.0
7.8,0.49,0.49,7.0,0.043,29.0,149.0,0.9952,3.21,0.33,10.0,5,0.19463087117697403,10.048221414568514,7.959175551861682,5.0,0.0
8.1,0.12,0.49,1.2,0.042,43.0,160.0,0.9934,3.13,0.48,9.7,6,0.2687499983203125,9.764435509930028,13.278666756284006,6.0,0.0
7.6,0.47,0.49,13.0,0.239,42.0,220.0,0.9988,2.96,0.51,9.2,5,0.1909090900413223,9.211044041806124,7.916658420147479,5.0,0.0
7.9,0.22,0.49,3.8,0.042,26.0,105.0,0.993,3.1,0.39,10.5,5,0.247619045260771,10.574007478340908,11.126744891908604,5.0,0.0
6.4,0.22,0.49,7.5,0.054,42.0,151.0,0.9948,3.27,0.52,10.1,6,0.27814569352221397,10.152784325709362,9.014071811166463,6.0,0.0
7.3,0.19,0.49,15.55,0.058,50.0,134.0,0.9998,3.42,0.36,9.1,7,0.37313432557362447,9.101811260440828,10.735278330473044,7.0,0.0
8.1,0.3,0.49,12.3,0.049,50.0,144.0,0.9971,3.09,0.57,10.2,7,0.3472222198109568,10.229655772083268,10.25315157828914,7.0,0.0
7.5,0.24,0.49,9.4,0.048,50.0,149.0,0.9962,3.17,0.59,10.5,7,0.33557046754650693,10.540041618107189,10.273958528823933,7.0,0.0
7.8,0.21,0.49,1.2,0.036,20.0,99.0,0.99,3.05,0.28,12.1,7,0.20202019997959395,12.222209876555679,11.142841224512537,7.0,0.0
7.1,0.3,0.49,1.6,0.045,31.0,100.0,0.9942,3.4,0.59,10.2,5,0.3099999969,10.25949481040554,8.987330395784308,5.0,0.0
6.9,0.26,0.49,1.6,0.058,39.0,166.0,0.9965,3.65,0.52,9.4,4,0.23493975762084485,9.433006088302971,9.199987733349689,4.0,0.0
7.6,0.31,0.49,3.95,0.044,27.0,131.0,0.9912,3.08,0.67,12.8,7,0.20610686865567276,12.91362700400827,9.499988125014843,6.641785028649727,0.35821497135027336
6.4,0.42,0.74,12.8,0.076,48.0,209.0,0.9978,3.12,0.58,9.0,6,0.229665070671459,9.01983461632129,5.517236623071878,5.367590193820931,0.6324098061790693
8.2,0.29,0.49,1.0,0.044,29.0,118.0,0.9928,3.24,0.36,10.9,4,0.24576270978167195,10.979038095247688,10.512807034862774,5.624828273658397,-1.6248282736583972
7.9,0.33,0.28,31.6,0.053,35.0,176.0,1.0103,3.15,0.38,8.8,6,0.19886363523372935,8.710275452563149,12.950798441314028,6.0,0.0
6.6,0.46,0.49,7.4,0.052,19.0,184.0,0.9956,3.11,0.38,9.0,5,0.10326086900401701,9.03976593032751,6.947361108040939,5.465312174910736,-0.4653121749107356
7.8,0.28,0.49,1.3,0.046,27.0,142.0,0.9936,3.09,0.59,10.2,5,0.19014084373140253,10.265690151278026,10.129856974211721,5.0,0.0
5.8,0.15,0.49,1.1,0.048,21.0,98.0,0.9929,3.19,0.48,9.2,5,0.2142857120991254,9.265777756291916,9.062485839865875,5.0,0.0
7.8,0.4,0.49,7.8,0.06,34.0,162.0,0.9966,3.26,0.58,11.3,6,0.20987654191434232,11.338539696428159,8.764035096589778,6.33488382507815,-0.3348838250781503
6.6,0.31,0.49,7.7,0.05,52.0,220.0,0.9964,3.12,0.45,8.8,5,0.23636363528925622,8.831785596361305,8.249989687512889,5.0,0.0
6.6,0.325,0.49,7.7,0.049,53.0,217.0,0.996,3.16,0.4,9.3,5,0.24423963021087727,9.33734002275098,8.09814957282261,5.0,0.0
6.6,0.27,0.49,7.8,0.049,62.0,217.0,0.9959,3.17,0.45,9.4,6,0.28571428439763,9.43868918697742,8.684199099738025,6.0,0.0
6.7,0.26,0.49,8.3,0.047,54.0,191.0,0.9954,3.23,0.4,10.3,6,0.28272251160878265,10.347588559786459,8.933321422238103,5.284856034765144,0.7151439652348559
6.7,0.21,0.49,1.4,0.047,30.0,114.0,0.9914,2.92,0.42,10.8,7,0.26315789242843957,10.893674708821154,9.571414897978718,7.0,0.0
8.1,0.28,0.46,15.4,0.059,32.0,177.0,1.0004,3.27,0.58,9.0,4,0.18079095943055956,8.996392446628903,10.945931154147088,4.0,0.0
6.5,0.13,0.37,1.0,0.036,48.0,114.0,0.9911,3.41,0.51,11.5,8,0.4210526278855033,11.603257387491285,12.999974000052,8.0,0.0
7.8,0.445,0.56,1.0,0.04,8.0,84.0,0.9938,3.25,0.43,10.8,5,0.0952380941043084,10.867366806835573,7.761186307277306,5.0,0.0
8.8,0.39,0.34,5.9,0.055,33.0,128.0,0.9927,2.95,0.51,11.8,6,0.2578124979858399,11.886761471984011,12.054778007153416,6.282879577735238,-0.28287957773523775
7.9,0.18,0.33,1.2,0.033,20.0,72.0,0.9922,3.12,0.38,10.5,7,0.27777777391975317,10.582533176241508,15.49016570555744,7.0,0.0
7.1,0.31,0.38,1.2,0.036,10.0,124.0,0.9924,3.14,0.44,9.9,6,0.08064516063995839,9.975806150941,10.289840159651943,6.0,0.0
7.8,0.24,0.18,6.7,0.046,33.0,160.0,0.9963,3.2,0.56,9.8,6,0.20624999871093752,9.836384787328328,18.571384353846778,6.0,0.0
7.0,0.35,0.3,6.5,0.028,27.0,87.0,0.9936,3.4,0.42,11.4,7,0.310344824019025,11.47341840436956,10.769214201208921,6.355894591206249,0.6441054087937514
6.6,0.26,0.31,4.8,0.138,41.0,168.0,0.9951,3.2,0.38,9.3,5,0.24404761759495466,9.345785000718521,11.578927054513937,5.447980764080552,-0.447980764080552
6.6,0.27,0.31,5.3,0.137,35.0,163.0,0.9951,3.2,0.38,9.3,5,0.2147239250630434,9.345785000718521,11.379290725360816,5.52804967276229,-0.5280496727622896
6.8,0.22,0.29,8.9,0.046,82.0,188.0,0.9955,3.3,0.44,10.3,6,0.43617021044590315,10.346549124511176,13.333307189593745,5.908231193684187,0.0917688063158133
6.2,0.27,0.32,8.8,0.047,65.0,224.0,0.9961,3.17,0.47,8.9,5,0.29017857013313136,8.9348369291869,10.508456765327514,5.0,0.0
7.3,0.23,0.37,1.8,0.032,60.0,156.0,0.992,3.11,0.35,11.1,6,0.38461538214990143,11.189504849289467,12.166646388922684,6.0,0.0
6.2,0.3,0.2,6.6,0.045,42.0,170.0,0.9944,3.36,0.45,10.4,6,0.2470588220761246,10.458557463236662,12.3999752000496,6.0,0.0
6.4,0.35,0.2,5.7,0.034,18.0,117.0,0.9944,3.33,0.43,10.1,5,0.15384615253122946,10.156868305643297,11.636342479377308,5.0,0.0
7.6,0.32,0.34,18.35,0.054,44.0,197.0,1.0008,3.22,0.55,9.0,5,0.223350252673349,8.992796769787402,11.515134067978684,5.0,0.0
6.3,0.31,0.3,10.0,0.046,49.0,212.0,0.9962,3.74,0.55,11.9,6,0.23113207438145247,11.945380500521482,10.327851921554226,6.072730896396766,-0.07273089639676567
7.2,0.25,0.28,14.4,0.055,55.0,205.0,0.9986,3.12,0.38,9.0,7,0.2682926816180845,9.012608639486642,13.584880028528246,5.789764782715943,1.2102352172840574
7.3,0.26,0.33,17.85,0.049,41.5,195.0,1.0,3.06,0.44,9.1,7,0.21282051172912558,9.0999909000091,12.372860384982395,7.0,0.0
7.4,0.26,0.37,9.4,0.047,42.0,147.0,0.9982,3.46,0.72,10.0,5,0.2857142837706511,10.018022422337786,11.746013101566506,5.0,0.0
6.7,0.25,0.26,1.55,0.041,118.5,216.0,0.9949,3.55,0.63,9.4,3,0.5486111085712448,9.448176250702332,13.137229142687955,5.634001200357844,-2.6340012003578437
7.1,0.16,0.25,1.3,0.034,28.0,123.0,0.9915,3.27,0.55,11.4,6,0.22764227457201403,11.497719114756313,17.317030934070893,6.0,0.0
9.0,0.43,0.3,1.5,0.05,7.0,175.0,0.9951,3.11,0.45,9.7,4,0.039999999771428575,9.747754248061252,12.32875023458872,4.0,0.0
7.0,0.24,0.3,4.2,0.04,41.0,213.0,0.9927,3.28,0.49,11.8,6,0.19248826200709737,11.886761471984011,12.962938957520448,6.071158538259371,-0.07115853825937091
6.7,0.265,0.22,8.6,0.048,54.0,198.0,0.9955,3.25,0.41,10.2,5,0.27272727134986224,10.246097191263493,13.814404506382463,5.0,0.0
7.7,0.12,0.32,1.4,0.06,47.0,150.0,0.9952,3.37,0.42,9.2,6,0.31333333124444446,9.244363701403032,17.499960227363122,5.6487240949175,0.35127590508249984
7.2,0.21,0.33,3.0,0.036,35.0,132.0,0.9928,3.25,0.4,11.0,6,0.26515151314279156,11.079763215387574,13.333308642021032,6.0,0.0
8.5,0.32,0.36,14.9,0.041,47.0,190.0,0.9982,3.08,0.31,10.0,6,0.24736841975069254,10.018022422337786,12.499981617674091,5.890967019471292,0.10903298052870802
6.9,0.18,0.3,2.0,0.038,39.0,190.0,0.9914,3.32,0.37,12.2,6,0.20526315681440443,12.305817726631302,14.374970052145727,6.0,0.0
6.3,0.26,0.29,2.2,0.043,35.0,175.0,0.9918,3.38,0.43,11.6,6,0.19999999885714287,11.695894640154627,11.454524628137039,6.0,0.0
6.7,0.26,0.3,1.8,0.043,25.0,121.0,0.9944,3.44,0.61,10.2,6,0.20661156854040028,10.257431358174419,11.964264349527946,6.0,0.0
7.9,0.29,0.36,11.1,0.033,43.0,208.0,0.9969,3.14,0.46,10.3,5,0.2067307682368713,10.332018926653701,12.15382745565007,5.0,0.0
6.5,0.27,0.19,4.2,0.046,6.0,114.0,0.9955,3.25,0.35,8.6,4,0.05263157848568791,8.638866259300592,14.130404064338991,4.0,0.0
6.7,0.33,0.42,6.4,0.058,27.0,151.0,0.9954,3.16,0.44,9.6,5,0.17880794583570897,9.644354385820387,8.933321422238103,5.0,0.0
6.7,0.31,0.42,6.4,0.057,25.0,148.0,0.9955,3.16,0.45,9.6,5,0.1689189177775749,9.643385591777406,9.178069619082713,5.0,0.0
6.6,0.25,0.31,1.5,0.035,32.0,127.0,0.9921,3.41,0.47,11.3,6,0.2519685019530039,11.389969368038134,11.785693239833497,6.0,0.0
6.4,0.24,0.22,1.5,0.038,38.0,157.0,0.9934,3.41,0.55,9.9,6,0.24203821501886488,9.965764077145082,13.913013232579932,6.0,0.0
6.8,0.26,0.29,16.95,0.056,48.0,179.0,0.9998,3.45,0.4,9.6,5,0.26815642308292503,9.601910780245268,12.36361388433839,5.0,0.0
7.0,0.61,0.26,1.7,0.051,25.0,161.0,0.9946,3.36,0.6,10.6,4,0.1552795021411211,10.657540058777338,8.045967763255444,4.0,0.0
6.8,0.22,0.3,13.6,0.055,50.0,180.0,0.9984,3.44,0.39,9.8,5,0.2777777762345679,9.815695296779552,13.076897929042442,5.0,0.0
8.1,0.31,0.24,1.6,0.032,10.0,67.0,0.9924,3.08,0.47,10.5,5,0.149253729115616,10.580400463119243,14.727245950461906,5.0,0.0
7.0,0.2,0.3,6.1,0.037,31.0,120.0,0.9939,3.24,0.51,10.8,5,0.25833333118055557,10.8662734014756,13.999972000056,5.0,0.0
7.9,0.18,0.37,3.0,0.061,25.0,178.0,0.995,3.22,0.51,10.0,6,0.1404494374132054,10.050241155536527,14.363610247981367,6.0,0.0
6.6,0.34,0.27,6.2,0.059,23.0,136.0,0.9957,3.3,0.49,10.1,6,0.16911764581531144,10.143607368075354,10.819654394009188,6.0,0.0
6.8,0.3,0.24,6.6,0.123,35.0,116.0,0.9953,3.07,0.48,9.4,5,0.30172413532996434,9.444379137567429,12.592569273019864,5.0,0.0
6.5,0.18,0.34,1.6,0.04,43.0,148.0,0.9912,3.32,0.59,11.5,8,0.2905405385774288,11.602086761413679,12.499975961584688,8.0,0.0
7.0,0.21,0.31,6.0,0.046,29.0,108.0,0.9939,3.26,0.5,10.8,6,0.268518516032236,10.8662734014756,13.461512574014279,6.04801943604557,-0.04801943604557035
6.8,0.27,0.32,1.5,0.044,19.0,142.0,0.9921,3.1,0.43,9.9,6,0.1338028159591351,9.978822720670577,11.525404194230177,6.0,0.0
9.3,0.2,0.33,1.7,0.05,28.0,178.0,0.9954,3.16,0.43,9.0,4,0.15730336990279006,9.041582236706613,17.547136703515655,4.0,0.0
5.8,0.23,0.27,1.8,0.043,24.0,69.0,0.9933,3.38,0.31,9.4,6,0.347826081915564,9.463395285014311,11.599976800046399,6.0,0.0
7.6,0.2,0.39,2.6,0.044,30.0,180.0,0.9941,3.46,0.44,10.8,7,0.16666666574074074,10.864087250691831,12.881334099433726,5.92373245296475,1.0762675470352496
8.2,0.15,0.48,2.7,0.052,24.0,190.0,0.995,3.5,0.45,10.9,7,0.12631578880886427,10.954762859534815,13.01585235578991,7.0,0.0
7.5,0.4,1.0,19.5,0.041,33.0,148.0,0.9977,3.24,0.38,12.0,6,0.22297297146639886,12.02765157096164,5.357139030614979,5.694647762414028,0.3053522375859723
7.0,0.13,0.3,5.0,0.056,31.0,122.0,0.9945,3.47,0.42,10.5,6,0.25409835857296426,10.558058765149557,16.27903190922812,6.412746132824468,-0.41274613282446815
6.9,0.17,0.22,4.6,0.064,55.0,152.0,0.9952,3.29,0.37,9.3,6,0.36184210288261776,9.344845915548719,17.692262327532497,6.0,0.0
7.0,0.3,0.32,6.4,0.034,28.0,97.0,0.9924,3.23,0.44,11.8,6,0.28865979083855886,11.890354806172104,11.290304370476822,6.0,0.0
7.6,0.445,0.44,14.5,0.045,68.0,212.0,0.9986,3.48,0.36,10.0,6,0.32075471546813816,10.0140095994296,8.587560918010261,6.0,0.0
7.5,0.22,0.33,6.7,0.036,45.0,138.0,0.9939,3.2,0.68,11.4,6,0.3260869541587902,11.469955257113133,13.636338843020283,6.0,0.0
9.2,0.23,0.3,1.1,0.031,40.0,99.0,0.9929,2.94,0.3,10.4,6,0.4040403999591879,10.474357463634341,17.358457814230537,6.0,0.0
8.7,0.34,0.46,13.8,0.055,68.0,198.0,0.9988,3.36,0.37,9.5,6,0.34343434169982656,9.51140417360415,10.87498640626699,6.0,0.0
6.6,0.545,0.04,2.5,0.031,48.0,111.0,0.9906,3.14,0.32,11.9,5,0.4324324285366448,12.012909334838143,11.282031996526499,5.0,0.0
8.1,0.3,0.31,1.1,0.041,49.0,123.0,0.9914,2.99,0.45,11.1,6,0.39837398050102457,11.196276784066185,13.278666756284006,6.0,0.0
6.9,0.16,0.3,9.6,0.057,50.0,185.0,0.9978,3.39,0.38,9.6,6,0.2702702688093499,9.621156924076042,14.99996739137524,6.0,0.0
8.0,0.32,0.36,4.6,0.042,56.0,178.0,0.9928,3.29,0.47,12.0,6,0.3146067398055801,12.087014416786445,11.764688581340321,6.816148908197741,-0.8161489081977411
6.1,0.22,0.23,3.1,0.052,15.0,104.0,0.9948,3.14,0.42,8.7,5,0.14423076784393493,8.745467686502124,13.555525432165705,5.0,0.0
7.5,0.15,0.38,1.8,0.054,19.0,101.0,0.9946,3.24,0.44,10.0,5,0.18811881001862565,10.054283074318244,14.15091669638359,5.0,0.0
8.4,0.29,0.29,1.05,0.032,4.0,55.0,0.9908,2.91,0.32,11.4,4,0.0727272714049587,11.505842242791438,14.482733650459224,4.0,0.0
6.6,0.37,0.47,6.5,0.061,23.0,150.0,0.9954,3.14,0.45,9.6,6,0.15333333231111113,9.644354385820387,7.857133503412496,6.0,0.0
7.7,0.38,0.4,2.0,0.038,28.0,152.0,0.9906,3.18,0.32,12.9,6,0.18421052510387811,13.022397514236307,9.871782215663826,6.0,0.0
6.3,0.25,0.23,14.9,0.039,47.0,142.0,0.99705,3.14,0.35,9.7,6,0.33098591316207104,9.728689906534369,13.124972656306968,6.0,0.0
8.3,0.3,0.36,10.0,0.042,33.0,169.0,0.9982,3.23,0.51,9.3,6,0.19526627103392738,9.316760852774141,12.575738521608303,6.0,0.0
6.6,0.22,0.58,1.1,0.133,52.0,136.0,0.9932,3.1,0.3,9.1,5,0.3823529383650519,9.162294439896858,8.24998968751289,5.0,0.0
6.1,0.34,0.31,12.0,0.053,46.0,238.0,0.9977,3.16,0.48,8.6,5,0.19327731011228022,8.619816959189174,9.384600946767772,5.3740515585304465,-0.37405155853044647
7.5,0.22,0.29,4.8,0.05,33.0,87.0,0.994,3.14,0.42,9.9,5,0.37931034046769724,9.959748531440109,14.705853517934278,5.0,0.0
8.0,0.27,0.24,1.2,0.044,20.0,102.0,0.9929,3.28,0.42,10.9,5,0.19607842945021148,10.977932341693684,15.686243752463229,5.0,0.0
6.1,0.17,0.27,1.5,0.056,45.0,135.0,0.9924,3.2,0.43,10.2,6,0.33333333086419753,10.278103307030122,13.863604855443509,6.0,0.0
7.4,0.18,0.3,10.4,0.045,44.0,174.0,0.9966,3.11,0.57,9.7,6,0.25287356176509446,9.733082748261339,15.416634548678026,6.0,0.0
6.7,0.16,0.28,2.5,0.046,40.0,153.0,0.9921,3.38,0.51,11.4,7,0.26143790678798756,11.490765557135816,15.227238119913363,7.0,0.0
6.1,0.255,0.44,12.3,0.045,53.0,197.0,0.9967,3.24,0.54,9.5,6,0.26903553162926125,9.531444234529713,8.776965788538432,6.0,0.0
7.4,0.23,0.25,1.4,0.049,43.0,141.0,0.9934,3.42,0.54,10.2,7,0.30496453684422314,10.267756927967659,15.416634548678026,6.410779420299819,0.5892205797001813
6.4,0.16,0.28,2.2,0.042,33.0,93.0,0.9914,3.31,0.43,11.1,6,0.35483870586194943,11.196276784066185,14.545421487678437,6.0,0.0
6.7,0.27,0.25,8.0,0.053,54.0,202.0,0.9961,3.22,0.43,9.3,5,0.2673267313498677,9.336402633869458,12.884590606556525,5.0,0.0
6.9,0.29,0.23,8.6,0.056,56.0,215.0,0.9967,3.17,0.44,8.8,5,0.2604651150676041,8.829127290932787,13.269205251528362,5.0,0.0
9.6,0.21,0.28,1.2,0.038,12.0,53.0,0.9926,2.8,0.46,10.6,5,0.22641509006763982,10.679014024769266,19.5917967514352,5.343244370362218,-0.34324437036221767
6.6,0.62,0.2,8.7,0.046,81.0,224.0,0.99605,3.17,0.44,9.3,5,0.3616071412428253,9.336871304782587,8.048770672230885,5.0,0.0
6.4,0.28,0.19,5.4,0.042,67.0,181.0,0.99435,3.31,0.35,10.2,6,0.370165743811239,10.25794714341314,13.616992304271694,6.0,0.0
8.0,0.3,0.28,5.7,0.044,31.0,124.0,0.9948,3.16,0.51,10.2,6,0.249999997983871,10.253306942795593,13.79307966710402,6.0,0.0
6.4,0.17,0.27,1.5,0.037,20.0,98.0,0.9916,3.46,0.42,11.0,7,0.2040816305705956,11.093171547830226,14.545421487678437,6.332475995529047,0.6675240044709527
7.3,0.21,0.3,10.9,0.037,18.0,112.0,0.997,3.4,0.5,9.6,6,0.16071428427933676,9.628877002129386,14.313697424122696,6.0,0.0
6.6,0.32,0.26,7.7,0.054,56.0,209.0,0.9961,3.17,0.45,8.8,5,0.2679425824500355,8.83444550301626,11.379290725360816,5.0,0.0
7.4,0.32,0.22,1.7,0.051,50.0,179.0,0.9955,3.28,0.69,8.9,5,0.2793296073780469,8.940222059043636,13.703678326521617,5.0,0.0
6.6,0.37,0.07,1.4,0.048,58.0,144.0,0.9922,3.17,0.38,10.0,5,0.4027777749807099,10.078603024991912,14.999965909168388,5.0,0.0
7.7,0.43,0.28,4.5,0.046,33.0,102.0,0.9918,3.16,0.56,12.2,7,0.32352940859284895,12.300854707748831,10.845055147809651,7.0,0.0
7.8,0.39,0.26,9.9,0.059,33.0,181.0,0.9955,3.04,0.42,10.9,6,0.18232044098165504,10.949260723997263,11.999981538489939,5.571458373913111,0.42854162608688906
6.5,0.18,0.26,1.4,0.041,40.0,141.0,0.9941,3.34,0.72,9.5,6,0.2836879412504401,9.556373044590037,14.772693698423414,6.0,0.0
7.8,0.4,0.26,9.5,0.059,32.0,178.0,0.9955,3.04,0.43,10.9,6,0.17977527988890293,10.949260723997263,11.81816391187286,5.58603144287824,0.41396855712175995
6.9,0.19,0.28,3.0,0.054,33.0,99.0,0.9924,3.16,0.4,10.8,6,0.33333332996633,10.882697619208365,14.68081982804292,6.0,0.0
7.7,0.49,1.0,19.6,0.03,28.0,135.0,0.9973,3.24,0.4,12.0,6,0.20740740587105624,12.032475651784166,5.167781766589419,6.0,0.0
6.6,0.25,0.35,14.0,0.069,42.0,163.0,0.999,3.56,0.47,9.8,5,0.25766871007565206,9.8097999901902,10.999981666697222,5.0,0.0
6.4,0.15,0.36,1.8,0.034,43.0,150.0,0.9922,3.42,0.69,11.0,8,0.2866666647555556,11.086463327491103,12.548995001970583,8.0,0.0
8.4,0.17,0.31,5.4,0.052,47.0,150.0,0.9953,3.24,0.38,9.8,5,0.31333333124444446,9.84626761150647,17.499963541742623,5.0,0.0
6.1,0.32,0.37,1.8,0.051,13.0,200.0,0.9945,3.49,0.44,10.5,4,0.064999999675,10.558058765149557,8.840566897729133,4.0,0.0
8.5,0.21,0.26,9.25,0.034,73.0,142.0,0.9945,3.05,0.37,11.4,6,0.5140845034219401,11.463035230733805,18.085067904110844,6.0,0.0
8.7,0.45,0.4,1.5,0.067,17.0,100.0,0.9957,3.27,0.57,10.1,6,0.1699999983,10.143607368075354,10.235282076138732,4.9125629873356536,1.0874370126643464
6.7,0.24,0.29,6.8,0.038,54.0,127.0,0.9932,3.33,0.46,11.6,7,0.4251968470456941,11.67940829701138,12.641485582102675,7.0,0.0
7.4,0.33,0.26,2.6,0.04,29.0,115.0,0.9913,3.07,0.52,11.8,7,0.25217391085066165,11.903548972511881,12.54235162313284,6.080629214806327,0.9193707851936734
7.2,0.26,0.3,2.1,0.033,50.0,158.0,0.9909,3.33,0.43,12.1,7,0.31645569419964753,12.211108879696356,12.85711989800018,6.6347053825317515,0.36529461746824854
8.2,0.36,0.29,7.6,0.035,37.0,122.0,0.9939,3.16,0.34,12.0,5,0.3032786860386993,12.073637112750665,12.61536520713045,5.0,0.0
7.8,0.2,0.24,1.6,0.026,26.0,189.0,0.991,3.08,0.74,12.1,7,0.1375661368382744,12.209876680245529,17.727232438108096,5.84179517664218,1.1582048233578197
9.4,0.16,0.3,1.4,0.042,26.0,176.0,0.9954,3.15,0.46,9.1,5,0.14772727188791324,9.14204426155891,20.434738185351776,5.518372510730205,-0.5183725107302051
6.4,0.33,0.24,1.6,0.054,25.0,117.0,0.9943,3.36,0.5,9.3,5,0.21367521184892982,9.353304482244312,11.228050477104425,5.0,0.0
7.8,0.22,0.36,1.4,0.056,21.0,153.0,0.993,3.2,0.53,10.4,6,0.13725490106369345,10.473302645213852,13.448252675426422,6.0,0.0
7.4,0.35,0.31,17.95,0.062,42.0,187.0,1.0002,3.27,0.64,9.1,5,0.22459892928021963,9.098171267575218,11.212104224084511,5.0,0.0
6.6,0.37,0.24,2.0,0.064,23.0,120.0,0.9946,3.32,0.54,9.4,5,0.19166666506944446,9.45102608985915,10.81965439400919,5.644791570774295,-0.644791570774295
6.7,0.37,0.41,6.3,0.061,22.0,149.0,0.9953,3.16,0.47,9.6,6,0.14765100572046305,9.645323374536948,8.589732577265925,6.0,0.0
7.1,0.37,0.32,1.4,0.037,27.0,126.0,0.9918,3.19,0.62,12.0,5,0.21428571258503404,12.099201351884098,10.289840159651943,5.0,0.0
6.9,0.25,0.27,9.05,0.039,37.0,128.0,0.9936,3.27,0.34,11.3,8,0.28906249774169923,11.3727743832786,13.269205251528362,8.0,0.0
6.8,0.23,0.29,15.4,0.073,56.0,173.0,0.9984,3.06,0.41,8.7,6,0.32369942009422303,8.713933579794091,13.076897929042442,6.0,0.0
6.4,0.26,0.21,7.1,0.04,35.0,162.0,0.9956,3.39,0.58,9.9,6,0.21604938138241123,9.943742523360262,13.616992304271696,6.0,0.0
7.6,0.3,0.22,10.2,0.049,57.0,191.0,0.9966,3.08,0.4,9.3,6,0.29842931780927057,9.331718511219636,14.61535650892979,6.0,0.0
9.4,0.16,0.23,1.6,0.042,14.0,67.0,0.9942,3.07,0.32,9.5,5,0.20895522076186238,9.555411833220848,24.102502301276154,5.0,0.0
7.5,0.33,0.39,12.4,0.065,29.0,119.0,0.9974,3.16,0.39,9.4,5,0.24369747694371868,9.424494260583256,10.416652199094168,5.0,0.0
7.6,0.38,0.2,3.4,0.046,9.0,116.0,0.9944,3.15,0.41,9.4,5,0.07758620622770512,9.452926937925445,13.103425683748819,5.0,0.0
8.8,0.2,0.43,15.0,0.053,60.0,184.0,1.0008,3.28,0.79,8.8,6,0.3260869547495274,8.792956841569906,13.968231796457466,6.0,0.0
6.6,0.36,0.21,1.5,0.049,39.0,184.0,0.9928,3.18,0.41,9.9,6,0.21195652058719283,9.971786893848817,11.578927054513938,6.0,0.0
5.6,0.46,0.24,4.8,0.042,24.0,72.0,0.9908,3.29,0.37,12.6,6,0.3333333287037038,12.716983531506326,7.999988571444898,6.0,0.0
7.2,0.15,0.38,1.2,0.038,18.0,110.0,0.9917,3.19,0.43,11.1,6,0.16363636214876034,11.19288979238702,13.584880028528246,6.0,0.0
8.2,0.42,0.29,4.1,0.03,31.0,100.0,0.9911,3.0,0.32,12.8,7,0.3099999969,12.914929961729431,11.54927950805703,7.0,0.0
6.8,0.3,0.35,2.8,0.038,10.0,164.0,0.9912,3.09,0.53,12.0,6,0.06097560938429507,12.106525316257752,10.461522366888667,5.881004352204678,0.11899564779532223
6.7,0.27,0.3,13.9,0.029,34.0,131.0,0.9953,3.36,0.5,12.0,7,0.2595419827515879,12.056654218171186,11.754365343218694,7.114905415462422,-0.11490541546242206
7.2,0.5,0.0,0.8,0.034,46.0,114.0,0.9932,3.19,0.34,9.2,4,0.403508768390274,9.26297899418144,14.3999712000576,4.0,0.0
6.0,0.26,0.29,1.0,0.032,27.0,96.0,0.9896,3.38,0.44,12.3,6,0.28124999707031256,12.42925178935753,10.909071074416227,6.0,0.0
6.8,0.33,0.28,1.2,0.032,38.0,131.0,0.9889,3.19,0.41,13.0,6,0.29007633366353947,13.145906415303452,11.147522708979164,6.535147422235551,-0.5351474222355508
7.4,0.29,0.31,1.7,0.035,23.0,110.0,0.9926,3.07,0.38,10.9,5,0.20909090719008266,10.981250270753304,12.333312777812038,5.0,0.0
7.3,0.19,0.24,6.3,0.054,34.0,231.0,0.9964,3.36,0.54,10.0,6,0.14718614654897771,10.03611999586512,16.976704705337895,5.925109846335467,0.07489015366453344
6.5,0.32,0.12,11.5,0.033,35.0,165.0,0.9974,3.22,0.32,9.0,5,0.21212121083562901,9.023451951622267,14.772693698423414,5.101523672355984,-0.10152367235598359
7.1,0.32,0.4,1.5,0.034,13.0,84.0,0.9944,3.42,0.6,10.4,5,0.15476190291950115,10.458557463236662,9.861097415142478,5.0,0.0
7.3,0.17,0.23,6.3,0.051,35.0,240.0,0.9963,3.36,0.54,10.0,6,0.14583333272569446,10.037127334008497,18.24995437511406,6.0,0.0
7.7,0.44,0.24,11.2,0.031,41.0,167.0,0.9948,3.12,0.43,11.3,7,0.2455089805658145,11.359055730744139,11.32351275954006,7.0,0.0
7.4,0.49,0.24,15.1,0.03,34.0,153.0,0.9953,3.13,0.51,12.0,7,0.2222222207697894,12.056654218171186,10.136972415106282,7.0,0.0
6.4,0.21,0.3,5.6,0.044,43.0,160.0,0.9949,3.6,0.41,10.6,6,0.2687499983203125,10.654326410366458,12.548995001970583,6.0,0.0
8.0,0.55,0.42,12.6,0.211,37.0,213.0,0.9988,2.99,0.56,9.3,5,0.1737089193722586,9.3111640857388,8.247414177923527,5.071118310242479,-0.07111831024247905
7.0,0.19,0.23,5.7,0.123,27.0,104.0,0.9954,3.04,0.54,9.4,6,0.25961538211908286,9.443430336115798,16.666626984221466,6.0,0.0
7.2,0.24,0.29,2.2,0.037,37.0,102.0,0.992,3.27,0.64,11.0,7,0.3627450944828912,11.088698499295868,13.584880028528246,7.0,0.0
6.5,0.34,0.36,11.0,0.052,53.0,247.0,0.9984,3.44,0.55,9.3,6,0.2145748979167008,9.314894516331615,9.285701020427114,6.0,0.0
6.9,0.18,0.33,1.0,0.054,24.0,164.0,0.9926,3.42,0.51,10.5,5,0.14634146252230815,10.578268609441254,13.529385236499536,5.0,0.0
8.2,0.18,0.31,11.8,0.039,96.0,249.0,0.9976,3.07,0.52,9.5,6,0.38554216712633665,9.522845305888827,16.734659725184233,6.0,0.0
8.3,0.28,0.45,7.8,0.059,32.0,139.0,0.9972,3.33,0.77,11.2,6,0.23021582568190055,11.23143679157963,11.369847438565154,5.986489453287377,0.013510546712622862
6.1,0.34,0.46,4.7,0.029,21.0,94.0,0.991,3.29,0.62,12.3,6,0.22340425294250796,12.411692823720662,7.624990468761913,6.0,0.0
7.4,0.44,0.2,11.5,0.049,44.0,157.0,0.998,3.27,0.44,9.0,5,0.2802547752850014,9.018027036045053,11.562481933621978,5.003915900153564,-0.003915900153564245
7.6,0.26,0.58,7.9,0.041,62.0,180.0,0.9966,3.07,0.38,9.0,5,0.3444444425308642,9.030695333438356,9.047608276656813,5.0,0.0
8.7,0.49,0.57,17.8,0.052,34.0,243.0,1.0007,2.98,0.82,9.0,5,0.13991769489745803,8.993695419510924,8.207539426849596,5.0,0.0
7.0,0.24,0.25,1.7,0.042,48.0,189.0,0.992,3.25,0.42,11.4,6,0.2539682526245066,11.491923899270263,14.285685131254835,6.0,0.0
7.1,0.25,0.25,1.6,0.046,50.0,181.0,0.9925,3.2,0.42,11.0,7,0.276243092396447,11.083112258828958,14.199971600056799,7.0,0.0
6.4,0.18,0.31,1.6,0.049,36.0,127.0,0.9934,3.6,0.67,10.4,7,0.28346456469712944,10.46908549518271,13.061197834290136,6.0699604348286735,0.9300395651713265
8.3,0.27,0.39,2.4,0.058,16.0,107.0,0.9955,3.28,0.59,10.3,5,0.14953270888287187,10.346549124511176,12.5757385216083,5.0,0.0
6.8,0.24,0.35,6.4,0.048,44.0,172.0,0.9944,3.29,0.55,10.5,7,0.2558139520010817,10.559120515767784,11.525404194230179,7.0,0.0
8.0,0.22,0.28,14.0,0.053,83.0,197.0,0.9981,3.14,0.45,9.8,6,0.4213197948156356,9.81864560800961,15.999968000064,6.0,0.0
10.0,0.91,0.42,1.6,0.056,34.0,181.0,0.9968,3.11,0.46,10.0,4,0.18784530282958398,10.032092664433522,7.518791339254633,4.0,0.0
8.9,0.34,0.34,1.6,0.056,13.0,176.0,0.9946,3.14,0.47,9.7,5,0.07386363594395662,9.752654582088695,13.088216046741106,4.997993873034204,0.002006126965795829
8.9,0.33,0.34,1.4,0.056,14.0,171.0,0.9946,3.13,0.47,9.7,5,0.08187134455045997,9.752654582088695,13.283562263339904,5.019693051033161,-0.01969305103316099
6.7,0.18,0.19,4.7,0.046,57.0,161.0,0.9946,3.32,0.66,10.5,6,0.35403726488175613,10.556997228034156,18.108059167407657,5.624915333793817,0.37508466620618286
7.8,0.2,0.28,10.2,0.054,78.0,186.0,0.997,3.14,0.46,10.0,6,0.41935483645508154,10.030080210551443,16.249966145903862,5.834297922105112,0.16570207789488833
7.3,0.13,0.31,2.3,0.054,22.0,104.0,0.9924,3.24,0.92,11.5,7,0.2115384595044379,11.58805765008298,16.590871384383217,7.0,0.0
6.6,0.28,0.3,7.8,0.049,57.0,202.0,0.9958,3.24,0.39,9.5,5,0.2821782164248603,9.54005870650863,11.379290725360816,5.0,0.0
7.1,0.25,0.3,2.4,0.042,25.0,122.0,0.994,3.43,0.61,10.5,6,0.20491803110722925,10.563369654557691,12.909067438059202,6.0,0.0
7.6,0.36,0.44,8.3,0.255,28.0,142.0,0.9958,3.12,0.43,10.2,6,0.19718309720293595,10.243010400672423,9.499988125014843,6.0,0.0
7.6,0.27,0.25,13.9,0.05,45.0,199.0,0.9984,3.34,0.5,9.8,6,0.22613065212999672,9.815695296779552,14.61535650892979,6.0,0.0
6.9,0.37,0.28,13.8,0.031,34.0,137.0,0.9948,3.1,0.37,11.6,6,0.24817518067025415,11.660623582002831,10.615368284048794,6.0,0.0
7.4,0.21,0.27,7.3,0.031,41.0,144.0,0.9932,3.15,0.38,11.8,7,0.2847222202449846,11.880777405580544,15.416634548678026,7.0,0.0
8.2,0.18,0.28,8.5,0.035,41.0,140.0,0.9952,3.04,0.37,10.1,7,0.29285714076530617,10.148703628714198,17.826048204243033,7.0,0.0
6.3,0.19,0.21,1.8,0.049,35.0,163.0,0.9924,3.31,0.5,10.3,6,0.2147239250630434,10.378869025726496,15.749960625098437,6.0,0.0
7.0,0.21,0.22,5.1,0.048,38.0,168.0,0.9945,3.34,0.49,10.4,6,0.22619047484410432,10.457505824529084,16.27903190922812,6.0,0.0
5.8,0.33,0.2,16.05,0.047,26.0,166.0,0.9976,3.09,0.46,8.9,5,0.15662650508056322,8.92140244446427,10.943375578536642,5.0,0.0
7.9,0.29,0.31,7.35,0.034,37.0,154.0,0.9938,3.06,0.31,10.8,5,0.2402597386996121,10.867366806835573,13.166644722258797,5.0,0.0
6.6,0.31,0.38,16.05,0.058,16.0,165.0,0.9997,3.38,0.6,9.2,5,0.09696969638200184,9.202751622735196,9.565203528690539,5.0,0.0
8.0,0.19,0.3,2.0,0.053,48.0,140.0,0.994,3.18,0.49,9.6,6,0.3428571404081633,9.657937969881317,16.32649729286267,6.0,0.0
8.0,0.2,0.36,1.2,0.032,21.0,78.0,0.9921,3.08,0.37,10.4,6,0.2692307657790928,10.48280366615899,14.285688775555755,6.0,0.0
8.0,0.25,0.26,14.0,0.043,41.0,248.0,0.9986,3.03,0.57,8.7,6,0.165322579978538,8.712188351503752,15.686243752463229,5.8995559874042565,0.10044401259574354
7.2,0.2,0.61,16.2,0.043,14.0,103.0,0.9987,3.06,0.36,9.2,6,0.1359223287774531,9.21196634428122,8.888877914965537,5.255158970812823,0.7448410291871772
7.7,0.3,0.42,14.3,0.045,45.0,213.0,0.9991,3.18,0.63,9.2,5,0.21126760464193614,9.208278242139682,10.694429591070012,5.0,0.0
6.4,0.22,0.32,7.9,0.029,34.0,124.0,0.9948,3.4,0.39,10.2,5,0.2741935461758585,10.253306942795593,11.851829904018695,5.0,0.0
7.0,0.53,0.02,1.0,0.036,39.0,107.0,0.993,3.2,0.32,9.0,5,0.3644859779020002,9.063434981435064,12.727249586818932,5.0,0.0
7.3,0.24,0.41,13.6,0.05,41.0,178.0,0.9988,3.37,0.43,9.7,5,0.23033707735765688,9.7116442614695,11.230751952689305,5.0,0.0
7.2,0.24,0.4,17.85,0.049,50.0,185.0,1.0,3.34,0.42,9.6,5,0.2702702688093499,9.5999904000096,11.249982421902466,5.44582670157304,-0.44582670157303994
7.6,0.15,0.4,1.3,0.036,24.0,112.0,0.9932,3.14,0.76,10.0,5,0.214285712372449,10.068455428458087,13.818156694260553,5.0,0.0
7.6,0.33,0.41,13.7,0.045,44.0,197.0,0.9989,3.18,0.64,9.1,5,0.223350252673349,9.110011903081485,10.270256391545416,5.0,0.0
6.8,0.24,0.31,18.3,0.046,40.0,142.0,1.0,3.3,0.41,8.7,5,0.28169013886133704,8.6999913000087,12.36361388433839,5.0,0.0
6.8,0.35,0.44,6.5,0.056,31.0,161.0,0.9952,3.14,0.44,9.5,5,0.19254658265499017,9.545810343840088,8.607584041032858,5.0,0.0
7.9,0.26,0.33,10.3,0.039,73.0,212.0,0.9969,2.93,0.49,9.5,6,0.34433962101726595,9.52953201972914,13.38980781388506,5.982091141694846,0.017908858305154318
7.5,0.29,0.67,8.1,0.037,53.0,166.0,0.9966,2.9,0.41,8.9,6,0.3192771065103789,8.930354274177931,7.812491861987644,6.0,0.0
7.2,0.31,0.41,8.6,0.053,15.0,89.0,0.9976,3.29,0.64,9.9,6,0.16853932394899637,9.9238072135052,9.9999861111304,6.0,0.0
6.7,0.44,0.31,1.9,0.03,41.0,104.0,0.99,3.29,0.62,12.6,7,0.3942307654400888,12.727259871454674,8.933321422238103,7.0,0.0
10.0,0.23,0.27,14.1,0.033,45.0,166.0,0.9988,2.72,0.43,9.7,6,0.2710843357163594,9.7116442614695,19.999960000079998,6.0,0.0
7.4,0.21,0.3,7.9,0.039,14.0,118.0,0.9942,2.96,0.34,10.4,5,0.11864406679115198,10.460661375315455,14.509775471028489,6.439729031810525,-1.4397290318105247
8.8,0.23,0.35,10.7,0.04,26.0,183.0,0.9984,2.93,0.49,9.1,6,0.1420765019558661,9.11457420415244,15.172387633814425,6.0,0.0
7.8,0.34,0.27,1.2,0.04,25.0,106.0,0.9932,3.01,0.55,10.4,5,0.2358490543787825,10.47119364559641,12.78686428382904,5.0,0.0
6.0,0.28,0.35,1.9,0.037,16.0,120.0,0.9933,3.16,0.69,10.6,5,0.13333333222222224,10.67148830012252,9.523794406675545,5.640466700882446,-0.6404667008824463
7.9,0.37,0.3,2.7,0.029,64.0,158.0,0.9916,3.12,0.59,12.0,7,0.4050632885755488,12.101641688542063,11.791027177571378,7.0,0.0
7.2,0.36,0.36,5.7,0.038,26.0,98.0,0.9914,2.93,0.59,12.5,7,0.2653061197417743,12.608419801876336,9.9999861111304,7.0,0.0
7.6,0.13,0.34,9.3,0.062,40.0,126.0,0.9966,3.21,0.39,9.6,5,0.31746031494079113,9.632741689000913,16.170178361322634,5.0,0.0
6.6,0.25,0.36,8.1,0.045,54.0,180.0,0.9958,3.08,0.42,9.2,5,0.29999999833333335,9.238793694724146,10.81965439400919,5.0,0.0
7.1,0.18,0.26,1.3,0.041,20.0,71.0,0.9926,3.04,0.74,9.9,6,0.2816901368776037,9.973796117473183,16.136326962893268,6.0,0.0
7.9,0.3,0.27,8.5,0.036,20.0,112.0,0.9939,2.96,0.46,11.7,6,0.17857142697704084,11.7717961849319,13.859624807675774,6.0,0.0
8.3,0.23,0.3,2.1,0.049,21.0,153.0,0.9953,3.09,0.5,9.6,6,0.13725490106369345,9.645323374536948,15.660347810664508,6.0,0.0
6.8,0.43,0.3,3.5,0.033,27.0,135.0,0.9906,3.0,0.37,12.0,6,0.19999999851851855,12.11385815277796,9.315055732800365,6.0,0.0
6.6,0.35,0.29,14.4,0.044,54.0,177.0,0.9991,3.17,0.58,8.9,6,0.30508474403906927,8.908008299461216,10.312483886743928,6.0,0.0
7.3,0.22,0.5,13.7,0.049,56.0,189.0,0.9994,3.24,0.66,9.0,6,0.29629629472859104,9.005394231144455,10.138874807118324,5.8436028637996404,0.15639713620035955
8.1,0.26,0.33,11.1,0.052,52.5,158.0,0.9976,3.03,0.49,10.2,7,0.33227847890962986,10.224528644217477,13.728790290185946,7.0,0.0
7.0,0.12,0.19,4.9,0.055,27.0,127.0,0.9953,3.29,0.41,9.4,5,0.21259842352284705,9.444379137567429,22.58057232073445,5.0,0.0
8.2,0.37,0.27,1.7,0.028,10.0,59.0,0.9923,2.97,0.48,10.4,5,0.16949152255099115,10.480690838767673,12.81247998050003,5.0,0.0
7.6,0.26,0.36,1.6,0.032,6.0,106.0,0.993,3.15,0.4,10.4,4,0.0566037730509078,10.473302645213852,12.25804474508912,5.292711484357402,-1.292711484357402
6.3,0.2,0.58,1.4,0.204,15.0,97.0,0.9931,3.16,0.43,10.0,6,0.15463917366351368,10.069469268483266,8.076912721906766,6.0,0.0
6.3,0.22,0.57,1.4,0.208,14.0,96.0,0.9932,3.16,0.43,10.0,6,0.14583333181423613,10.068455428458087,7.974673449780443,6.0,0.0
7.1,0.25,0.28,1.6,0.052,46.0,169.0,0.9926,3.05,0.41,10.5,5,0.2721893475018382,10.578268609441254,13.396201139243132,5.0,0.0
7.0,0.27,0.32,6.8,0.047,47.0,193.0,0.9938,3.23,0.39,11.4,6,0.24352331480039732,11.471109407215328,11.864386670531065,6.0,0.0
8.8,0.34,0.33,9.7,0.036,46.0,172.0,0.9966,3.08,0.4,10.2,5,0.26744185891022176,10.23478804456347,13.134308754763053,5.63750966863178,-0.6375096686317798
9.2,0.27,0.34,10.5,0.043,49.0,228.0,0.9974,3.04,0.41,10.4,6,0.21491227975915667,10.42710003298573,15.081942488618866,5.988045589808258,0.011954410191742149
7.1,0.49,0.22,2.0,0.047,146.5,307.5,0.9924,3.24,0.37,11.0,3,0.47642276267829997,11.084229056601112,9.999985915512795,3.0,0.0
9.2,0.71,0.23,6.2,0.042,15.0,93.0,0.9948,2.89,0.34,10.1,6,0.16129032084634065,10.152784325709362,9.787223630613159,5.068617840257423,0.9313821597425767
7.2,0.47,0.65,8.3,0.083,27.0,182.0,0.9964,3.0,0.35,9.2,5,0.1483516475365294,9.233230396195909,6.428565688780635,5.0,0.0
6.8,0.28,0.36,1.6,0.04,25.0,87.0,0.9924,3.23,0.66,10.3,6,0.2873563185361343,10.378869025726496,10.624983398463439,6.0,0.0
7.3,0.13,0.27,4.6,0.08,34.0,172.0,0.9938,3.23,0.39,11.1,7,0.1976744174553813,11.16923810702545,18.24995437511406,7.0,0.0
7.2,0.16,0.35,1.2,0.031,27.0,84.0,0.9928,3.33,0.34,9.9,5,0.32142856760204086,9.971786893848817,14.117619377216906,5.0,0.0
6.8,0.31,0.32,7.6,0.052,35.0,143.0,0.9959,3.14,0.38,9.0,5,0.24475524304366963,9.037042838595402,10.79363366089895,5.0,0.0
8.3,0.36,0.57,15.0,0.052,35.0,256.0,1.0001,2.93,0.64,8.6,5,0.1367187494659424,8.59913148771974,8.924721586320876,5.0,0.0
6.3,0.25,0.44,11.6,0.041,48.0,195.0,0.9968,3.18,0.52,9.5,5,0.24615384489151876,9.530488031211846,9.130421550113695,5.0,0.0
6.0,0.45,0.42,1.1,0.051,61.0,197.0,0.9932,3.02,0.4,9.0,5,0.3096446684789611,9.061609885612278,6.896543797076095,5.0,0.0
8.1,0.26,0.3,7.8,0.049,39.0,152.0,0.9954,2.99,0.58,10.0,6,0.2565789456804017,10.046202485229571,14.464259885250202,6.011229040837919,-0.01122904083791898
6.4,0.22,0.32,12.0,0.066,57.0,158.0,0.9992,3.6,0.43,9.0,6,0.36075949138759816,9.007196750203413,11.851829904018695,6.0,0.0
5.7,0.45,0.42,1.1,0.051,61.0,197.0,0.9932,3.02,0.4,9.0,5,0.3096446684789611,9.061609885612278,6.551716607222291,5.0,0.0
7.2,0.19,0.31,1.4,0.046,37.0,135.0,0.9939,3.34,0.57,10.2,7,0.2740740720438958,10.262591545838065,14.3999712000576,7.0,0.0
6.7,0.31,0.44,6.7,0.054,29.0,160.0,0.9952,3.04,0.44,9.6,5,0.1812499988671875,9.646292557985774,8.933321422238103,5.0,0.0
8.0,0.25,0.13,17.2,0.036,49.0,219.0,0.9996,2.96,0.46,9.7,5,0.2237442912157795,9.7038718448661,21.052576177431114,5.0,0.0
9.9,1.005,0.46,1.4,0.046,34.0,185.0,0.9966,3.02,0.49,10.2,4,0.18378378279035792,10.23478804456347,6.757674568140228,4.0,0.0
8.1,0.31,0.36,8.2,0.028,29.0,142.0,0.9925,3.01,0.34,13.0,7,0.20422535067446937,13.098223578616041,12.089534194725083,7.0,0.0
8.1,0.24,0.38,4.3,0.044,49.0,172.0,0.996,3.37,0.74,10.8,6,0.28488371927393186,10.843362607065655,13.064495057266036,6.0,0.0
6.4,0.29,0.28,11.1,0.063,66.0,169.0,0.9973,2.89,0.57,9.0,5,0.39053254206785476,9.024356738838124,11.228050477104425,5.0,0.0
7.2,0.15,0.33,1.1,0.027,16.0,63.0,0.9937,3.37,0.4,9.9,5,0.2539682499370119,9.96275539624092,14.999968750065106,5.570878912949385,-0.570878912949385
7.0,0.12,0.32,7.2,0.058,22.0,89.0,0.9966,3.29,0.38,9.2,6,0.247191008458528,9.231377451959208,15.909054752148291,6.0,0.0
7.4,0.32,0.55,16.6,0.056,53.0,238.0,1.0017,2.96,0.58,8.7,6,0.2226890746945837,8.685226429842837,8.505737349727184,6.0,0.0
8.5,0.17,0.31,1.0,0.024,13.0,91.0,0.993,2.79,0.37,10.1,5,0.14285714128728416,10.171188145832682,17.708296441049082,5.0,0.0
9.5,0.21,0.47,1.3,0.039,21.0,123.0,0.9959,2.9,0.64,9.5,5,0.17073170592901052,9.539100774072924,13.970567690341632,5.0,0.0
8.2,0.21,0.48,1.4,0.041,11.0,99.0,0.9958,3.17,0.57,9.9,5,0.11111110998877667,9.94174538888794,11.884040747767031,5.0,0.0
6.8,0.31,0.42,6.9,0.046,50.0,173.0,0.9958,3.19,0.46,9.0,5,0.289017339369842,9.037950353534491,9.315055732800365,5.0,0.0
6.8,0.27,0.28,13.3,0.076,50.0,163.0,0.9979,3.03,0.38,8.6,6,0.3067484643757763,8.618089369586762,12.36361388433839,6.0,0.0
7.4,0.21,0.3,8.1,0.047,13.0,114.0,0.9941,3.12,0.35,10.5,6,0.11403508671899047,10.562307049283724,14.509775471028489,6.236692247169128,-0.2366922471691284
8.0,0.23,0.35,9.2,0.044,53.0,186.0,0.997,3.09,0.56,9.5,7,0.28494623502717076,9.52857620002387,13.793079667104022,7.0,0.0
7.6,0.2,0.31,1.4,0.047,41.0,142.0,0.9934,3.43,0.53,10.1,6,0.28873239233287046,10.167092644360132,14.901931564840067,6.0,0.0
6.3,0.41,0.3,3.2,0.03,49.0,164.0,0.9927,3.53,0.79,11.7,7,0.2987804859830458,11.78602620527228,8.873226939116988,7.0,0.0
8.3,0.49,0.43,2.5,0.036,32.0,116.0,0.9944,3.23,0.47,10.7,6,0.275862066587396,10.760246620830026,9.021729324207257,6.0,0.0
7.6,0.2,0.26,4.5,0.086,37.0,133.0,0.9963,3.15,0.42,9.2,5,0.2781954866301091,9.234157147287817,16.521703213688664,5.0,0.0
7.5,0.26,0.26,18.35,0.084,33.0,139.0,1.0011,3.17,0.39,8.8,5,0.23741007023445992,8.790321855636945,14.42304918644387,5.0,0.0
6.8,0.27,0.35,7.8,0.048,76.0,197.0,0.9959,3.24,0.43,9.5,6,0.3857868000721482,9.539100774072924,10.967724245606055,6.0,0.0
6.8,0.28,0.37,7.0,0.057,35.0,208.0,0.9973,3.57,0.55,10.2,5,0.1682692299602441,10.22760430401654,10.461522366888666,5.0,0.0
8.4,0.2,0.27,6.3,0.048,30.0,143.0,0.9966,3.25,0.5,9.1,6,0.2097902083231454,9.131036392698782,17.8723023993566,6.0,0.0
7.9,0.33,0.26,1.2,0.044,23.0,103.0,0.9932,3.19,0.54,10.5,6,0.22330096870581584,10.571878199880992,13.38980781388506,6.0,0.0
7.5,0.38,0.5,12.8,0.042,57.0,184.0,0.9984,3.09,0.46,9.0,6,0.30978260701205107,9.014414048062852,8.522717587820923,6.0,0.0
7.6,0.2,0.3,14.2,0.056,53.0,212.5,0.999,3.14,0.46,8.9,8,0.24941176353217995,8.9088999910911,15.199969600060799,5.897927229209348,2.1020727707906524
8.1,0.19,0.58,16.65,0.049,48.0,181.0,1.0006,3.2,0.62,9.1,6,0.2651933687005891,9.094534184954844,10.519466857835248,6.0,0.0
7.6,0.16,0.41,1.9,0.047,27.0,151.0,0.9937,3.2,0.53,10.1,6,0.17880794583570897,10.164023182023566,13.333309941561506,6.0,0.0
8.1,0.22,0.28,7.7,0.043,57.0,176.0,0.9954,3.12,0.55,10.0,5,0.3238636345235021,10.046202485229571,16.1999676000648,5.0,0.0
8.0,0.22,0.32,10.4,0.043,63.0,201.0,0.997,3.11,0.53,9.5,6,0.3134328342615282,9.52857620002387,14.814787380023368,6.0,0.0
7.1,0.33,0.3,3.3,0.034,30.0,102.0,0.9912,3.08,0.31,12.3,7,0.2941176441753172,12.409188449164196,11.269823381232728,7.0,0.0
6.4,0.43,0.27,1.1,0.054,5.0,110.0,0.9939,3.24,0.52,9.1,4,0.04545454504132232,9.155841477169254,9.142844081651313,4.0,0.0
7.0,0.12,0.28,6.3,0.057,17.0,103.0,0.9957,3.5,0.44,9.6,5,0.16504854208690736,9.641448587477566,17.499956250109374,5.0,0.0
7.4,0.3,0.22,5.25,0.053,33.0,180.0,0.9926,3.13,0.45,11.6,6,0.18333333231481483,11.686468178049386,14.230741863957954,5.87631362851413,0.1236863714858698
7.0,0.28,0.33,14.6,0.043,47.0,168.0,0.9994,3.34,0.67,8.8,6,0.27976190309665533,8.805274359341245,11.475391023949138,6.0,0.0
8.4,0.2,0.38,11.8,0.055,51.0,170.0,1.0004,3.34,0.82,8.9,6,0.2999999982352941,8.896432530555249,14.482733650459222,6.515694819034398,-0.5156948190343984
7.3,0.18,0.31,17.3,0.055,32.0,197.0,1.0002,3.13,0.46,9.0,6,0.16243654739879926,8.99819136353593,14.897928779737185,6.0,0.0
6.8,0.31,0.09,1.4,0.04,56.0,145.0,0.9922,3.19,0.46,10.0,5,0.3862068938882283,10.078603024991912,16.999957500106248,5.0,0.0
6.7,0.31,0.08,1.3,0.038,58.0,147.0,0.9922,3.18,0.46,10.0,5,0.3945578204451849,10.078603024991912,17.179443129633,5.153472336597864,-0.15347233659786408
7.6,0.17,0.35,1.6,0.047,43.0,154.0,0.9934,3.36,0.69,11.1,6,0.2792207774076573,11.173735480435393,14.61535650892979,6.0,0.0
7.4,0.26,0.31,2.4,0.043,58.0,178.0,0.9941,3.42,0.68,10.6,6,0.32584269479863653,10.662900449753092,12.98243336415199,6.0,0.0
5.6,0.18,0.31,1.5,0.038,16.0,84.0,0.9924,3.34,0.58,10.1,6,0.1904761882086168,10.177337588333748,11.428548105003868,6.0,0.0
7.2,0.15,0.39,1.8,0.043,21.0,159.0,0.9948,3.52,0.47,10.0,5,0.13207547086744986,10.052261708623131,13.333308642021032,5.0,0.0
8.0,0.4,0.33,7.7,0.034,27.0,98.0,0.9935,3.18,0.41,12.2,7,0.27551020127030407,12.279806462197822,10.958889097412195,7.0,0.0
7.0,0.25,0.56,2.0,0.035,20.0,95.0,0.9918,3.23,0.53,11.0,6,0.21052631357340723,11.090934572560423,8.641964639549826,6.0,0.0
6.8,0.18,0.46,1.4,0.064,37.0,160.0,0.9924,3.37,0.45,11.1,5,0.2312499985546875,11.184994775297486,10.624983398463439,5.0,0.0
6.6,0.32,0.22,16.7,0.046,38.0,133.0,0.9979,3.22,0.67,10.4,6,0.28571428356605805,10.421875516709573,12.222199588519278,6.0,0.0
9.0,0.55,0.3,8.1,0.026,14.0,71.0,0.993,2.94,0.36,11.8,5,0.1971830958143226,11.88317030899264,10.588222837384896,5.941485679423799,-0.9414856794237991
6.9,0.19,0.39,8.0,0.028,22.0,84.0,0.994,3.11,0.66,10.8,6,0.2619047587868481,10.865180216116483,11.896531212877218,6.0,0.0
6.3,0.41,0.33,4.7,0.023,28.0,110.0,0.991,3.3,0.38,12.5,7,0.254545452231405,12.613508967195795,8.513502008781069,7.0,0.0
7.0,0.2,0.34,2.1,0.049,12.0,136.0,0.9922,3.25,0.46,11.6,7,0.08823529346885814,11.691179508990617,12.962938957520448,7.0,0.0
7.7,0.26,0.34,6.4,0.05,36.0,163.0,0.9937,3.19,0.7,11.5,6,0.22085889435055894,11.572897682502079,12.83331194448009,5.9044048848331165,0.09559511516688346
6.3,0.21,0.28,1.5,0.051,46.0,142.0,0.9928,3.23,0.42,10.1,6,0.3239436596905376,10.173237134128591,12.857116618129352,5.570467551465497,0.4295324485345029
7.6,0.34,0.39,7.6,0.04,45.0,215.0,0.9965,3.11,0.53,9.2,6,0.20930232460789616,9.232303831105035,10.410944642541585,6.0,0.0
8.0,0.43,0.4,12.4,0.168,29.0,190.0,0.9991,3.07,0.64,9.2,5,0.15263157814404432,9.208278242139682,9.638542604165536,5.0,0.0
7.5,0.3,0.71,1.3,0.16,44.0,149.0,0.9948,3.08,0.42,8.9,5,0.2953020114409261,8.946512920674587,7.425735222044335,5.0,0.0
6.4,0.26,0.4,1.7,0.179,5.0,60.0,0.9925,3.09,0.54,10.1,5,0.08333333194444448,10.17631216492477,9.69695500461363,5.0,0.0
6.9,0.32,0.15,8.1,0.046,51.0,180.0,0.9958,3.13,0.45,8.9,5,0.2833333317592593,8.937528682939664,14.680819828042921,5.0,0.0
8.9,0.21,0.34,7.1,0.037,33.0,150.0,0.9962,3.1,0.45,9.7,6,0.21999999853333335,9.736990828156165,16.18178876038407,6.0,0.0
9.5,0.42,0.41,2.3,0.034,22.0,145.0,0.9951,3.06,0.52,11.0,6,0.15172413688466113,11.05415430192513,11.445769342446576,6.0,0.0
7.6,0.29,0.26,6.5,0.042,32.0,160.0,0.9944,3.14,0.47,10.7,5,0.19999999875000002,10.760246620830026,13.818156694260553,5.0,0.0
6.5,0.25,0.2,1.4,0.024,29.0,101.0,0.9916,3.24,0.54,10.8,6,0.2871287100284286,10.891477519687859,14.444412345750344,6.0,0.0
7.2,0.23,0.33,12.7,0.049,50.0,183.0,0.9987,3.41,0.4,9.8,5,0.27322404222281943,9.812746758038692,12.85711989800018,5.0,0.0
7.9,0.35,0.36,1.6,0.038,11.0,124.0,0.9928,3.25,0.48,11.0,5,0.08870967670395422,11.079763215387574,11.126744891908604,5.0,0.0
8.8,0.2,0.28,1.1,0.018,18.0,72.0,0.9926,2.97,0.35,10.4,5,0.24999999652777782,10.477523194113244,18.333295138968463,5.0,0.0
5.7,0.27,0.32,1.2,0.046,20.0,155.0,0.9934,3.8,0.41,10.2,6,0.12903225723204995,10.267756927967659,9.661000574575295,6.0,0.0
5.5,0.14,0.27,4.6,0.029,22.0,104.0,0.9949,3.34,0.44,9.0,5,0.2115384595044379,9.046126197480955,13.414601427801395,5.0,0.0
8.7,0.24,0.35,0.6,0.042,11.0,71.0,0.9926,3.08,0.38,10.6,5,0.15492957528268203,10.679014024769266,14.745737719088611,5.0,0.0
6.7,0.3,0.45,10.6,0.032,56.0,212.0,0.997,3.22,0.59,9.5,6,0.2641509421502314,9.52857620002387,8.933321422238103,6.0,0.0
5.6,0.13,0.27,4.8,0.028,22.0,104.0,0.9948,3.34,0.45,9.2,6,0.2115384595044379,9.24808077193328,13.9999650000875,6.0,0.0
7.4,0.18,0.34,2.7,0.03,30.0,107.0,0.992,2.97,0.53,11.0,6,0.2803738291553848,11.088698499295868,14.230741863957954,6.0,0.0
5.7,0.385,0.04,12.6,0.034,22.0,115.0,0.9964,3.28,0.63,9.9,6,0.19130434616257092,9.935758795906468,13.411733148863181,6.0,0.0
8.3,0.33,0.43,9.2,0.046,22.0,126.0,0.9982,3.38,0.47,9.3,5,0.17460317321743513,9.316760852774141,10.921038261791761,5.0,0.0
6.8,0.34,0.44,6.6,0.052,28.0,156.0,0.9955,3.14,0.41,9.6,5,0.17948717833662065,9.643385591777406,8.717937541105716,5.0,0.0
6.8,0.33,0.44,7.0,0.05,29.0,155.0,0.9955,3.14,0.42,9.5,5,0.18709677298647243,9.542933658529725,8.831157362133295,5.0,0.0
6.3,0.28,0.24,8.45,0.031,32.0,172.0,0.9958,3.39,0.57,9.7,7,0.18604651054624122,9.740902047698285,12.115361316612852,7.0,0.0
11.8,0.23,0.38,11.1,0.034,15.0,123.0,0.9997,2.93,0.55,9.7,3,0.1219512185207218,9.702901167449067,19.34423058322855,3.0,0.0
6.8,0.21,0.27,18.15,0.042,41.0,146.0,1.0001,3.3,0.36,8.7,5,0.2808219158847814,8.699121388739737,14.166637152839266,5.361675724714854,-0.3616757247148543
8.6,0.485,0.29,4.1,0.026,19.0,101.0,0.9918,3.01,0.38,12.4,5,0.18811881001862565,12.502508063613567,11.096759875148548,5.0,0.0
7.3,0.29,0.29,4.6,0.029,27.0,155.0,0.9931,3.07,0.26,10.6,6,0.17419354726326744,10.673637424592261,12.586185196232421,6.0,0.0
6.7,0.31,0.31,4.9,0.031,20.0,151.0,0.9926,3.36,0.82,12.0,7,0.1324503302486733,12.089449839361434,10.806434183170673,6.310940344088003,0.689059655911997
7.3,0.29,0.37,8.3,0.044,45.0,227.0,0.9966,3.12,0.47,9.0,5,0.19823788458926042,9.030695333438356,11.060589302137421,5.56487116199316,-0.5648711619931603
5.7,0.46,0.46,1.4,0.04,31.0,169.0,0.9932,3.13,0.47,8.8,5,0.18343195157732572,8.860240777043117,6.195645439515826,5.0,0.0
6.8,0.28,0.44,11.5,0.04,58.0,223.0,0.9969,3.22,0.56,9.5,5,0.26008968493233325,9.52953201972914,9.444431327178712,5.48770059824478,-0.4877005982447802
6.7,0.23,0.33,1.8,0.036,23.0,96.0,0.9925,3.32,0.4,10.8,6,0.23958333083767364,10.88160112685025,11.964264349527946,6.0,0.0
6.9,0.17,0.25,1.6,0.047,34.0,132.0,0.9914,3.16,0.48,11.4,5,0.2575757556244261,11.498878859311217,16.4285323130183,5.0,0.0
7.6,0.18,0.36,2.4,0.049,38.0,123.0,0.996,3.6,0.46,10.3,5,0.3089430869191619,10.341355078960765,14.0740480110222,6.362373112328422,-1.362373112328422
6.6,0.22,0.28,4.9,0.042,51.0,180.0,0.9952,3.3,0.75,9.5,6,0.2833333317592593,9.545810343840088,13.199973600052799,6.0,0.0
7.8,0.27,0.28,1.8,0.05,21.0,127.0,0.9934,3.15,0.44,9.9,5,0.16535432940665884,9.965764077145082,14.181792396741095,5.596504974044236,-0.5965049740442359
7.7,0.28,0.29,4.3,0.051,25.0,142.0,0.9939,3.16,0.39,10.2,5,0.17605633678833565,10.262591545838065,13.50874823026626,5.0,0.0
7.6,0.29,0.29,4.4,0.051,26.0,146.0,0.9939,3.16,0.39,10.2,5,0.17808219056108088,10.262591545838065,13.10342568374882,5.387081178672203,-0.3870811786722026
5.7,0.32,0.18,1.4,0.029,26.0,104.0,0.9906,3.44,0.37,11.0,6,0.24999999759615388,11.104369973379796,11.3999772000456,6.0,0.0
7.1,0.33,0.25,1.6,0.03,25.0,126.0,0.9901,3.22,0.34,12.1,7,0.19841269683799448,12.220975435839373,12.241358204554817,7.0,0.0
7.3,0.34,0.3,1.3,0.057,25.0,173.0,0.9948,3.26,0.51,9.1,6,0.144508669684921,9.147558154847049,11.406232177762222,6.0,0.0
6.5,0.19,0.26,5.2,0.04,31.0,140.0,0.995,3.26,0.68,9.5,6,0.2214285698469388,9.547729097759701,14.444412345750344,5.803938570355129,0.19606142964487105
6.6,0.23,0.27,5.6,0.043,43.0,164.0,0.9953,3.27,0.76,9.5,5,0.2621951203524688,9.544851256052189,13.199973600052799,5.0,0.0
6.6,0.27,0.29,5.3,0.045,57.0,189.0,0.9953,3.31,0.79,9.8,5,0.3015872999916016,9.84626761150647,11.785693239833497,5.0,0.0
6.8,0.36,0.32,1.6,0.039,10.0,124.0,0.9948,3.3,0.67,9.6,5,0.08064516063995839,9.650171240278205,9.999985294139274,5.0,0.0
7.0,0.22,0.39,2.1,0.055,39.0,198.0,0.9951,3.52,0.54,10.2,6,0.19696969597490052,10.250215807239666,11.475391023949141,5.98966278613856,0.010337213861440375
5.9,0.17,0.3,1.4,0.042,25.0,119.0,0.9931,3.68,0.72,10.5,6,0.21008403184803334,10.57294273190743,12.553164780500468,6.0,0.0
7.4,0.45,0.32,7.1,0.044,17.0,117.0,0.9962,3.32,0.41,10.4,4,0.1452991440572723,10.439660269363312,9.610377129380351,4.0,0.0
7.5,0.42,0.14,10.7,0.046,18.0,95.0,0.9959,3.22,0.33,10.7,5,0.1894736822160665,10.744039819218978,13.392833227083521,5.0,0.0
7.5,0.33,0.32,11.1,0.036,25.0,119.0,0.9962,3.15,0.34,10.5,6,0.21008403184803334,10.540041618107189,11.538443787009557,6.0,0.0
9.4,0.3,0.32,10.7,0.029,14.0,111.0,0.9958,2.85,0.42,10.6,5,0.12612612498985473,10.644697083051733,15.161265868926018,5.8502502625983555,-0.8502502625983555
7.9,0.17,0.32,1.6,0.053,47.0,150.0,0.9948,3.29,0.76,9.6,6,0.31333333124444446,9.650171240278205,16.122416076701885,6.0,0.0
8.2,0.17,0.32,1.5,0.05,17.0,101.0,0.994,3.14,0.58,9.5,5,0.16831683001666506,9.55733444936172,16.734659725184233,5.0,0.0
8.3,0.17,0.31,1.5,0.049,48.0,153.0,0.9942,3.12,0.58,9.4,6,0.31372548814558504,9.454828550765892,17.291630642436164,6.0,0.0
8.7,0.15,0.3,1.6,0.046,29.0,130.0,0.9942,3.22,0.38,9.8,6,0.22307692136094676,9.857161680585717,19.333290370465846,6.0,0.0
7.2,0.25,0.19,8.0,0.044,51.0,172.0,0.9964,3.16,0.44,9.2,5,0.2965116261830719,9.233230396195909,16.363599173638242,5.0,0.0
7.2,0.24,0.19,7.7,0.045,53.0,176.0,0.9958,3.17,0.38,9.5,5,0.3011363619253616,9.54005870650863,16.74414710663464,5.157371786908048,-0.15737178690804843
5.3,0.76,0.03,2.7,0.043,27.0,93.0,0.9932,3.34,0.38,9.2,5,0.2903225775234132,9.26297899418144,6.70885226727561,4.821671901234585,0.178328098765415
6.6,0.22,0.53,15.1,0.052,22.0,136.0,0.9986,2.94,0.35,9.4,5,0.16176470469290657,9.413169023463826,8.79998826668231,5.0,0.0
8.4,0.28,0.4,8.9,0.048,33.0,146.0,0.9988,3.4,0.46,9.3,5,0.22602739571214112,9.3111640857388,12.352923010407336,5.0,0.0
6.8,0.32,0.34,6.0,0.05,5.0,129.0,0.9953,3.19,0.4,9.1,5,0.03875968962201791,9.14296278211315,10.30301469240198,5.0,0.0
6.7,0.24,0.33,12.3,0.046,31.0,145.0,0.9983,3.36,0.4,9.5,5,0.2137931019738407,9.516167969379977,11.754365343218694,5.0,0.0
7.4,0.18,0.36,13.1,0.056,72.0,163.0,1.0,3.42,0.35,9.1,6,0.4417177887011179,9.0999909000091,13.703678326521617,5.640445057713514,0.3595549422864863
6.0,0.16,0.3,6.7,0.043,43.0,153.0,0.9951,3.63,0.46,10.6,5,0.28104574979708663,10.652185054582398,13.043449905543685,5.0,0.0
6.8,0.28,0.35,2.3,0.042,16.0,85.0,0.9906,3.19,0.56,12.4,6,0.18823529190311422,12.517653424537224,10.79363366089895,6.0,0.0
6.2,0.34,0.3,11.1,0.047,28.0,237.0,0.9981,3.18,0.49,8.7,5,0.11814345941711621,8.716552733641183,9.6874848633049,5.0,0.0
6.0,0.27,0.15,1.5,0.056,35.0,128.0,0.9936,3.12,0.45,8.8,5,0.27343749786376953,8.856673856004573,14.285680272189827,5.0,0.0
8.5,0.24,0.47,15.2,0.057,40.0,234.0,1.0005,3.02,0.66,9.0,5,0.1709401702096574,8.995493257877804,11.971814124205459,5.0,0.0
8.1,0.24,0.33,10.2,0.048,46.0,141.0,0.9972,3.16,0.48,10.3,6,0.3262411324380062,10.328910620827697,14.210501385085287,6.0,0.0
7.7,0.23,0.31,10.7,0.038,59.0,186.0,0.9969,3.12,0.55,9.5,6,0.3172042993698694,9.52953201972914,14.259232853272493,6.0,0.0
6.5,0.22,0.25,17.1,0.05,44.0,138.0,1.0001,3.3,0.37,8.8,5,0.31884057739970595,8.799111289759736,13.82975780902594,5.0,0.0
5.7,0.33,0.15,1.9,0.05,20.0,93.0,0.9934,3.38,0.62,9.9,5,0.21505376112845417,9.965764077145082,11.874975260468208,5.0,0.0
6.8,0.2,0.27,1.2,0.034,19.0,68.0,0.9902,3.14,0.37,11.7,4,0.2794117605968859,11.815782856207981,14.468054323288673,4.0,0.0
7.7,0.26,0.32,1.2,0.04,26.0,117.0,0.993,3.21,0.56,10.8,5,0.22222222032288702,10.876121977722077,13.275839179587619,5.0,0.0
6.4,0.2,0.32,3.1,0.041,18.0,126.0,0.9914,3.43,0.42,12.0,6,0.14285714172335603,12.10408300980128,12.30766863909877,5.896509601238425,0.10349039876157473
8.0,0.16,0.36,1.5,0.033,14.0,122.0,0.9941,3.2,0.39,10.3,4,0.11475409742004838,10.361120248344987,15.384585798873463,6.268318054968847,-2.268318054968847
6.8,0.25,0.27,10.7,0.076,47.0,154.0,0.9967,3.05,0.38,9.0,5,0.3051948032130208,9.029789274817622,13.076897929042442,5.0,0.0
7.7,0.39,0.28,4.9,0.035,36.0,109.0,0.9918,3.19,0.58,12.2,7,0.33027522632775025,12.300854707748831,11.49252016041767,6.9997785483519515,0.0002214516480485429
6.9,0.26,0.33,12.6,0.051,59.0,173.0,0.998,3.39,0.38,9.9,5,0.3410404604564135,9.91982973964956,11.694895432380621,5.0,0.0
6.0,0.28,0.22,12.15,0.048,42.0,163.0,0.9957,3.2,0.46,10.1,5,0.25766871007565206,10.143607368075354,11.999976000048,5.0,0.0
6.5,0.43,0.28,12.0,0.056,23.0,174.0,0.9986,3.31,0.55,9.3,5,0.1321839072862994,9.31302892746953,9.154916683215939,5.0,0.0
9.1,0.33,0.38,1.7,0.062,50.5,344.0,0.9958,3.1,0.7,9.5,5,0.1468023251546444,9.54005870650863,12.816883356502315,5.0,0.0
5.9,0.5,0.05,2.6,0.054,36.0,146.0,0.9948,3.43,0.5,9.2,6,0.24657534077688123,9.24808077193328,10.727253223175957,6.0,0.0
6.8,0.28,0.39,1.4,0.036,15.0,115.0,0.9918,3.27,0.72,11.7,5,0.13043478147448018,11.796721318086995,10.149238583225994,5.0,0.0
7.0,0.35,0.24,1.9,0.04,21.0,144.0,0.9923,3.35,0.38,11.0,5,0.14583333232060186,11.085346079465808,11.864386670531067,5.0,0.0
7.1,0.22,0.32,16.9,0.056,49.0,158.0,0.9998,3.37,0.38,9.6,6,0.31012658031565454,9.601910780245268,13.148123799770739,6.0,0.0
8.3,0.24,0.27,2.1,0.03,22.0,162.0,0.9914,2.99,0.68,11.9,6,0.13580246829751563,12.003215651386272,16.274477893180602,6.0,0.0
6.8,0.26,0.32,7.0,0.041,38.0,118.0,0.9939,3.25,0.52,10.8,6,0.32203389557598394,10.8662734014756,11.724117717038416,6.0,0.0
7.2,0.16,0.26,7.1,0.054,41.0,224.0,0.9966,3.38,0.55,10.1,5,0.18303571346859057,10.134446985303043,17.142816326627795,5.920615589809248,-0.9206155898092483
7.9,0.18,0.36,5.9,0.058,31.0,132.0,0.995,3.25,0.52,10.9,6,0.23484848306932968,10.954762859534815,14.629602537773078,6.0857996430081345,-0.08579964300813447
5.5,0.24,0.32,8.7,0.06,19.0,102.0,0.994,3.27,0.31,10.4,5,0.1862745079777009,10.462766134038095,9.821411033194583,5.0,0.0
7.1,0.33,0.64,13.2,0.056,12.0,105.0,0.9972,3.05,0.39,9.2,5,0.11428571319727893,9.225823078797553,7.31958008290713,5.0,0.0
7.7,0.28,0.35,15.3,0.056,31.0,117.0,0.9998,3.27,0.5,9.6,5,0.264957262692673,9.601910780245268,12.222202821900282,5.0,0.0
7.5,0.26,0.52,13.2,0.047,64.0,179.0,0.9982,3.1,0.46,9.0,5,0.3575418974439,9.016220180104007,9.615372287984245,5.362355267345644,-0.36235526734564427
6.5,0.14,0.32,2.7,0.037,18.0,89.0,0.9924,3.4,0.74,11.5,7,0.20224718873879563,11.58805765008298,14.130404064338991,7.0,0.0
8.2,0.21,0.32,10.65,0.053,53.0,145.0,0.9972,3.17,0.48,10.2,6,0.3655172388585018,10.228629935188593,15.47166892137939,6.0,0.0
7.2,0.2,0.31,10.0,0.054,49.0,165.0,0.997,3.4,0.42,9.9,6,0.29696969516988064,9.92977940844593,14.117619377216906,6.0,0.0
7.2,0.115,0.3,6.8,0.056,26.0,105.0,0.9954,3.44,0.4,9.6,6,0.247619045260771,9.644354385820387,17.34935578468486,6.0,0.0
6.4,0.29,0.2,15.6,0.04,20.0,142.0,0.9962,3.1,0.54,10.6,5,0.14084506943066852,10.640422966851068,13.061197834290136,5.0,0.0
6.8,0.24,0.34,5.1,0.038,31.0,99.0,0.9921,3.24,0.46,11.8,6,0.31313130996837063,11.893950313526547,11.724117717038416,6.445225729256897,-0.4452257292568973
7.0,0.24,0.34,3.0,0.035,36.0,102.0,0.9905,3.18,0.43,12.2,6,0.3529411730103807,12.31699917516489,12.068944708716018,6.0,0.0
7.0,0.22,0.33,2.1,0.052,15.0,76.0,0.993,3.2,0.41,10.6,6,0.1973684184556787,10.674712311467964,12.727249586818932,6.0,0.0
7.5,0.18,0.39,1.9,0.054,23.0,91.0,0.9941,3.27,0.45,10.3,6,0.25274724996981046,10.361120248344987,13.157871652856747,6.0,0.0
9.8,0.93,0.45,8.6,0.052,34.0,187.0,0.9994,3.12,0.59,10.2,4,0.18181818084589207,10.206113461963715,7.101444129388312,4.0,0.0
7.8,0.29,0.33,8.75,0.035,33.0,181.0,0.9962,3.11,0.46,10.7,5,0.18232044098165504,10.740804315594945,12.580624869959886,5.0,0.0
7.9,0.28,0.32,3.6,0.038,9.0,76.0,0.992,3.05,0.31,11.7,4,0.11842105107340722,11.794342949251059,13.166644722258795,4.0,0.0
8.5,0.25,0.27,4.7,0.031,31.0,92.0,0.9922,3.01,0.33,12.0,6,0.3369565180765596,12.094323629990294,16.346122411303053,6.0,0.0
7.4,0.18,0.27,1.3,0.048,26.0,105.0,0.994,3.52,0.66,10.6,6,0.247619045260771,10.663973175077288,16.444407901315778,6.0,0.0
6.3,0.24,0.37,1.8,0.031,6.0,61.0,0.9897,3.3,0.34,12.2,4,0.09836065412523519,12.326955312766177,10.327851921554226,4.0,0.0
6.0,0.33,0.38,9.7,0.04,29.0,124.0,0.9954,3.47,0.48,11.0,6,0.23387096585587933,11.050822733752527,8.450692322968559,6.0,0.0
6.8,0.37,0.28,4.0,0.03,29.0,79.0,0.99,3.23,0.46,12.4,7,0.3670886029482455,12.525239873495078,10.461522366888666,7.0,0.0
9.9,0.49,0.23,2.4,0.087,19.0,115.0,0.9948,2.77,0.44,9.4,6,0.16521738986767487,9.449126006105743,13.749980902804301,6.0,0.0
8.4,0.22,0.28,18.8,0.028,55.0,130.0,0.998,2.96,0.35,11.6,5,0.42307691982248524,11.623234846458068,16.7999664000672,5.0,0.0
7.0,0.35,0.31,1.8,0.069,15.0,162.0,0.9944,3.18,0.47,9.4,5,0.09259259202103338,9.452926937925445,10.606044536296158,5.0,0.0
7.4,0.19,0.3,12.8,0.053,48.5,229.0,0.9986,3.14,0.49,9.1,7,0.21179039208825157,9.112748735480936,15.10200999589797,7.0,0.0
6.9,0.32,0.13,7.8,0.042,11.0,117.0,0.996,3.23,0.37,9.2,5,0.09401709321352912,9.236938517130001,15.33329925933498,4.689267937176229,0.31073206282377086
7.6,0.32,0.58,16.75,0.05,43.0,163.0,0.9999,3.15,0.54,9.2,5,0.2638036793631676,9.200910890178127,8.44443506173882,5.0,0.0
7.4,0.19,0.3,12.8,0.053,48.5,212.0,0.9986,3.14,0.49,9.1,7,0.2287735838265397,9.112748735480936,15.10200999589797,6.021921431297679,0.9780785687023208
6.0,0.34,0.24,5.4,0.06,23.0,126.0,0.9951,3.25,0.44,9.0,7,0.18253968109095492,9.044308065211471,10.344809750328015,7.0,0.0
7.7,0.24,0.31,1.3,0.047,33.0,106.0,0.993,3.22,0.55,10.8,6,0.3113207517799929,10.876121977722077,13.999974545500825,6.0,0.0
8.0,0.36,0.43,10.1,0.053,29.0,146.0,0.9982,3.4,0.46,9.5,6,0.198630135625821,9.517121301220897,10.126569460038658,6.0,0.0
7.4,0.29,0.25,3.8,0.044,30.0,114.0,0.992,3.11,0.4,11.0,6,0.26315789242843957,11.088698499295868,13.703678326521617,6.0,0.0
6.6,0.32,0.27,10.9,0.041,37.0,146.0,0.9963,3.24,0.47,10.0,5,0.25342465579846124,10.037127334008497,11.186421717929289,5.0,0.0
6.3,0.3,0.24,6.6,0.04,38.0,141.0,0.995,3.22,0.47,9.5,5,0.2695035441879181,9.547729097759701,11.666645061768403,5.268148054678224,-0.2681480546782238
6.4,0.33,0.24,9.8,0.041,29.0,109.0,0.9956,3.29,0.47,10.1,6,0.2660550434306877,10.144626210700872,11.228050477104425,6.0,0.0
7.5,0.18,0.31,11.7,0.051,24.0,94.0,0.997,3.19,0.44,9.5,7,0.25531914622000906,9.52857620002387,15.306091212058751,5.850524942951761,1.1494750570482388
6.5,0.39,0.81,1.2,0.217,14.0,74.0,0.9936,3.08,0.53,9.5,5,0.18918918663257855,9.5611820036413,5.416662152781539,5.0,0.0
6.8,0.25,0.18,1.4,0.056,13.0,137.0,0.9935,3.11,0.42,9.5,5,0.09489051025627365,9.562144376301584,15.813916711821602,5.0,0.0
6.4,0.18,0.32,9.6,0.052,24.0,90.0,0.9963,3.35,0.49,9.4,6,0.26666666370370373,9.434899693967989,12.7999744000512,6.0,0.0
7.1,0.18,0.32,12.2,0.048,36.0,125.0,0.9967,2.92,0.54,9.4,6,0.28799999769600004,9.431113242587296,14.199971600056799,6.0,0.0
7.6,0.27,0.42,2.6,0.044,29.0,110.0,0.9912,3.31,0.51,12.7,6,0.26363636123966944,12.812739293039453,11.014476790613347,6.0,0.0
9.2,0.23,0.35,10.7,0.037,34.0,145.0,0.9981,3.09,0.32,9.7,5,0.2344827570035672,9.718455346703388,15.862041617169625,5.0,0.0
7.9,0.28,0.41,4.9,0.058,31.0,153.0,0.9966,3.27,0.51,9.7,6,0.20261437776069036,9.733082748261339,11.449258769190191,5.544392045642047,0.4556079543579532
7.0,0.22,0.26,1.1,0.037,20.0,71.0,0.9902,3.1,0.38,11.7,6,0.2816901368776037,11.815782856207981,14.583302951452186,6.0,0.0
7.3,0.18,0.29,1.0,0.036,26.0,101.0,0.99,3.09,0.37,11.7,6,0.25742574002548774,11.818169880636484,15.531881847059902,6.0,0.0
7.1,0.26,0.19,8.2,0.051,53.0,187.0,0.996,3.16,0.52,9.7,5,0.28342245837742003,9.738946045234893,15.777742716127298,5.0,0.0
6.6,0.25,0.42,11.3,0.049,77.0,231.0,0.9966,3.24,0.52,9.5,6,0.3333333318903319,9.532400629740486,9.85073156607229,6.0,0.0
6.4,0.24,0.23,7.3,0.069,31.0,157.0,0.9962,3.25,0.53,9.1,5,0.19745222804170556,9.134702735692898,13.616992304271696,5.0,0.0
6.0,0.28,0.27,2.3,0.051,23.0,147.0,0.994,3.23,0.67,10.3,6,0.1564625839696423,10.362162613518498,10.909071074416227,6.0,0.0
7.8,0.24,0.38,2.1,0.058,14.0,167.0,0.994,3.21,0.55,9.9,5,0.08383233482735129,9.959748531440109,12.580624869959886,5.0,0.0
7.6,0.27,0.33,2.0,0.059,19.0,175.0,0.9944,3.22,0.56,9.9,5,0.10857142795102041,9.955742200581055,12.666645555590737,5.0,0.0
7.7,0.39,0.34,10.0,0.056,35.0,178.0,0.9974,3.26,0.6,10.2,5,0.19662921237848757,10.226578878505235,10.547930756259237,5.0,0.0
8.9,0.24,0.33,15.75,0.035,16.0,132.0,0.996,3.0,0.37,12.1,6,0.12121212029384758,12.148582180138373,15.614007694723341,5.894167984751963,0.10583201524803698
6.6,0.23,0.24,3.9,0.045,36.0,138.0,0.9922,3.15,0.64,11.3,7,0.26086956332703215,11.38882141824086,14.042523313780185,6.195586897426427,0.804413102573573
7.1,0.26,0.3,2.0,0.031,13.0,128.0,0.9917,3.19,0.49,11.4,5,0.10156249920654298,11.495400327316398,12.678548788305733,5.0,0.0
7.0,0.32,0.35,1.5,0.039,24.0,125.0,0.9918,3.17,0.64,12.2,6,0.191999998464,12.300854707748831,10.447745600379701,6.0,0.0
7.4,0.24,0.26,1.6,0.058,53.0,150.0,0.9936,3.18,0.5,9.9,7,0.3533333309777778,9.963758088005145,14.7999704000592,7.0,0.0
6.9,0.21,0.33,1.4,0.056,35.0,136.0,0.9938,3.63,0.78,10.3,6,0.2573529392841696,10.36424797318578,12.777754115270156,6.0,0.0
7.4,0.17,0.29,1.4,0.047,23.0,107.0,0.9939,3.52,0.65,10.4,6,0.21495326901912834,10.463818831050578,16.086921550170548,6.0,0.0
8.5,0.28,0.34,13.8,0.041,32.0,161.0,0.9981,3.13,0.4,9.9,6,0.19875776274063503,9.918835869315831,13.709655307007566,5.81803590416103,0.18196409583897033
7.8,0.3,0.37,1.3,0.051,16.0,96.0,0.9941,3.32,0.62,10.0,5,0.16666666493055557,10.05934004693688,11.641773668994524,5.0,0.0
8.1,0.25,0.38,3.8,0.051,18.0,129.0,0.9928,3.21,0.38,11.5,6,0.13953488263926447,11.58338881608701,12.857122449011985,6.0,0.0
7.7,0.28,0.29,6.9,0.041,29.0,163.0,0.9952,3.44,0.6,10.5,6,0.17791410933795027,10.55063248529694,13.50874823026626,6.174562692477662,-0.17456269247766176
6.5,0.24,0.36,2.2,0.027,36.0,134.0,0.9898,3.28,0.36,12.5,7,0.2686567144130096,12.628801142855988,10.83331527780787,7.0,0.0
7.0,0.22,0.32,1.6,0.045,40.0,120.0,0.9914,2.98,0.44,10.5,6,0.3333333305555556,10.591072633576122,12.962938957520448,6.0,0.0
8.0,0.45,0.28,10.8,0.051,25.0,157.0,0.9957,3.06,0.47,11.4,7,0.159235667775569,11.449220197629609,10.958889097412195,7.0,0.0
6.9,0.23,0.33,12.8,0.056,44.0,169.0,0.998,3.42,0.42,9.8,6,0.2603550280452365,9.81962943924906,12.32140656891684,6.0,0.0
7.6,0.23,0.26,15.3,0.067,32.0,166.0,0.9986,3.03,0.44,9.2,4,0.19277108317607783,9.212888831475233,15.510172428219535,4.0,0.0
7.7,0.28,0.58,12.1,0.046,60.0,177.0,0.9983,3.08,0.46,8.9,5,0.33898304893229914,8.915146834471768,8.953477961072139,5.0,0.0
7.7,0.27,0.61,12.0,0.046,64.0,179.0,0.9982,3.07,0.46,8.9,5,0.3575418974439,8.91603995588063,8.74999005682948,5.0,0.0
7.1,0.2,0.36,11.6,0.042,45.0,124.0,0.997,2.92,0.59,9.5,7,0.36290322287981275,9.52857620002387,12.678548788305733,7.0,0.0
6.9,0.25,0.35,9.2,0.034,42.0,150.0,0.9947,3.21,0.36,11.5,6,0.27999999813333337,11.561263133343587,11.499980833365278,6.0,0.0
8.4,0.2,0.31,2.8,0.054,16.0,89.0,0.99416,2.96,0.45,9.5,6,0.17977527887892947,9.555796294563958,16.470555940086392,6.0,0.0
6.5,0.39,0.35,1.6,0.049,10.0,164.0,0.99516,3.35,0.51,9.7,5,0.06097560938429507,9.747166538881647,8.783771913821738,5.0,0.0
7.2,0.23,0.38,6.1,0.067,20.0,90.0,0.99496,3.17,0.79,9.7,5,0.22222221975308645,9.749125845133628,11.803259338919117,5.0,0.0
6.9,0.44,0.42,8.5,0.048,10.0,147.0,0.9974,3.32,0.46,9.5,6,0.0680272104215836,9.524754837823503,8.023246484597111,6.0,0.0
7.1,0.28,0.19,7.8,0.04,48.0,184.0,0.99579,3.16,0.5,9.4,5,0.26086956379962195,9.439731831277848,15.106350837551409,5.0,0.0
6.4,0.34,0.2,14.9,0.06,37.0,162.0,0.9983,3.13,0.45,9.0,4,0.228395060318549,9.015317023623135,11.851829904018695,4.0,0.0
6.1,0.15,0.29,6.2,0.046,39.0,151.0,0.99471,3.6,0.44,10.6,6,0.25827814398491294,10.65636149595209,13.863604855443512,6.0,0.0
7.2,0.29,0.18,8.2,0.042,41.0,180.0,0.99644,3.16,0.49,9.1,5,0.22777777651234568,9.132502576670369,15.319116342305657,5.0,0.0
6.1,0.23,0.45,10.6,0.094,49.0,169.0,0.99699,3.05,0.54,8.8,5,0.28994082668674065,8.82655911638119,8.970575043271994,5.0,0.0
6.7,0.23,0.42,11.2,0.047,52.0,171.0,0.99758,3.54,0.74,10.4,5,0.30409356547313704,10.425218603802598,10.307676449728538,5.0,0.0
7.0,0.36,0.14,11.6,0.043,35.0,228.0,0.9977,3.13,0.51,8.9,5,0.15350877125654047,8.920508248463216,13.999972000056,5.0,0.0
7.5,0.31,0.24,7.1,0.031,28.0,141.0,0.99397,3.16,0.38,10.6,7,0.1985815588753081,10.664295034764596,13.636338843020283,7.0,0.0
7.4,0.2,0.29,1.7,0.047,16.0,100.0,0.99243,3.28,0.45,10.6,6,0.1599999984,10.680843302960104,15.10200999589797,6.2560169801552465,-0.25601698015524654
6.3,0.27,0.18,7.7,0.048,45.0,186.0,0.9962,3.23,0.47,9.0,5,0.24193548257023934,9.034321386949019,13.999968888958024,5.0,0.0
9.2,0.34,0.54,17.3,0.06,46.0,235.0,1.00182,3.08,0.61,8.8,6,0.19574468001810774,8.784004328118499,10.454533574393663,6.0,0.0
7.4,0.18,0.29,1.4,0.042,34.0,101.0,0.99384,3.54,0.6,10.5,7,0.3366336600333301,10.565070267779253,15.744647351814148,7.0,0.0
7.2,0.29,0.2,7.7,0.046,51.0,174.0,0.99582,3.16,0.52,9.5,5,0.2931034465913595,9.539867104630249,14.693847563576401,5.0,0.0
6.2,0.26,0.19,3.4,0.049,47.0,172.0,0.9924,3.14,0.43,10.4,6,0.2732558123647918,10.47963474442287,13.777747160561866,5.824217101310768,0.17578289868923225
7.3,0.21,0.21,1.6,0.046,35.0,133.0,0.99466,3.38,0.46,10.0,6,0.26315789275821133,10.053676579256651,17.38091099783096,6.0,0.0
7.1,0.14,0.35,1.4,0.039,24.0,128.0,0.99212,2.97,0.68,10.4,5,0.18749999853515625,10.48259234508694,14.489766347415618,5.604727385934667,-0.6047273859346669
7.2,0.39,0.54,1.4,0.157,34.0,132.0,0.99449,3.11,0.53,9.0,6,0.2575757556244261,9.049855654802306,7.741927159218108,5.513606199375152,0.4863938006248478
7.6,0.48,0.28,10.4,0.049,57.0,205.0,0.99748,3.24,0.45,9.3,5,0.27804877913146936,9.323485860883565,9.999986842122576,5.0,0.0
6.5,0.36,0.31,4.1,0.061,20.0,134.0,0.99475,3.18,0.45,9.0,6,0.14925373022944977,9.047490276461144,9.701478057495438,5.66031637098515,0.33968362901484994
8.5,0.25,0.31,2.8,0.032,11.0,61.0,0.99189,3.06,0.44,11.5,6,0.1803278658962645,11.59401587472817,15.17854432402799,6.0,0.0
6.9,0.3,0.21,15.7,0.056,49.0,159.0,0.99827,3.11,0.48,9.0,5,0.3081760986907164,9.01558795156826,13.529385236499536,5.0,0.0
6.6,0.19,0.43,10.9,0.045,53.0,154.0,0.99752,3.52,0.77,10.4,6,0.34415584192106596,10.425845671419449,10.645144120735289,5.685303267603978,0.3146967323960217
9.4,0.42,0.32,6.5,0.027,20.0,167.0,0.99479,3.08,0.43,10.6,5,0.11976047832478756,10.655504523060623,12.702685536911437,5.483753618848486,-0.48375361884848633
6.3,0.2,0.3,5.9,0.034,35.0,152.0,0.99642,3.47,0.4,8.5,6,0.23026315637984765,8.530530769624486,12.599974800050399,6.0,0.0
8.5,0.19,0.56,17.3,0.055,47.0,169.0,1.00047,3.07,0.67,9.3,6,0.278106507230139,9.295621762150029,11.33331822224237,6.0,0.0
7.3,0.19,0.25,1.4,0.051,41.0,107.0,0.99382,3.53,0.66,10.5,7,0.3831775665123592,10.565282882933646,16.590871384383217,7.0,0.0
6.7,0.25,0.26,13.5,0.06,50.0,156.0,0.99784,3.39,0.46,9.9,6,0.3205128184582512,9.921420346528155,13.137229142687955,5.633366189186468,0.3666338108135321
6.2,0.25,0.28,8.5,0.035,28.0,108.0,0.99486,3.4,0.42,10.4,6,0.2592592568587106,10.453721675691378,11.698091135677101,6.0,0.0
6.1,0.46,0.32,6.2,0.053,10.0,94.0,0.99537,3.35,0.47,10.1,5,0.10638297759167045,10.146970325637374,7.820502794227186,5.0,0.0
7.5,0.29,0.26,14.95,0.067,47.0,178.0,0.99838,3.04,0.49,9.2,4,0.2640449423368262,9.214918953786178,13.636338843020283,5.36325297127973,-1.3632529712797297
6.7,0.31,0.18,7.7,0.043,57.0,200.0,0.99566,3.17,0.44,9.4,6,0.284999998575,9.440964344289874,13.673441482772486,6.0,0.0
7.4,0.14,0.3,1.3,0.033,25.0,91.0,0.99268,3.53,0.39,10.6,6,0.2747252717063157,10.678153404769507,16.818143595128195,6.0,0.0
7.1,0.4,0.52,1.3,0.148,45.0,149.0,0.99468,3.08,0.56,8.7,5,0.3020134207918562,8.746522754531352,7.717382915888134,5.0,0.0
6.4,0.16,0.25,1.3,0.047,20.0,77.0,0.9933,3.61,0.54,10.2,6,0.25974025636700965,10.268790628419783,15.609718025077989,6.0,0.0
6.3,0.16,0.22,1.3,0.046,18.0,66.0,0.99307,3.61,0.55,10.3,6,0.27272726859504137,10.371866664115657,16.578903739727,6.0,0.0
7.4,0.33,0.26,15.6,0.049,67.0,210.0,0.99907,3.06,0.68,9.5,5,0.3190476175283447,9.50883370651335,12.54235162313284,5.0,0.0
6.6,0.41,0.24,4.9,0.158,47.0,144.0,0.99471,3.17,0.49,9.4,5,0.3263888866222994,9.449980949240533,10.153830532568412,5.0,0.0
6.7,0.43,0.23,5.0,0.157,49.0,145.0,0.99471,3.17,0.49,9.4,5,0.3379310321521998,9.449980949240533,10.151499770454892,5.0,0.0
7.3,0.4,0.28,6.5,0.037,26.0,97.0,0.99148,3.16,0.58,12.6,7,0.26804123435009036,12.708261681262675,10.735278330473042,7.0,0.0
7.4,0.18,0.24,1.4,0.047,21.0,106.0,0.99383,3.52,0.64,10.5,7,0.1981132056781773,10.565176574286776,17.619005669034124,7.0,0.0
8.6,0.17,0.28,2.7,0.047,38.0,150.0,0.99365,3.1,0.56,10.8,6,0.25333333164444444,10.86900732752244,19.111068642069682,6.0,0.0
6.5,0.32,0.23,1.2,0.054,39.0,208.0,0.99272,3.18,0.46,9.9,6,0.1874999990985577,9.972590486148675,11.818160330617578,5.070720876113626,0.9292791238863742
7.0,0.32,0.31,6.4,0.031,38.0,115.0,0.99235,3.38,0.58,12.2,7,0.33043477973534974,12.294037089699108,11.111093474454801,7.130355660166438,-0.13035566016643774
7.5,0.42,0.19,6.9,0.041,62.0,150.0,0.99508,3.23,0.37,10.0,6,0.4133333305777778,10.049433161722513,12.29506181137408,6.0,0.0
6.9,0.28,0.31,7.2,0.04,47.0,168.0,0.9946,3.29,0.57,10.6,7,0.27976190309665533,10.657540058777338,11.694895432380621,7.0,0.0
6.5,0.29,0.42,10.6,0.042,66.0,202.0,0.99674,3.24,0.53,9.5,6,0.32673267164983827,9.531061730178653,9.154916683215939,6.0,0.0
6.3,0.41,0.18,3.5,0.027,23.0,109.0,0.99018,3.34,0.54,12.8,8,0.21100917237606265,12.92692952096637,10.67794800347796,6.958509258095652,1.0414907419043482
7.3,0.3,0.33,2.3,0.043,28.0,125.0,0.99084,3.34,0.44,12.6,7,0.223999998208,12.716470150104808,11.58728319478858,7.0,0.0
6.6,0.22,0.28,12.05,0.058,25.0,125.0,0.99856,3.45,0.45,9.4,5,0.19999999840000002,9.413546092827579,13.199973600052799,5.0,0.0
6.0,0.26,0.18,7.0,0.055,50.0,194.0,0.99591,3.21,0.43,9.0,5,0.2577319574343714,9.036952097125145,13.636332644698536,5.0,0.0
6.9,0.44,0.18,11.8,0.051,26.0,126.0,0.9975,3.23,0.48,9.1,5,0.20634920471151424,9.122797871881831,11.12901430804144,5.0,0.0
7.5,0.42,0.2,1.4,0.06,15.0,168.0,0.9944,3.06,0.4,9.4,6,0.0892857137542517,9.452926937925445,12.096754682653737,6.0,0.0
7.0,0.36,0.3,5.0,0.04,40.0,143.0,0.99173,3.33,0.42,12.2,7,0.2797202777641939,12.301722947049148,10.606044536296158,7.0,0.0
5.6,0.295,0.2,2.2,0.049,18.0,134.0,0.99378,3.21,0.68,10.0,5,0.1343283572065048,10.062579179919922,11.31310845836675,5.0,0.0
6.8,0.21,0.55,14.6,0.053,34.0,159.0,0.99805,2.93,0.44,9.2,5,0.21383647664253788,9.217965815374164,8.947356648214935,5.521603758392493,-0.5216037583924926
9.4,0.28,0.3,1.6,0.045,36.0,139.0,0.99534,3.11,0.49,9.3,5,0.2589928038921381,9.343531513320562,16.206868608847223,5.0,0.0
8.1,0.28,0.34,1.3,0.035,11.0,126.0,0.99232,3.14,0.5,9.8,6,0.08730158660871756,9.875836548858686,13.064495057266033,6.0,0.0
7.0,0.22,0.26,2.8,0.036,44.0,132.0,0.99078,3.34,0.41,12.0,7,0.3333333308080808,12.11165736928746,14.583302951452186,7.0,0.0
6.8,0.32,0.3,3.3,0.029,15.0,80.0,0.99061,3.33,0.63,12.6,7,0.18749999765625003,12.719422659348623,10.967724245606055,7.0,0.0
7.0,0.19,0.33,6.3,0.032,42.0,127.0,0.99182,3.31,0.38,12.2,6,0.3307086588133177,12.300606661887578,13.461512574014279,6.0,0.0
7.7,0.42,0.38,8.1,0.061,49.0,144.0,0.9966,3.4,0.58,11.0,6,0.3402777754147377,11.03751651864688,9.624987968765039,6.0,0.0
7.4,0.2,0.31,1.6,0.038,34.0,116.0,0.9912,3.25,0.39,12.0,7,0.29310344574910824,12.106525316257752,14.509775471028489,7.0,0.0
7.5,0.24,0.62,10.6,0.045,51.0,153.0,0.99779,3.16,0.44,8.8,5,0.3333333311546841,8.8194822362599,8.720920091953381,5.0,0.0
7.5,0.26,0.59,11.8,0.046,58.0,164.0,0.99814,3.17,0.46,8.9,4,0.3536585344289114,8.916575914625287,8.823519031154081,4.0,0.0
6.6,0.4,0.32,1.7,0.035,39.0,84.0,0.99096,3.59,0.48,12.7,7,0.4642857087585035,12.815842399448616,9.166653935202866,7.0,0.0
8.0,0.2,0.3,8.1,0.037,42.0,130.0,0.99379,3.1,0.67,11.8,6,0.323076920591716,11.87372395201808,15.999968000064,6.0,0.0
4.6,0.445,0.0,1.4,0.053,11.0,178.0,0.99426,3.79,0.55,10.2,5,0.06179775246181038,10.258875687570969,10.337055422347365,5.333533608271153,-0.33353360827115264
6.1,0.41,0.04,1.3,0.036,23.0,121.0,0.99228,3.24,0.61,9.9,6,0.19008264305716824,9.977012559950255,13.555525432165707,6.0,0.0
7.6,0.2,0.34,1.8,0.041,42.0,148.0,0.99335,3.35,0.66,11.1,6,0.2837837818663258,11.174297906782195,14.0740480110222,6.0,0.0
6.9,0.3,0.21,7.2,0.045,54.0,190.0,0.99595,3.22,0.48,9.4,5,0.28421052481994463,9.438215333886909,13.529385236499536,5.0,0.0
7.0,0.35,0.17,1.1,0.049,7.0,119.0,0.99297,3.13,0.36,9.7,6,0.05882352891744934,9.768663938826007,13.461512574014279,4.964707886094991,1.035292113905009
6.9,0.35,0.55,11.95,0.038,22.0,111.0,0.99687,3.11,0.29,9.7,5,0.19819819641262887,9.730446567309109,7.666658148157613,5.0,0.0
7.6,0.3,0.4,2.2,0.054,29.0,175.0,0.99445,3.19,0.53,9.8,5,0.16571428476734695,9.854683639515674,10.857127346960933,5.0,0.0
7.5,0.38,0.29,12.7,0.05,25.0,209.0,0.9986,3.25,0.59,9.3,6,0.11961722430805156,9.31302892746953,11.194013143263966,6.0,0.0
7.5,0.3,0.32,1.4,0.032,31.0,161.0,0.99154,2.95,0.42,10.5,5,0.19254658265499017,10.58957723382089,12.096754682653737,5.0,0.0
6.3,0.4,0.32,10.6,0.049,38.0,209.0,0.9981,3.47,0.59,9.3,6,0.18181818094823837,9.317694301478507,8.749987847239101,6.0,0.0
6.8,0.37,0.28,1.9,0.024,64.0,106.0,0.98993,3.45,0.6,12.6,8,0.6037735792096832,12.728159841443494,10.461522366888666,8.0,0.0
7.5,0.23,0.35,17.8,0.058,128.0,212.0,1.00241,3.44,0.43,8.9,5,0.6037735820576718,8.878593710563832,12.93101218791002,5.0,0.0
8.3,0.27,0.34,10.2,0.048,50.0,118.0,0.99716,3.18,0.51,10.3,5,0.4237288099683999,10.329324953543109,13.60653507125398,5.0,0.0
6.8,0.26,0.22,4.8,0.041,110.0,198.0,0.99437,3.29,0.67,10.6,5,0.5555555527497195,10.660005169096845,14.166637152839266,5.0,0.0
6.5,0.28,0.35,9.8,0.067,61.0,180.0,0.9972,3.15,0.57,9.0,4,0.33888888700617287,9.025261707519347,10.317443940565173,5.532100969813877,-1.532100969813877
7.2,0.34,0.3,8.4,0.051,40.0,167.0,0.99756,3.48,0.62,9.7,5,0.23952095664957512,9.723716143674421,11.249982421902466,5.0,0.0
7.0,0.23,0.26,7.2,0.041,21.0,90.0,0.99509,3.22,0.55,9.5,6,0.23333333074074078,9.546865563049007,14.285685131254835,6.0,0.0
7.7,0.29,0.29,4.8,0.06,27.0,156.0,0.99572,3.49,0.59,10.3,6,0.17307692196745564,10.344263101812656,13.275839179587622,6.0,0.0
7.7,0.4,0.27,4.5,0.034,27.0,95.0,0.99175,3.21,0.59,12.3,8,0.28421052332409974,12.402306627369168,11.49252016041767,6.7092421075129955,1.2907578924870045
6.7,0.17,0.27,1.4,0.032,39.0,149.0,0.99254,3.4,0.52,10.5,5,0.2617449646862754,10.578908075333915,15.227238119913363,5.0,0.0
8.1,0.24,0.26,11.0,0.043,41.0,211.0,0.99676,3.11,0.49,10.0,6,0.19431279528761708,10.032495252121622,16.1999676000648,6.0,0.0
7.7,0.28,0.63,11.1,0.039,58.0,179.0,0.9979,3.08,0.44,8.8,4,0.3240223445585344,8.81851005260041,8.461529163154765,4.0,0.0
7.5,0.23,0.29,2.6,0.031,24.0,98.0,0.99194,3.0,0.54,10.9,6,0.24489795668471473,10.988556779082627,14.42304918644387,6.0,0.0
8.3,0.26,0.31,2.0,0.029,14.0,141.0,0.99077,2.95,0.77,12.2,6,0.09929077943765405,12.313642607625777,14.561377962494802,6.0,0.0
7.9,0.46,0.4,10.1,0.168,19.0,184.0,0.99782,3.06,0.62,9.5,5,0.10326086900401701,9.520745704890956,9.186035830190894,5.0,0.0
7.9,0.31,0.22,13.3,0.048,46.0,212.0,0.99942,3.47,0.59,10.0,5,0.2169811310519758,10.00579335435217,14.905632253524049,5.874688528574508,-0.8746885285745076
7.9,0.25,0.34,11.4,0.04,53.0,202.0,0.99708,3.11,0.57,9.6,6,0.2623762363248701,9.628104436851169,13.38980781388506,6.001601095571223,-0.0016010955712228991
6.1,0.28,0.16,1.3,0.06,36.0,126.0,0.99353,3.13,0.46,8.7,6,0.28571428344671207,8.756646747811592,13.863604855443509,6.0,0.0
7.0,0.18,0.26,1.4,0.044,46.0,89.0,0.99256,3.39,0.48,10.7,7,0.5168539267769222,10.780193862140463,15.909054752148291,6.380819177314914,0.6191808226850863
6.5,0.21,0.28,1.4,0.046,26.0,66.0,0.99199,3.43,0.48,11.1,6,0.39393938797061534,11.189617647740755,13.265279050450918,6.0,0.0
7.6,0.48,0.33,7.0,0.024,14.0,130.0,0.9918,3.25,0.45,12.5,7,0.10769230686390534,12.603334741545934,9.382704465796955,6.405728495554288,0.5942715044457119
7.1,0.34,0.32,2.0,0.051,29.0,130.0,0.99354,3.3,0.5,10.4,6,0.22307692136094676,10.467610294894726,10.757559458243243,6.0,0.0
8.9,0.21,0.37,1.2,0.028,20.0,93.0,0.99244,3.2,0.37,11.5,5,0.21505376112845417,11.58759059732518,15.344801129653225,5.989750849907388,-0.9897508499073879
7.4,0.32,0.27,12.9,0.04,60.0,221.0,0.99831,3.05,0.66,9.4,5,0.2714932114412072,9.415903460945536,12.54235162313284,5.0,0.0
6.0,0.495,0.27,5.0,0.157,17.0,129.0,0.99396,3.03,0.36,9.3,5,0.1317829447148609,9.356503927216462,7.843127002448362,5.0,0.0
8.1,0.25,0.34,10.1,0.05,30.0,121.0,0.99724,3.17,0.49,10.1,6,0.24793388224848031,10.127942994722439,13.728790290185946,6.0,0.0
8.2,0.25,0.46,3.75,0.05,14.0,102.0,0.99524,3.28,0.58,9.7,5,0.13725490061514803,9.746383036872475,11.54927950805703,5.0,0.0
6.5,0.18,0.29,1.7,0.035,39.0,144.0,0.9927,3.49,0.5,10.5,6,0.2708333314525463,10.577203004731535,13.82975780902594,6.0,0.0
6.7,0.24,0.26,12.6,0.053,44.0,182.0,0.99802,3.42,0.42,9.7,5,0.24175824042989977,9.719234364807953,13.3999732000536,5.0,0.0
6.6,0.32,0.24,1.3,0.06,42.5,204.0,0.99512,3.59,0.51,9.2,5,0.2083333323120915,9.2451068764502,11.785693239833497,5.0,0.0
7.6,0.32,0.35,1.6,0.092,24.0,138.0,0.99438,3.19,0.44,9.8,5,0.17391304221802142,9.855377365416274,11.343266651840818,5.0,0.0
7.4,0.33,0.44,7.6,0.05,40.0,227.0,0.99679,3.12,0.52,9.0,5,0.17621145296823149,9.028973977493777,9.610377129380351,5.0,0.0
7.2,0.3,0.3,8.1,0.05,40.0,188.0,0.99652,3.15,0.49,9.1,6,0.2127659563150747,9.131769425832472,11.999980000033334,6.0,0.0
7.4,0.34,0.3,14.9,0.037,70.0,169.0,0.99698,3.25,0.37,10.4,6,0.4142011809810581,10.431492676390022,11.562481933621978,6.0,0.0
6.1,0.16,0.29,6.0,0.03,29.0,144.0,0.99474,3.68,0.46,10.7,6,0.20138888749035494,10.756568795294452,13.555525432165707,6.0,0.0
6.3,0.1,0.24,6.0,0.039,25.0,107.0,0.99511,3.59,0.49,10.5,7,0.2336448576294873,10.55158670741254,18.52935726659628,7.0,0.0
6.2,0.45,0.73,7.2,0.099,47.0,202.0,0.99582,3.21,0.43,9.2,5,0.23267326617488482,9.2386081434314,5.254232835395903,5.0,0.0
6.0,0.33,0.18,3.0,0.036,5.0,85.0,0.99125,3.28,0.4,11.5,4,0.05882352871972319,11.601501536946747,11.764682814347422,4.0,0.0
7.6,0.48,0.37,1.2,0.034,5.0,57.0,0.99256,3.05,0.54,10.4,3,0.08771929670667901,10.47794543609914,8.941165951569468,3.0,0.0
7.2,0.2,0.3,2.0,0.039,43.0,188.0,0.9911,3.3,0.41,12.0,6,0.2287234030387053,12.10774683912134,14.3999712000576,6.0,0.0
7.0,0.32,0.29,4.9,0.036,41.0,150.0,0.99168,3.38,0.43,12.2,6,0.2733333315111111,12.302343193022756,11.475391023949141,6.0,0.0
7.0,0.22,0.29,8.9,0.05,24.0,90.0,0.99556,3.29,0.46,9.8,6,0.26666666370370373,9.843696167286586,13.725463283405325,5.943885041625623,0.05611495837437719
9.4,0.23,0.56,16.45,0.063,52.5,282.0,1.00098,3.1,0.51,9.3,5,0.1861702121057794,9.290885641185998,11.898719115545424,5.0,0.0
6.4,0.27,0.19,2.0,0.084,21.0,191.0,0.99516,3.49,0.63,9.6,4,0.10994764340341548,9.646680285903486,13.91301323257993,4.0,0.0
6.4,0.27,0.19,1.9,0.085,21.0,196.0,0.99516,3.49,0.64,9.5,4,0.10714285659620992,9.546194032925325,13.91301323257993,4.0,0.0
7.0,0.23,0.42,5.1,0.042,37.0,144.0,0.99518,3.5,0.59,10.2,6,0.256944442660108,10.249391819176612,10.76921420120892,6.0,0.0
6.9,0.15,0.28,4.4,0.029,14.0,107.0,0.99347,3.24,0.46,10.4,8,0.1308411202725129,10.468347843067388,16.04647431052486,8.0,0.0
6.7,0.26,0.29,5.8,0.025,26.0,74.0,0.9929,3.28,0.53,11.0,6,0.3513513466033602,11.07864731730555,12.18179603309812,6.0,0.0
7.6,0.2,0.68,12.9,0.042,56.0,160.0,0.99841,3.05,0.41,8.7,5,0.3499999978125,8.713846301773517,8.6363538223252,5.0,0.0
6.9,0.3,0.29,1.3,0.053,24.0,189.0,0.99362,3.29,0.54,9.9,4,0.1269841263122533,9.963557533506236,11.694895432380624,4.0,0.0
6.9,0.3,0.3,1.3,0.053,24.0,186.0,0.99361,3.29,0.54,9.9,4,0.12903225737079432,9.96365780974647,11.499980833365278,4.0,0.0
7.6,0.21,0.35,1.2,0.041,7.0,106.0,0.9914,3.06,0.45,11.3,4,0.0660377352260591,11.398011500896207,13.57140433677797,5.568787422265371,-1.5687874222653706
6.8,0.46,0.26,2.7,0.042,28.0,83.0,0.99114,3.38,0.51,12.0,8,0.3373493935259109,12.10725820039732,9.444431327178712,8.0,0.0
7.0,0.28,0.26,1.7,0.042,34.0,130.0,0.9925,3.43,0.5,10.7,8,0.26153845952662724,10.780845560860895,12.962938957520448,8.0,0.0
6.5,0.24,0.29,8.2,0.043,32.0,156.0,0.99453,3.13,0.7,10.1,6,0.20512820381328076,10.155540651824829,12.264127803532444,6.0,0.0
6.4,0.17,0.34,1.5,0.091,42.0,135.0,0.9938,3.25,0.49,9.6,7,0.3111111088065844,9.659881606076064,12.548995001970583,5.564018445421722,1.4359815545782784
6.4,0.17,0.34,1.5,0.093,43.0,136.0,0.9938,3.25,0.49,9.6,6,0.31617646826340834,9.659881606076064,12.548995001970583,5.5635412304776795,0.43645876952232054
6.3,0.695,0.55,12.9,0.056,58.0,252.0,0.99806,3.29,0.49,8.7,5,0.23015872924540187,8.716902073119778,5.060236899408113,5.0,0.0
7.0,0.27,0.29,3.9,0.059,28.0,199.0,0.9961,3.54,0.59,10.3,5,0.14070351688088686,10.340316895575851,12.499977678611286,5.0,0.0
8.4,0.3,0.25,17.75,0.047,25.0,218.0,1.00016,2.98,0.66,9.1,5,0.11467889855651882,9.09853513584313,15.272699504182718,5.0,0.0
6.5,0.19,0.27,4.9,0.037,13.0,101.0,0.9916,3.17,0.41,11.8,6,0.12871287001274387,11.899947660399697,14.130404064338991,6.093018642243016,-0.09301864224301593
8.0,0.36,0.39,1.6,0.024,26.0,93.0,0.99116,3.15,0.49,11.9,6,0.27956988946699046,12.006122113359988,10.666652444463407,6.0,0.0
6.1,0.16,0.24,1.4,0.046,17.0,77.0,0.99319,3.66,0.57,10.3,6,0.2207792179119582,10.370613507371694,15.24996187509531,6.0,0.0
9.2,0.19,0.42,2.0,0.047,16.0,104.0,0.99517,3.09,0.66,10.0,4,0.15384615236686391,10.048524323960404,15.08194248861887,4.0,0.0
9.2,0.16,0.49,2.0,0.044,18.0,107.0,0.99514,3.1,0.53,10.2,4,0.16822429749323087,10.24980379664791,14.153824378731723,4.0,0.0
8.0,0.26,0.28,8.2,0.038,72.0,202.0,0.99566,3.12,0.56,10.0,6,0.35643564179982357,10.043579089670079,14.814787380023368,6.0,0.0
8.8,0.33,0.36,2.1,0.034,19.0,125.0,0.99166,2.96,0.98,12.7,6,0.151999998784,12.806795870766319,12.753604704920718,6.0,0.0
9.8,0.16,0.46,1.8,0.046,23.0,130.0,0.99587,3.04,0.67,9.6,5,0.1769230755621302,9.639802745536318,15.80642611866755,5.0,0.0
6.6,0.23,0.18,8.5,0.044,59.0,188.0,0.99558,3.16,0.49,9.5,5,0.3138297855647352,9.542166835244947,16.097521713361672,5.0,0.0
7.9,0.44,0.26,4.45,0.033,23.0,100.0,0.99117,3.17,0.52,12.7,6,0.22999999770000004,12.81312709915847,11.28569816328834,6.0,0.0
7.6,0.31,0.27,5.8,0.036,23.0,109.0,0.99399,3.34,0.54,11.0,6,0.21100917237606265,11.066498590027475,13.103425683748819,6.347397924800584,-0.3473979248005836
7.5,0.705,0.1,13.0,0.044,44.0,214.0,0.99741,3.1,0.5,9.1,5,0.20560747567473142,9.123621054911164,9.31675861272222,5.175877717117518,-0.1758777171175181
7.1,0.21,0.28,2.7,0.034,23.0,111.0,0.99405,3.35,0.64,10.2,4,0.20720720534047563,10.26104294447669,14.489766347415618,5.817880521825996,-1.8178805218259964
7.0,0.16,0.26,7.3,0.047,30.0,220.0,0.99622,3.38,0.58,10.1,6,0.13636363574380167,10.138312683631442,16.666626984221466,6.0,0.0
8.0,0.27,0.25,19.1,0.045,50.0,208.0,1.00051,3.05,0.5,9.2,6,0.24038461422892013,9.195301201086245,15.384585798873463,6.0,0.0
6.3,0.38,0.17,8.8,0.08,50.0,212.0,0.99803,3.47,0.66,9.4,4,0.23584905549127805,9.418545115332089,11.454524628137039,4.0,0.0
6.2,0.38,0.18,7.4,0.095,28.0,195.0,0.99773,3.53,0.71,9.2,4,0.14358974285338594,9.220922272636612,11.07140880105571,4.0,0.0
8.2,0.24,0.3,2.3,0.05,23.0,106.0,0.99397,2.98,0.5,10.0,5,0.2169811300284799,10.060655693174146,15.18515706452395,5.0,0.0
7.0,0.16,0.26,6.85,0.047,30.0,220.0,0.99622,3.38,0.58,10.1,6,0.13636363574380167,10.138312683631442,16.666626984221466,5.966233340367559,0.033766659632441076
7.3,0.815,0.09,11.4,0.044,45.0,204.0,0.99713,3.15,0.46,9.0,5,0.22058823421280277,9.025895293597332,8.066289429514443,5.0,0.0
6.3,0.41,0.16,0.9,0.032,25.0,98.0,0.99274,3.16,0.42,9.5,5,0.2551020382132445,9.569464744580912,11.052612188399669,5.0,0.0
6.1,0.36,0.41,19.35,0.07,67.0,207.0,1.00118,3.39,0.53,9.1,5,0.32367149602091067,9.089265577353146,7.922067633678397,5.0,0.0
8.1,0.4,0.32,7.9,0.031,23.0,118.0,0.99176,3.05,0.46,13.3,7,0.19491525258546397,13.41048901902777,11.2499843750217,7.0,0.0
6.8,0.26,0.43,11.75,0.045,53.0,198.0,0.9969,3.26,0.55,9.5,5,0.2676767663248648,9.52953201972914,9.8550581810751,5.0,0.0
6.2,0.44,0.18,7.7,0.096,28.0,210.0,0.99771,3.56,0.72,9.2,5,0.13333333269841272,9.221107114184367,9.999983870993756,4.5623704129975655,0.4376295870024345
7.2,0.24,0.29,3.0,0.036,17.0,117.0,0.99411,3.36,0.68,10.1,6,0.1452991440572723,10.159831246208924,13.584880028528246,6.0,0.0
7.3,0.22,0.26,1.5,0.04,32.0,172.0,0.99194,3.27,0.48,11.2,6,0.18604651054624122,11.290994121626184,15.208301649371565,6.341507329142158,-0.341507329142158
8.1,0.34,0.28,7.5,0.04,70.0,230.0,0.99558,3.14,0.55,9.8,6,0.3043478247637051,9.843498419515841,13.064495057266033,6.0,0.0
6.4,0.28,0.17,8.3,0.042,61.0,195.0,0.99577,3.22,0.46,9.4,5,0.31282051121630505,9.439921427717819,14.222190617354183,5.10092974175565,-0.10092974175564962
6.3,0.29,0.14,7.05,0.045,50.0,177.0,0.99564,3.23,0.42,9.0,5,0.2824858741102493,9.03940275661609,14.651128718305307,5.0,0.0
6.4,0.27,0.17,8.4,0.044,60.0,198.0,0.99578,3.21,0.47,9.4,5,0.30303030149984694,9.439826628545834,14.545421487678437,5.0,0.0
7.4,0.35,0.2,13.9,0.054,63.0,229.0,0.99888,3.11,0.5,8.9,6,0.27510916910432676,8.909970256717267,13.454520991780013,5.171458289613919,0.828541710386081
8.3,0.28,0.27,17.5,0.045,48.0,253.0,1.00014,3.02,0.56,9.1,6,0.18972331940820822,9.098717080891594,15.090881652942448,5.972988490243124,0.027011509756875718
6.4,0.35,0.35,5.6,0.034,9.0,148.0,0.99441,3.17,0.5,9.8,4,0.06081081039992696,9.855080042356732,9.142844081651313,4.0,0.0
6.9,0.43,0.28,9.4,0.056,29.0,183.0,0.99594,3.17,0.43,9.4,5,0.15846994448923526,9.438310100698736,9.718296171413844,5.0,0.0
8.0,0.26,0.28,4.8,0.05,34.0,150.0,0.99437,3.13,0.5,10.0,6,0.22666666515555556,10.056608650091365,14.814787380023368,6.0,0.0
7.3,0.27,0.37,9.7,0.042,36.0,130.0,0.9979,3.48,0.75,9.9,6,0.2769230747928994,9.92082380917546,11.406232177762222,6.0,0.0
6.8,0.46,0.26,6.3,0.147,49.0,159.0,0.99434,3.14,0.47,10.0,5,0.3081760986907164,10.056912065377974,9.444431327178712,5.0,0.0
7.2,0.2,0.28,1.6,0.028,13.0,168.0,0.99203,3.17,1.06,11.5,6,0.07738095192035148,11.592379673619071,14.999968750065104,6.0,0.0
7.6,0.285,0.32,14.6,0.063,32.0,201.0,0.998,3.0,0.45,9.2,5,0.1592039793074429,9.218427636846055,12.561962707499656,5.0,0.0
6.6,0.32,0.33,2.5,0.052,40.0,219.5,0.99316,3.15,0.6,10.0,5,0.18223234541124217,10.068860939968443,10.15383053256841,5.0,0.0
6.6,0.34,0.34,2.6,0.051,40.5,210.0,0.99314,3.15,0.61,10.0,5,0.1928571419387755,10.069063707972987,9.705868079605764,5.0,0.0
6.6,0.32,0.33,2.5,0.052,40.0,210.0,0.99316,3.15,0.6,10.0,5,0.19047618956916101,10.068860939968443,10.15383053256841,5.093834961589932,-0.09383496158993232
6.5,0.27,0.26,8.2,0.042,21.0,133.0,0.99612,3.43,0.64,9.8,6,0.15789473565492682,9.838162231295195,12.264127803532444,6.0,0.0
6.6,0.26,0.27,1.5,0.04,19.0,114.0,0.99295,3.36,0.62,10.5,6,0.16666666520467838,10.57453993198053,12.452806692817559,6.0,0.0
6.7,0.27,0.26,2.3,0.043,61.0,181.0,0.99394,3.45,0.63,10.6,6,0.33701657272366536,10.664616913881206,12.641485582102675,6.0,0.0
6.6,0.56,0.15,10.0,0.037,38.0,157.0,0.99642,3.28,0.52,9.4,5,0.24203821501886488,9.433763439349432,9.295761555265413,5.0,0.0
7.3,0.19,0.27,1.6,0.027,35.0,136.0,0.99248,3.38,0.54,11.0,7,0.2573529392841696,11.08333560037925,15.869530718411482,7.0,0.0
6.3,0.2,0.26,1.6,0.027,36.0,141.0,0.99268,3.53,0.56,10.8,6,0.2553191471253961,10.87962799731233,13.695622400820868,6.0,0.0
7.1,0.29,0.3,16.0,0.036,58.0,201.0,0.99954,3.3,0.67,9.0,5,0.28855721249474026,9.004132896999723,12.03387790868151,5.0,0.0
7.8,0.32,0.33,10.4,0.031,47.0,194.0,0.99692,3.07,0.58,9.6,6,0.24226803998830906,9.62964969139982,11.999981538489939,5.82725057757199,0.1727494224280104
8.1,0.33,0.36,7.4,0.037,36.0,156.0,0.99592,3.19,0.54,10.6,6,0.23076922928994084,10.643414487695308,11.739113421574752,6.0,0.0
6.6,0.33,0.24,16.05,0.045,31.0,147.0,0.99822,3.08,0.52,9.2,5,0.21088435230690916,9.216395968427832,11.578927054513937,5.0,0.0
8.2,0.26,0.33,2.6,0.053,11.0,71.0,0.99402,2.89,0.49,9.5,5,0.15492957528268203,9.557142152932382,13.898281528336389,5.458627853665619,-0.458627853665619
8.3,0.25,0.33,2.5,0.053,12.0,72.0,0.99404,2.89,0.48,9.5,5,0.1666666643518519,9.556949864241012,14.310320154620422,5.459620238968655,-0.4596202389686548
7.0,0.26,0.26,10.8,0.039,37.0,184.0,0.99787,3.47,0.58,10.3,7,0.20108695542887525,10.321975485809288,13.461512574014279,7.0,0.0
6.0,0.26,0.15,1.2,0.053,35.0,124.0,0.99347,3.08,0.46,8.8,5,0.28225806223985433,8.85783279028779,14.634110648510614,5.0,0.0
7.5,0.28,0.78,12.1,0.041,53.0,161.0,0.99838,2.98,0.44,8.7,5,0.32919254453917673,8.714108141080407,7.075465023146204,5.0,0.0
7.5,0.27,0.79,11.95,0.04,51.0,159.0,0.99839,2.98,0.44,8.7,5,0.3207547149638068,8.714020859563036,7.075465023146204,5.0,0.0
7.0,0.28,0.32,1.7,0.038,27.0,128.0,0.99375,3.2,0.62,10.2,6,0.2109374983520508,10.264140614701267,11.666647222254626,6.0,0.0
5.2,0.16,0.34,0.8,0.029,26.0,77.0,0.99155,3.25,0.51,10.1,6,0.3376623332771126,10.186062038160417,10.3999792000416,6.0,0.0
6.8,0.34,0.1,1.4,0.049,29.0,118.0,0.9936,3.21,0.41,9.5,5,0.24576270978167195,9.5611820036413,15.454510330658337,5.0,0.0
7.6,0.25,0.34,1.3,0.056,34.0,176.0,0.99434,3.1,0.51,9.5,5,0.1931818170841942,9.554066462109075,12.881334099433726,5.0,0.0
5.6,0.35,0.4,6.3,0.022,23.0,174.0,0.9922,3.54,0.5,11.6,7,0.1321839072862994,11.691179508990617,7.466656711124385,7.0,0.0
8.8,0.24,0.23,10.3,0.032,12.0,97.0,0.99571,3.13,0.4,10.7,6,0.12371133893081095,10.746089979923893,18.72336441837358,6.0,0.0
6.0,0.29,0.21,15.55,0.043,20.0,142.0,0.99658,3.11,0.54,10.1,6,0.14084506943066852,10.13465036961371,11.999976000048,5.24973016571082,0.7502698342891803
6.1,0.27,0.31,1.5,0.035,17.0,83.0,0.99076,3.32,0.44,11.1,7,0.20481927464073163,11.20350922169928,10.517223246166814,7.0,0.0
7.4,0.56,0.09,1.5,0.071,19.0,117.0,0.99496,3.22,0.53,9.8,5,0.16239316100518666,9.849632297145316,11.384597869849431,5.0,0.0
6.8,0.29,0.49,1.4,0.142,52.0,148.0,0.9937,3.08,0.49,9.0,6,0.35135134897735576,9.05705036021902,8.717937541105716,6.0,0.0
6.3,0.27,0.37,7.9,0.047,58.0,215.0,0.99542,3.19,0.48,9.5,6,0.2697674406057328,9.543700605070619,9.843734619164657,6.0,0.0
6.6,0.24,0.3,13.0,0.052,18.0,143.0,0.99825,3.37,0.49,9.4,6,0.12587412499388723,9.416469404989327,12.222199588519278,6.0,0.0
6.8,0.32,0.3,1.0,0.049,22.0,113.0,0.99289,3.24,0.61,10.2,5,0.19469026376380297,10.273030977217035,10.967724245606055,5.0,0.0
6.4,0.37,0.37,4.85,0.041,39.5,216.5,0.99432,3.1,0.5,9.8,6,0.18244803610878504,9.855972065359175,8.648636961301404,6.0,0.0
6.2,0.26,0.37,7.1,0.047,54.0,201.0,0.99523,3.19,0.48,9.5,6,0.2686567150813099,9.545522597266363,9.841254220231397,6.0,0.0
6.4,0.3,0.16,7.5,0.05,55.0,191.0,0.9959,3.17,0.49,9.0,5,0.28795811367561197,9.037042838595402,13.913013232579932,5.103210495720174,-0.10321049572017404
8.0,0.28,0.32,7.6,0.045,61.0,204.0,0.99543,3.1,0.55,10.1,6,0.29901960637735486,10.146358712959511,13.333311111148145,6.0,0.0
6.7,0.24,0.32,10.3,0.079,37.0,122.0,0.99662,3.02,0.45,8.8,5,0.3032786860386993,8.829836015897719,11.964264349527946,5.0,0.0
7.9,0.27,0.27,1.7,0.034,25.0,122.0,0.99088,2.97,0.51,11.9,6,0.20491803110722925,12.009514765143342,14.629602537773078,6.316930670219599,-0.3169306702195991
6.1,0.28,0.24,19.95,0.074,32.0,174.0,0.99922,3.19,0.44,9.3,6,0.1839080449200687,9.307250348021109,11.730746671641015,6.0,0.0
7.7,0.39,0.49,7.7,0.036,11.0,110.0,0.9966,3.33,0.76,10.0,6,0.0999999990909091,10.034105926042619,8.74999005682948,6.0,0.0
6.0,0.2,0.24,5.3,0.075,49.0,201.0,0.99466,3.21,0.43,9.5,5,0.24378109331452194,9.550992750293819,13.636332644698536,5.0,0.0
7.6,0.31,0.23,12.7,0.054,20.0,139.0,0.99836,3.16,0.5,9.7,4,0.14388489105118785,9.71592440009175,14.0740480110222,4.0,0.0
6.3,0.18,0.22,1.5,0.043,45.0,155.0,0.99238,3.19,0.48,10.2,5,0.2903225787721124,10.278310447297962,15.749960625098437,5.0,0.0
8.6,0.23,0.25,11.3,0.031,13.0,96.0,0.99645,3.11,0.4,10.8,5,0.1354166652560764,10.838465714821904,17.91662934035554,5.0,0.0
6.8,0.21,0.36,18.1,0.046,32.0,133.0,1.0,3.27,0.48,8.8,5,0.24060150195036464,8.799991200008801,11.929803631923454,5.0,0.0
6.9,0.26,0.31,7.0,0.039,37.0,175.0,0.99376,3.32,0.49,11.4,6,0.21142857022040817,11.471571132294384,12.105241920628208,6.0,0.0
6.4,0.31,0.4,6.4,0.039,39.0,191.0,0.99513,3.14,0.52,9.8,5,0.20418848060634304,9.847949666928274,9.014071811166463,5.0,0.0
8.6,0.34,0.36,1.4,0.045,11.0,119.0,0.99556,3.17,0.47,9.4,4,0.09243697401313468,9.44191265025448,12.28569673471895,4.0,0.0
8.5,0.3,0.28,3.1,0.054,54.0,174.0,0.99543,3.21,0.43,9.4,6,0.31034482580261596,9.443145732853408,14.65514714629802,6.0,0.0
7.4,0.4,0.41,14.1,0.053,37.0,194.0,0.99886,3.2,0.63,9.4,6,0.1907216485014348,9.410718808723136,9.135791190381246,6.0,0.0
6.6,0.32,0.34,7.7,0.044,63.0,212.0,0.99526,3.22,0.48,9.7,6,0.2971698099190103,9.746187181050999,9.999984848507804,6.0,0.0
7.1,0.34,0.31,5.2,0.032,36.0,140.0,0.99166,3.35,0.47,12.3,7,0.25714285530612246,12.403432221293366,10.923060118369047,7.0,0.0
6.6,0.26,0.25,11.6,0.045,45.0,178.0,0.99691,3.33,0.43,9.8,6,0.2528089873437697,9.83036600057578,12.941151095782164,6.0,0.0
8.0,0.27,0.57,10.4,0.053,18.0,134.0,0.99732,3.12,0.68,9.0,5,0.1343283572065048,9.02417576687947,9.52379818595454,5.0,0.0
6.2,0.28,0.45,7.5,0.045,46.0,203.0,0.99573,3.26,0.46,9.2,6,0.22660098410541388,9.239443182948005,8.49313905049445,5.184429199270304,0.815570800729696
6.2,0.3,0.49,11.2,0.058,68.0,215.0,0.99656,3.19,0.6,9.4,6,0.3162790682963764,9.432438154814406,7.84809133152996,6.0,0.0
5.6,0.175,0.29,0.8,0.043,20.0,67.0,0.99112,3.28,0.48,9.9,6,0.298507458231232,9.988689574734064,12.042984853796014,6.0,0.0
6.9,0.34,0.36,1.4,0.032,13.0,145.0,0.99214,3.07,0.52,9.8,5,0.08965517179548158,9.877628280657689,9.857128775530322,5.0,0.0
6.9,0.34,0.3,4.7,0.029,34.0,148.0,0.99165,3.36,0.49,12.3,7,0.22972972817750184,12.403557299896839,10.781233154323196,7.0,0.0
7.1,0.12,0.3,3.1,0.018,15.0,37.0,0.99004,3.02,0.52,11.9,7,0.4054053944485029,12.019704234471098,16.90472165542463,7.0,0.0
7.1,0.32,0.29,4.0,0.038,33.0,170.0,0.99463,3.27,0.64,10.2,6,0.19411764591695502,10.255059413993731,11.639325181434128,6.0,0.0
7.3,0.51,0.29,11.3,0.034,61.0,224.0,0.99683,3.14,0.56,9.5,6,0.2723214273557079,9.53020120762697,9.124988593764257,5.265211563363702,0.7347884366362978
6.3,0.24,0.55,8.1,0.04,67.0,216.0,0.99596,3.24,0.5,9.2,5,0.31018518374914267,9.237309493042398,7.974673449780442,5.0,0.0
7.5,0.41,0.23,14.8,0.054,28.0,174.0,0.99898,3.18,0.49,9.7,5,0.16091953930506012,9.70989438237564,11.718731689481734,5.192184244055028,-0.19218424405502788
6.5,0.18,0.33,1.4,0.029,35.0,138.0,0.99114,3.36,0.6,11.5,7,0.2536231865679479,11.602789108714097,12.745073048876375,7.0,0.0
7.3,0.17,0.24,8.1,0.121,32.0,162.0,0.99508,3.17,0.38,10.4,8,0.19753086297820455,10.451410488191414,17.80483462235458,5.6943640941763745,2.3056359058236255
8.2,0.2,0.38,3.5,0.053,41.0,174.0,0.99306,3.22,0.41,11.6,5,0.23563218255383803,11.681054839531507,14.137906658781619,6.371536886811313,-1.3715368868113131
7.3,0.16,0.35,1.5,0.036,29.0,108.0,0.99342,3.27,0.51,10.2,6,0.268518516032236,10.267550212850342,14.313697424122696,6.0,0.0
6.4,0.16,0.37,1.5,0.037,27.0,109.0,0.99345,3.38,0.5,9.8,6,0.24770641974581267,9.864603286926078,12.075448914247332,6.0,0.0
6.6,0.42,0.13,12.8,0.044,26.0,158.0,0.99772,3.24,0.47,9.0,5,0.1645569609838167,9.020557851343211,11.999978181857848,5.0,0.0
5.8,0.3,0.12,1.6,0.036,57.0,163.0,0.99239,3.38,0.59,10.5,6,0.349693249388385,10.580507078359235,13.809490929783502,6.0,0.0
6.7,0.54,0.27,7.1,0.049,8.0,178.0,0.99502,3.16,0.38,9.4,4,0.04494381997222573,9.447036796208321,8.271594726426263,4.0,0.0
6.4,0.22,0.3,11.2,0.046,53.0,149.0,0.99479,3.21,0.34,10.8,5,0.35570469559929735,10.856551778212712,12.30766863909877,5.0,0.0
6.8,0.23,0.3,1.7,0.043,19.0,95.0,0.99207,3.17,0.46,10.7,7,0.19999999789473688,10.785518375196935,12.830164471387787,7.0,0.0
9.0,0.26,0.34,6.7,0.029,21.0,162.0,0.99497,3.08,0.5,10.6,6,0.12962962882944673,10.653576837917889,14.999975000041664,6.0,0.0
6.5,0.23,0.25,17.3,0.046,15.0,110.0,0.99828,3.15,0.42,9.2,6,0.13636363512396696,9.215842032453788,13.541638454919887,6.0,0.0
5.9,0.28,0.14,8.6,0.032,30.0,142.0,0.99542,3.28,0.44,9.5,6,0.2112676041460028,9.543700605070619,14.047585600986665,6.0,0.0
6.2,0.27,0.18,1.5,0.028,20.0,111.0,0.99228,3.41,0.5,10.0,5,0.18018017855693533,10.077790464596218,13.777747160561866,5.0,0.0
9.0,0.29,0.34,12.1,0.03,34.0,177.0,0.99706,3.13,0.47,10.6,5,0.19209039439496953,10.631245229730176,14.285691610013316,5.952995026843722,-0.9529950268437224
8.9,0.27,0.34,10.7,0.029,19.5,166.0,0.99669,3.13,0.48,10.6,5,0.11746987881042242,10.635191849831092,14.590140016163906,5.0,0.0
6.9,0.32,0.3,1.8,0.036,28.0,117.0,0.99269,3.24,0.48,11.0,6,0.2393162372708014,11.080990962948189,11.12901430804144,6.0,0.0
7.2,0.22,0.24,1.4,0.041,17.0,159.0,0.99196,3.25,0.53,11.2,6,0.10691823832126894,11.29076647166572,15.652139886652423,6.0,0.0
6.7,0.5,0.38,7.5,0.046,26.0,175.0,0.99662,3.32,0.54,9.6,5,0.148571427722449,9.63254838097933,7.613627711786691,5.0,0.0
6.2,0.33,0.14,4.8,0.052,27.0,128.0,0.99475,3.21,0.48,9.4,5,0.2109374983520508,9.449600955414972,13.191461294763203,5.0,0.0
6.3,0.26,0.42,7.1,0.045,62.0,209.0,0.99544,3.2,0.53,9.5,6,0.2966507162839679,9.543508856878509,9.264692257805503,6.0,0.0
7.5,0.2,0.47,16.9,0.052,51.0,188.0,0.99944,3.09,0.62,9.3,5,0.27127659430172024,9.305201607698704,11.194013143263966,5.0,0.0
6.6,0.36,0.52,11.3,0.046,8.0,110.0,0.9966,3.07,0.46,9.4,5,0.0727272720661157,9.432059570480062,7.4999914772824114,5.343556292813587,-0.3435562928135871
6.3,0.13,0.42,1.1,0.043,63.0,146.0,0.99066,3.13,0.72,11.2,7,0.4315068463595422,11.30558283812525,11.454524628137039,6.606984574963081,0.39301542503691866
6.4,0.15,0.44,1.2,0.043,67.0,150.0,0.9907,3.14,0.73,11.2,7,0.4466666636888889,11.305126370115705,10.847439241628404,7.0,0.0
7.6,0.23,0.64,12.9,0.033,54.0,170.0,0.998,3.0,0.53,8.8,5,0.3176470569550173,8.817626435244053,8.735622142963054,5.0,0.0
5.7,0.255,0.65,1.2,0.079,17.0,137.0,0.99307,3.2,0.42,9.4,5,0.12408759033512708,9.465587052688075,6.298335581949633,5.0,0.0
6.9,0.32,0.26,2.3,0.03,11.0,103.0,0.99106,3.06,0.42,11.1,6,0.10679611546799889,11.200117853492367,11.896531212877218,6.0,0.0
6.9,0.28,0.22,10.0,0.052,36.0,131.0,0.99696,3.08,0.46,9.6,5,0.2748091582075637,9.62926333126371,13.7999724000552,5.0,0.0
6.6,0.41,0.16,1.4,0.037,28.0,160.0,0.99167,2.95,0.45,10.6,6,0.17499999890625,10.689028921890424,11.578927054513938,6.0,0.0
7.3,0.37,0.16,14.9,0.048,59.0,240.0,0.99902,3.13,0.45,8.9,5,0.2458333323090278,8.908721638484076,13.77355891781336,5.0,0.0
6.9,0.21,0.24,1.8,0.021,17.0,80.0,0.98992,3.15,0.46,12.3,7,0.21249999734375005,12.42523393280878,15.333299259334982,7.0,0.0
6.6,0.24,0.28,1.8,0.028,39.0,132.0,0.99182,3.34,0.46,11.4,5,0.2954545432162535,11.494009503731016,12.692283284070605,5.0,0.0
6.8,0.28,0.36,7.0,0.043,60.0,207.0,0.99556,3.16,0.49,9.6,6,0.28985507106350206,9.642804408770532,10.624983398463439,6.0,0.0
6.6,0.24,0.24,8.6,0.034,25.0,135.0,0.99582,3.33,0.59,10.3,6,0.1851851838134431,10.34322433449385,13.749971354226346,6.177503957865337,-0.17750395786533701
7.0,0.16,0.32,1.1,0.032,29.0,80.0,0.98972,3.23,0.36,12.1,6,0.36249999546875006,12.225667637647376,14.583302951452186,6.0,0.0
7.0,0.14,0.28,1.3,0.026,10.0,56.0,0.99352,3.46,0.45,9.9,5,0.17857142538265314,9.964560386745726,16.666626984221466,5.0,0.0
6.3,0.34,0.36,4.9,0.035,31.0,185.0,0.9946,3.15,0.49,9.7,5,0.16756756666179695,9.752654582088695,8.99998714287551,5.0,0.0
6.8,0.26,0.24,1.9,0.043,70.0,154.0,0.99273,3.18,0.52,10.5,5,0.4545454515938607,10.576883365181503,13.599972800054399,5.0,0.0
6.7,0.17,0.42,10.4,0.038,85.0,182.0,0.99628,3.04,0.44,8.9,6,0.46703296446685183,8.933222655054147,11.355912956079736,6.0,0.0
6.5,0.27,0.4,10.0,0.039,74.0,227.0,0.99582,3.18,0.5,9.4,5,0.3259911879912282,9.4394474508973,9.701478057495436,5.0,0.0
6.7,0.25,0.36,8.6,0.037,63.0,206.0,0.99553,3.18,0.5,9.6,5,0.30582524123385807,9.643094991517088,10.983588551494178,5.0,0.0
5.8,0.3,0.27,1.7,0.014,45.0,104.0,0.98914,3.4,0.56,12.6,7,0.43269230353180477,12.738325476347658,10.175420744875884,7.0,0.0
6.4,0.28,0.56,1.7,0.156,49.0,106.0,0.99354,3.1,0.37,9.2,6,0.4622641465824137,9.259809107022257,7.619038548763632,6.0,0.0
7.7,0.3,0.26,18.95,0.053,36.0,174.0,0.99976,3.2,0.5,10.4,5,0.2068965505350773,10.402486194200414,13.749975446472416,5.30730386197191,-0.30730386197190995
6.8,0.18,0.3,12.8,0.062,19.0,171.0,0.99808,3.0,0.52,9.0,7,0.11111111046133854,9.017304206772797,14.166637152839266,7.0,0.0
5.1,0.14,0.25,0.7,0.039,15.0,89.0,0.9919,3.22,0.43,9.2,6,0.16853932394899637,9.275119190322421,13.07688954643706,6.0,0.0
7.2,0.615,0.1,1.4,0.068,25.0,154.0,0.99499,3.2,0.48,9.7,4,0.16233766128352167,9.748831898981999,10.069915986131488,4.0,0.0
6.9,0.13,0.28,13.3,0.05,47.0,132.0,0.99655,3.34,0.42,10.1,6,0.35606060336317724,10.13495546138632,16.829227245787205,6.0,0.0
6.7,0.34,0.3,8.5,0.059,24.0,152.0,0.99615,3.46,0.64,11.0,7,0.1578947358033241,11.04250259247845,10.468733642603683,7.0,0.0
7.3,0.32,0.29,1.5,0.038,32.0,144.0,0.99296,3.2,0.55,10.8,5,0.22222222067901237,10.87656010659029,11.967193496404104,5.0,0.0
6.3,0.21,0.29,11.7,0.048,49.0,147.0,0.99482,3.22,0.38,10.8,5,0.3333333310657597,10.856224386095588,12.599974800050399,5.0,0.0
5.4,0.5,0.13,5.0,0.028,12.0,107.0,0.99079,3.48,0.88,13.5,7,0.11214953166215391,13.625477017857449,8.57141496600799,7.0,0.0
8.2,0.52,0.34,1.2,0.042,18.0,167.0,0.99366,3.24,0.39,10.6,5,0.1077844304923088,10.667622056214341,9.534872633869028,4.986957065052447,0.013042934947552709
7.8,0.28,0.31,2.1,0.046,28.0,208.0,0.99434,3.23,0.64,9.8,5,0.13461538396819528,9.855773824070415,13.220316575734614,5.0,0.0
6.4,0.22,0.34,1.4,0.023,56.0,115.0,0.98958,3.18,0.7,11.7,6,0.48695651750472596,11.823185772564347,11.428551020444605,6.0,0.0
6.9,0.32,0.27,16.0,0.034,58.0,185.0,0.99938,3.34,0.6,9.0,6,0.3135135118188459,9.005574450584911,11.694895432380621,6.0,0.0
6.8,0.11,0.42,1.1,0.042,51.0,132.0,0.99059,3.18,0.74,11.3,7,0.38636363343663915,11.40733158286316,12.830164471387787,7.0,0.0
6.2,0.26,0.32,15.3,0.031,64.0,185.0,0.99835,3.31,0.61,9.4,5,0.34594594407596785,9.415526202708266,10.689636742005616,5.931810852655126,-0.9318108526551256
6.7,0.3,0.29,2.8,0.025,37.0,107.0,0.99159,3.31,0.63,11.3,7,0.34579438929164125,11.39582751356154,11.355912956079736,7.0,0.0
7.1,0.2,0.3,0.9,0.019,4.0,28.0,0.98931,3.2,0.36,12.0,6,0.14285713775510223,12.129653870218768,14.199971600056799,6.0,0.0
7.2,0.2,0.36,2.5,0.028,22.0,157.0,0.9938,3.48,0.49,10.6,6,0.1401273876425007,10.666119273375655,12.85711989800018,6.0,0.0
8.9,0.26,0.33,8.1,0.024,47.0,202.0,0.99558,3.13,0.46,10.8,6,0.23267326617488482,10.847937033752151,15.084720195389497,6.0,0.0
7.5,0.25,0.32,8.2,0.024,53.0,209.0,0.99563,3.12,0.46,10.8,6,0.2535885155330693,10.847392256769828,13.157871652856747,6.0,0.0
6.3,0.27,0.46,11.1,0.053,44.0,177.0,0.99691,3.18,0.67,9.4,5,0.24858756921701938,9.429126571980849,8.630125164212103,5.0,0.0
6.5,0.3,0.39,7.8,0.038,61.0,219.0,0.9959,3.19,0.5,9.4,5,0.2785388115135214,9.43868918697742,9.420276202498258,5.0,0.0
6.6,0.36,0.52,10.1,0.05,29.0,140.0,0.99628,3.07,0.4,9.4,5,0.20714285566326532,9.435089096349323,7.4999914772824114,5.0,0.0
6.15,0.21,0.37,3.2,0.021,20.0,80.0,0.99076,3.39,0.47,12.0,5,0.24999999687500005,12.111901861296518,10.603429994086218,6.286487238258614,-1.2864872382586139
6.5,0.18,0.41,14.2,0.039,47.0,129.0,0.99678,3.28,0.72,10.3,7,0.36434108244696833,10.333262772865856,11.016930479778848,6.206115866116382,0.7938841338836182
6.6,0.26,0.21,2.9,0.026,48.0,126.0,0.99089,3.22,0.38,11.3,7,0.38095237792894937,11.403877924009805,14.042523313780185,7.0,0.0
6.6,0.35,0.35,6.0,0.063,31.0,150.0,0.99537,3.1,0.47,9.4,6,0.2066666652888889,9.443714956533796,9.428557959202916,6.0,0.0
6.5,0.28,0.28,20.4,0.041,40.0,144.0,1.0002,3.14,0.38,8.7,5,0.27777777584876545,8.698251651418065,11.607122130139052,5.0,0.0
4.5,0.19,0.21,0.95,0.033,89.0,159.0,0.99332,3.34,0.42,8.0,5,0.5597484241525257,8.053791271905054,11.249971875070312,5.0,0.0
8.0,0.24,0.26,1.7,0.033,36.0,136.0,0.99316,3.44,0.51,10.4,7,0.2647058804065744,10.471615377567181,15.999968000064,7.0,0.0
7.8,0.17,0.23,1.7,0.029,39.0,128.0,0.99272,3.37,0.41,10.7,7,0.30468749761962893,10.778456384019275,19.499951250121875,6.19543942889247,0.8045605711075297
7.0,0.24,0.24,9.0,0.03,42.0,219.0,0.99636,3.47,0.46,10.2,6,0.1917808210420967,10.237253364995217,14.583302951452186,6.0,0.0
5.8,0.6,0.0,1.3,0.044,72.0,197.0,0.99202,3.56,0.43,10.9,5,0.3654822316472983,10.987670623908164,9.666650555582407,5.0,0.0
5.9,0.445,0.26,1.4,0.027,23.0,109.0,0.99148,3.3,0.36,10.5,6,0.21100917237606265,10.590218067718897,8.368782455627722,6.0,0.0
6.7,0.28,0.28,2.4,0.012,36.0,100.0,0.99064,3.26,0.39,11.7,7,0.3599999964,11.810534795147788,11.964264349527946,6.5691818740084145,0.43081812599158553
6.8,0.44,0.2,16.0,0.065,61.0,186.0,0.99884,3.13,0.45,8.6,5,0.32795698748410224,8.609978965621155,10.624983398463439,5.0,0.0
7.2,0.24,0.27,11.4,0.034,40.0,174.0,0.99773,3.2,0.44,9.0,5,0.2298850561500859,9.020467440622772,14.117619377216906,5.599126446444709,-0.5991264464447088
8.7,0.31,0.73,14.35,0.044,27.0,191.0,1.00013,2.96,0.88,8.7,5,0.14136125580439132,8.698860449281144,8.365376571753297,5.200218084114055,-0.20021808411405484
8.2,0.32,0.26,2.1,0.062,26.0,87.0,0.98974,3.1,0.47,12.8,6,0.29885057127757964,12.932676326432876,14.137906658781619,6.0,0.0
7.5,0.13,0.38,1.1,0.023,42.0,104.0,0.99112,3.28,0.53,11.8,6,0.4038461499630178,11.905710806248683,14.705853517934278,6.643643503786096,-0.6436435037860964
9.2,0.14,0.37,1.1,0.034,36.0,84.0,0.99136,3.05,0.55,11.6,6,0.4285714234693878,11.701085679182457,18.03918031533271,6.0,0.0
7.4,0.2,0.37,1.2,0.028,28.0,89.0,0.99132,3.14,0.61,11.8,6,0.31460673803812655,11.903308817224694,12.98243336415199,6.0,0.0
6.1,0.15,0.35,15.8,0.042,55.0,158.0,0.99642,3.24,0.37,10.6,5,0.34810126361961224,10.638073665649358,12.199975600048798,5.0,0.0
7.6,0.23,0.4,5.2,0.066,14.0,91.0,0.99488,3.17,0.8,9.7,5,0.1538461521555368,9.749909788205825,12.063472915122356,5.195217528184083,-0.19521752818408267
8.1,0.33,0.22,5.2,0.047,24.0,151.0,0.99527,3.22,0.47,10.3,5,0.15894039629840798,10.348940137912187,14.727245950461906,5.0,0.0
7.15,0.17,0.24,9.6,0.119,56.0,178.0,0.99578,3.15,0.44,10.2,6,0.3146067398055801,10.243216128847607,17.438981856141815,6.0,0.0
6.7,0.12,0.3,5.2,0.048,38.0,113.0,0.99352,3.33,0.44,10.1,7,0.3362831828647506,10.165864636983013,15.952342970611976,7.0,0.0
5.7,0.18,0.36,1.2,0.046,9.0,71.0,0.99199,3.7,0.68,10.9,7,0.12676056159492166,10.98800291534903,10.55553600826665,7.0,0.0
5.8,0.15,0.28,0.8,0.037,43.0,127.0,0.99198,3.24,0.51,9.3,5,0.33858267449934903,9.375179564931184,13.48834072478901,5.0,0.0
6.6,0.23,0.29,14.45,0.057,29.0,144.0,0.99756,3.33,0.54,10.2,6,0.20138888749035494,10.224938625307123,12.692283284070605,5.403755253474997,0.5962447465250031
7.0,0.34,0.39,6.9,0.066,43.0,162.0,0.99561,3.11,0.53,9.5,5,0.26543209712696236,9.54187930828406,9.58902796023567,5.0,0.0
6.4,0.68,0.26,3.4,0.069,25.0,146.0,0.99347,3.18,0.4,9.3,5,0.17123287553950087,9.361118744281415,6.808503395209153,5.0,0.0
7.3,0.22,0.31,2.3,0.018,45.0,80.0,0.98936,3.06,0.34,12.9,7,0.5624999929687501,13.038718930703757,13.77355891781336,7.0,0.0
6.4,0.28,0.27,11.0,0.042,45.0,148.0,0.99786,3.14,0.46,8.7,5,0.3040540519996348,8.718649190618732,11.636342479377308,5.0,0.0
6.9,0.4,0.22,5.95,0.081,76.0,303.0,0.99705,3.4,0.57,9.4,5,0.25082508168044526,9.42780258983743,11.12901430804144,5.0,0.0
6.8,0.19,0.23,5.1,0.034,71.0,204.0,0.9942,3.23,0.69,10.1,5,0.34803921398019994,10.158911527950584,16.190437641815137,5.0,0.0
7.1,0.23,0.24,5.4,0.039,60.0,196.0,0.9948,3.19,0.78,10.0,4,0.30612244741774264,10.052261708623131,15.10635083755141,4.0,0.0
6.45,0.14,0.42,1.2,0.05,51.0,129.0,0.99116,3.27,0.69,11.1,7,0.39534883414458266,11.198987853638307,11.51783657529183,7.0,0.0
6.5,0.15,0.44,12.6,0.052,65.0,158.0,0.99688,3.26,0.7,10.3,7,0.4113924024595418,10.332226213560094,11.016930479778848,7.0,0.0
7.1,0.15,0.34,1.0,0.033,27.0,73.0,0.98974,3.24,0.41,12.2,6,0.3698630086320136,12.326457123631334,14.489766347415618,6.0,0.0
6.7,0.33,0.34,6.6,0.067,35.0,156.0,0.99542,3.11,0.48,9.3,6,0.2243589729207758,9.342780592332291,9.99998507464914,6.0,0.0
7.2,0.3,0.26,1.5,0.041,46.0,178.0,0.99154,3.19,0.56,11.3,6,0.258426964840298,11.39640216592153,12.85711989800018,6.0,0.0
7.0,0.23,0.33,1.0,0.043,46.0,110.0,0.99118,3.04,0.65,10.8,6,0.41818181438016533,10.896092641000989,12.499977678611286,6.0,0.0
8.0,0.13,0.25,1.1,0.033,15.0,86.0,0.99044,2.98,0.39,11.2,8,0.17441860262303951,11.308094071226856,21.052576177431114,8.0,0.0
6.2,0.21,0.34,6.6,0.03,36.0,91.0,0.9914,3.32,0.45,12.5,7,0.3956043912570946,12.608419801876336,11.272706776896769,7.0,0.0
8.3,0.4,0.41,8.2,0.05,15.0,122.0,0.9979,3.39,0.49,9.3,5,0.12295081866433756,9.319561760134523,10.246900929751938,5.0,0.0
5.9,0.34,0.31,2.0,0.03,38.0,142.0,0.98892,3.4,0.41,12.9,7,0.2676056319182702,13.044520239736036,9.076909112447519,7.0,0.0
6.6,0.12,0.25,1.4,0.039,21.0,131.0,0.99114,3.2,0.45,11.2,7,0.16030534228774548,11.300107653704163,17.8377896275956,7.0,0.0
9.6,0.655,0.21,2.0,0.039,21.0,120.0,0.99188,3.0,1.0,12.6,6,0.17499999854166667,12.70313676741464,11.09825306560339,6.0,0.0
6.8,0.26,0.4,7.5,0.046,45.0,179.0,0.99583,3.2,0.49,9.3,5,0.2513966466402422,9.338934015912338,10.30301469240198,5.0,0.0
5.9,0.3,0.3,2.0,0.03,38.0,142.0,0.98892,3.41,0.41,12.9,7,0.2676056319182702,13.044520239736036,9.83331694447176,6.724237264330148,0.27576273566985243
7.0,0.15,0.3,13.3,0.049,46.0,120.0,0.99704,3.2,0.36,9.5,7,0.38333333013888893,9.52819392582652,15.555520987731141,7.0,0.0
7.9,0.37,0.31,2.85,0.037,5.0,24.0,0.9911,3.19,0.36,11.9,6,0.20833332465277812,12.00684894879533,11.61762997407357,6.0,0.0
7.2,0.35,0.25,5.6,0.032,23.0,120.0,0.99334,2.93,0.66,10.3,7,0.19166666506944446,10.369047487217381,11.999980000033334,7.0,0.0
7.2,0.32,0.24,5.6,0.033,23.0,120.0,0.99334,2.92,0.66,10.3,7,0.19166666506944446,10.369047487217381,12.85711989800018,7.0,0.0
7.6,0.1,0.33,1.0,0.031,33.0,93.0,0.99094,3.06,0.68,11.2,6,0.35483870586194943,11.302388335935236,17.67437750144767,6.1113487898068835,-0.11134878980688345
6.2,0.25,0.31,3.2,0.03,32.0,150.0,0.99014,3.18,0.31,12.0,6,0.21333333191111112,12.119486012598205,11.07140880105571,6.363306954598383,-0.36330695459838314
7.1,0.31,0.17,1.0,0.042,21.0,144.0,0.99304,3.13,0.4,9.6,5,0.14583333232060186,9.667274563688709,14.791635850758645,5.0,0.0
7.6,0.18,0.28,7.1,0.041,29.0,110.0,0.99652,3.2,0.42,9.2,6,0.26363636123966944,9.232118540402059,16.521703213688664,6.0,0.0
8.0,0.17,0.29,2.4,0.029,52.0,119.0,0.98944,3.03,0.33,12.9,6,0.43697478624390934,13.037664701584026,17.391266540724914,6.0,0.0
7.2,0.19,0.27,11.2,0.061,46.0,149.0,0.99772,2.99,0.59,9.3,6,0.3087248301427864,9.321243113054651,15.65213988665242,6.0,0.0
7.6,0.32,0.25,9.5,0.03,15.0,136.0,0.99367,3.1,0.44,12.1,6,0.11029411683607267,12.177068667597222,13.333309941561502,6.0,0.0
6.6,0.21,0.29,1.8,0.026,35.0,128.0,0.99183,3.37,0.48,11.2,6,0.27343749786376953,11.29224636051908,13.199973600052799,6.0,0.0
7.0,0.16,0.36,2.6,0.029,28.0,98.0,0.99126,3.11,0.37,11.2,7,0.2857142827988339,11.298739686116974,13.461512574014279,7.0,0.0
6.6,0.24,0.38,8.0,0.042,56.0,187.0,0.99577,3.21,0.46,9.2,5,0.2994652390402928,9.239072035638715,10.645144120735289,5.0,0.0
6.9,0.3,0.25,3.3,0.041,26.0,124.0,0.99428,3.18,0.5,9.3,6,0.2096774176638918,9.353492624318477,12.545431735578662,6.0,0.0
6.2,0.28,0.27,10.3,0.03,26.0,108.0,0.99388,3.2,0.36,10.7,6,0.24074073851165984,10.765876397677387,11.272706776896769,6.0,0.0
6.9,0.31,0.32,1.2,0.024,20.0,166.0,0.99208,3.05,0.54,9.8,6,0.12048192698504863,9.878225669073393,10.952363567676876,5.516841266708811,0.4831587332911891
6.7,0.23,0.25,1.6,0.036,28.0,143.0,0.99256,3.3,0.54,10.3,6,0.1958041944349357,10.377195960752035,13.958304253532807,6.08845943373114,-0.08845943373114018
5.7,0.23,0.28,9.65,0.025,26.0,121.0,0.9925,3.28,0.38,11.3,6,0.21487603128201627,11.385378956797021,11.176448673630052,6.0,0.0
6.5,0.22,0.5,16.4,0.048,36.0,182.0,0.99904,3.02,0.49,8.8,6,0.19780219671537255,8.808447300961623,9.027765239214945,6.0,0.0
7.0,0.18,0.37,1.5,0.043,16.0,104.0,0.99216,3.18,0.5,10.8,5,0.15384615236686391,10.885330102674867,12.727249586818932,5.0,0.0
6.5,0.46,0.31,5.0,0.027,15.0,72.0,0.99165,3.26,0.6,11.5,7,0.20833333043981486,11.596821865757207,8.441547478509767,7.0,0.0
6.5,0.23,0.36,16.3,0.038,43.0,133.0,0.99924,3.26,0.41,8.8,5,0.3233082682458025,8.806684273363484,11.016930479778848,5.4933437268405445,-0.4933437268405445
6.6,0.26,0.38,6.5,0.17,68.0,201.0,0.9956,3.19,0.38,9.4,6,0.33830845602831616,9.441533305008733,10.312483886743927,6.0,0.0
6.7,0.26,0.39,6.4,0.171,64.0,200.0,0.99562,3.19,0.38,9.4,6,0.3199999984,9.441343643816271,10.307676449728538,6.0,0.0
7.5,0.28,0.39,10.2,0.045,59.0,209.0,0.9972,3.16,0.63,9.6,6,0.28229664936700166,9.626945821353969,11.194013143263964,6.0,0.0
6.8,0.23,0.42,7.4,0.044,56.0,189.0,0.9958,3.22,0.48,9.3,6,0.29629629472859104,9.339215365318974,10.461522366888666,6.0,0.0
7.8,0.25,0.34,13.7,0.044,66.0,184.0,0.99976,3.22,0.75,8.9,5,0.3586956502244802,8.902127608498432,13.220316575734614,5.87464504247911,-0.8746450424791101
5.6,0.2,0.22,1.3,0.049,25.0,155.0,0.99296,3.74,0.43,10.0,5,0.16129032154006245,10.0708889875836,13.333301587377171,5.0,0.0
6.4,0.21,0.44,7.4,0.045,47.0,182.0,0.9957,3.24,0.46,9.1,5,0.2582417568228475,9.139289806879775,9.846138698248156,5.309012859844278,-0.3090128598442776
6.8,0.24,0.37,7.45,0.043,59.0,188.0,0.99579,3.2,0.5,9.4,6,0.3138297855647352,9.439731831277848,11.147522708979166,6.0,0.0
7.8,0.25,0.28,7.2,0.04,46.0,179.0,0.99541,3.14,0.6,10.1,6,0.25698323878780316,10.146562575659702,14.716953364238934,6.0,0.0
6.8,0.16,0.29,10.4,0.046,59.0,143.0,0.99518,3.2,0.4,10.8,6,0.41258740970218594,10.85229722030465,15.111077530938822,6.0,0.0
5.2,0.28,0.29,1.1,0.028,18.0,69.0,0.99168,3.24,0.54,10.0,6,0.26086956143667306,10.083887863133407,9.122791012647346,6.0,0.0
7.5,0.18,0.31,6.5,0.029,53.0,160.0,0.99276,3.03,0.38,10.9,6,0.3312499979296875,10.979480459043012,15.306091212058751,6.181061160072602,-0.18106116007260198
7.5,0.26,0.3,4.6,0.027,29.0,92.0,0.99085,3.15,0.38,12.0,7,0.31521738787807185,12.110801724981858,13.392833227083521,7.0,0.0
8.2,0.37,0.64,13.9,0.043,22.0,171.0,0.99873,2.99,0.8,9.3,5,0.1286549700078657,9.311816695386446,8.118803842768472,5.0,0.0
7.6,0.4,0.27,5.2,0.03,32.0,101.0,0.99172,3.22,0.62,12.3,7,0.3168316800313695,12.402681802644091,11.343266651840816,7.0,0.0
7.5,0.26,0.25,1.7,0.038,29.0,129.0,0.99312,3.45,0.56,10.4,6,0.2248061998077039,10.472037143510207,14.705853517934278,6.635629159130912,-0.6356291591309118
6.9,0.23,0.32,16.4,0.045,62.0,153.0,0.9972,3.22,0.42,10.5,5,0.4052287555213807,10.529471992105904,12.545431735578662,5.634690652857136,-0.6346906528571363
5.3,0.2,0.31,3.6,0.036,22.0,91.0,0.99278,3.41,0.5,9.8,6,0.24175823910155783,9.871260630491518,10.392136486006889,6.175290280673565,-0.17529028067356478
6.5,0.17,0.31,1.5,0.041,34.0,121.0,0.99092,3.06,0.46,10.5,6,0.28099173321494436,10.596202926368498,13.541638454919887,6.175612506060908,-0.17561250606090795
6.5,0.35,0.28,12.4,0.051,86.0,213.0,0.9962,3.16,0.51,9.9,6,0.4037558666490335,9.937753525643922,10.317443940565173,6.0,0.0
6.5,0.29,0.31,1.7,0.035,24.0,79.0,0.99053,3.27,0.69,11.4,7,0.3037974645088929,11.508978517582992,10.83331527780787,7.0,0.0
6.8,0.3,0.22,6.2,0.06,41.0,190.0,0.99858,3.18,0.51,9.2,5,0.21578947254847647,9.213073351085189,13.076897929042442,5.0,0.0
7.9,0.51,0.36,6.2,0.051,30.0,173.0,0.9984,3.09,0.53,9.7,5,0.17341040362190518,9.715535140689962,9.080449332816858,5.0,0.0
7.9,0.51,0.34,2.6,0.049,13.0,135.0,0.99335,3.09,0.51,10.0,5,0.09629629558299041,10.06693505115513,9.294106712815632,5.0,0.0
7.1,0.29,0.28,9.3,0.048,50.0,141.0,0.9949,3.13,0.49,10.3,6,0.3546099265630502,10.352788870450427,12.45611849803772,6.0,0.0
7.4,0.2,0.28,9.1,0.047,29.0,95.0,0.99532,3.16,0.47,9.8,7,0.3052631546814405,9.846069760408954,15.416634548678024,7.0,0.0
6.9,0.615,0.42,12.0,0.067,24.0,131.0,0.99727,3.19,0.34,9.3,5,0.18320610547170912,9.325449150732348,6.666660225449059,5.1843792215913505,-0.18437922159135045
6.8,0.32,0.28,4.8,0.034,25.0,100.0,0.99026,3.08,0.47,12.4,7,0.24999999750000004,12.521951283550498,11.333314444475924,7.0,0.0
6.3,0.2,0.19,12.3,0.048,54.0,145.0,0.99668,3.16,0.42,9.3,6,0.37241379053507734,9.330969487729776,16.153804733834015,6.0,0.0
8.0,0.23,0.28,2.7,0.048,49.0,165.0,0.9952,3.26,0.72,9.5,6,0.29696969516988064,9.545810343840088,15.686243752463229,6.0,0.0
6.7,0.27,0.33,3.6,0.034,9.0,45.0,0.99144,3.08,0.4,10.5,6,0.19999999555555567,10.590645333408645,11.166648055586572,6.0,0.0
6.7,0.44,0.22,4.3,0.032,19.0,99.0,0.99015,3.26,0.53,12.8,7,0.19191918998061425,12.927321186364505,10.151499770454892,7.0,0.0
7.0,0.34,0.3,1.8,0.045,44.0,142.0,0.9914,2.99,0.45,10.8,6,0.3098591527474708,10.893674708821154,10.937482910182952,6.0,0.0
7.3,0.26,0.33,11.8,0.057,48.0,127.0,0.99693,3.1,0.55,10.0,6,0.37795275292950586,10.030784477561637,12.372860384982395,6.0,0.0
5.8,0.17,0.34,1.8,0.045,96.0,170.0,0.99035,3.38,0.9,11.8,8,0.5647058790311419,11.914967521616074,11.372526720535841,6.850761671756622,1.1492383282433778
6.8,0.17,0.36,1.4,0.036,38.0,108.0,0.99006,3.19,0.66,12.0,6,0.3518518485939644,12.120465304663044,12.830164471387787,6.0,0.0
7.1,0.43,0.3,6.6,0.025,15.0,138.0,0.99126,3.18,0.46,12.6,6,0.1086956513862634,12.711082146881598,9.726014073953323,6.0,0.0
5.8,0.315,0.27,1.55,0.026,15.0,70.0,0.98994,3.37,0.4,11.9,8,0.21428571122448986,12.020918418370387,9.914512966644502,8.0,0.0
5.9,0.17,0.28,0.7,0.027,5.0,28.0,0.98985,3.13,0.32,10.6,5,0.17857142219387778,10.70868241785885,13.111081975373388,5.0,0.0
6.6,0.34,0.18,6.4,0.082,47.0,240.0,0.9971,3.42,0.48,9.2,5,0.19583333251736113,9.226748343447653,12.692283284070605,5.0,0.0
8.6,0.33,0.34,11.8,0.059,42.0,240.0,0.99882,3.17,0.52,10.0,6,0.17499999927083335,10.011803916817927,12.835801737609344,5.893025573109885,0.10697442689011538
5.6,0.12,0.26,4.3,0.038,18.0,97.0,0.99477,3.36,0.46,9.2,5,0.18556700839621643,9.248359672728697,14.736803324201778,5.0,0.0
5.8,0.13,0.26,5.1,0.039,19.0,103.0,0.99478,3.36,0.47,9.3,6,0.18446601762654352,9.348791342013971,14.871756739085285,5.503682357634748,0.496317642365252
7.7,0.18,0.35,5.8,0.055,25.0,144.0,0.99576,3.24,0.54,10.2,6,0.1736111099054784,10.243421865286951,14.52827447495382,6.0,0.0
7.7,0.16,0.36,5.9,0.054,25.0,148.0,0.99578,3.25,0.54,10.2,6,0.1689189177775749,10.243216128847607,14.807663831415708,6.0,0.0
6.0,0.26,0.15,1.3,0.06,51.0,154.0,0.99354,3.14,0.51,8.7,5,0.33116882901838424,8.756558612075395,14.634110648510614,5.0,0.0
7.3,0.32,0.35,1.4,0.05,8.0,163.0,0.99244,3.24,0.42,10.7,5,0.049079754300124206,10.78149733838082,10.89550612611026,5.0,0.0
7.7,0.3,0.34,1.2,0.048,4.0,119.0,0.99084,3.18,0.34,12.1,6,0.03361344509568533,12.211848318751443,12.031231201201248,5.749350002076723,0.2506499979232766
7.9,0.16,0.3,7.4,0.05,58.0,152.0,0.99612,3.12,0.37,9.5,6,0.3815789448580333,9.536993999724933,17.173875708965852,6.0,0.0
6.4,0.27,0.29,10.8,0.028,17.0,118.0,0.99356,3.18,0.37,11.2,6,0.144067795389256,11.272584169467198,11.428551020444605,6.0,0.0
6.9,0.16,0.37,1.8,0.034,36.0,95.0,0.98952,2.93,0.59,12.0,6,0.378947364432133,12.127079667839288,13.018843360672903,6.0,0.0
6.4,0.44,0.44,14.4,0.048,29.0,228.0,0.99955,3.26,0.54,8.8,7,0.1271929818982764,8.803952974885723,7.272719008273854,5.723633177298546,1.276366822701454
6.3,0.2,0.24,1.7,0.052,36.0,135.0,0.99374,3.8,0.66,10.8,6,0.266666664691358,10.8680229556796,14.318149276933461,6.0,0.0
6.2,0.29,0.32,3.6,0.026,39.0,138.0,0.9892,3.31,0.37,13.1,7,0.2826086936042848,13.243011278799758,10.16391776406924,7.0,0.0
7.6,0.39,0.32,3.6,0.035,22.0,93.0,0.99144,3.08,0.6,12.5,7,0.2365591372412996,12.607911111200767,10.704210275760175,7.0,0.0
7.0,0.36,0.32,10.05,0.045,37.0,131.0,0.99352,3.09,0.33,11.7,8,0.2824427459355516,11.776298638881311,10.294102508672783,8.0,0.0
7.0,0.36,0.32,10.5,0.045,35.0,135.0,0.9935,3.09,0.33,11.6,8,0.2592592573388203,11.67588155422088,10.294102508672783,6.849580227020837,1.1504197729791628
7.6,0.2,0.36,1.9,0.043,24.0,111.0,0.99237,3.29,0.54,11.3,6,0.2162162142683224,11.386870434545145,13.571404336777967,6.0,0.0
6.7,0.2,0.37,1.65,0.025,42.0,103.0,0.99022,3.11,0.45,11.4,5,0.40776698633235936,11.512581534829094,11.754365343218694,5.0,0.0
6.2,0.235,0.34,1.9,0.036,4.0,117.0,0.99032,3.4,0.44,12.2,5,0.03418803389582877,12.319237903669617,10.782589943321838,5.0,0.0
7.8,0.965,0.6,65.8,0.074,8.0,160.0,1.03898,3.39,0.69,11.7,6,0.049999999687500005,11.26103364739105,4.984022374426599,6.0,0.0
7.1,0.2,0.31,6.85,0.053,32.0,211.0,0.99587,3.31,0.59,10.4,6,0.15165876705374992,10.44311964099768,13.921541330311115,6.0,0.0
7.1,0.2,0.31,7.4,0.053,32.0,211.0,0.99587,3.31,0.59,10.4,6,0.15165876705374992,10.44311964099768,13.921541330311115,6.0,0.0
6.4,0.24,0.25,20.2,0.083,35.0,157.0,0.99976,3.17,0.5,9.1,5,0.2229299348857966,9.102175419925361,13.061197834290136,5.0,0.0
8.0,0.3,0.36,11.0,0.034,8.0,70.0,0.99354,3.05,0.41,12.2,6,0.11428571265306126,12.279312076703427,12.121193755767038,6.0,0.0
6.9,0.4,0.42,6.2,0.066,41.0,176.0,0.99552,3.12,0.54,9.4,5,0.2329545441309401,9.442292025984385,8.414623884605017,5.153469476708585,-0.1534694767085849
6.9,0.4,0.43,6.2,0.065,42.0,178.0,0.99552,3.11,0.53,9.4,5,0.23595505485418508,9.442292025984385,8.313242996092775,5.0,0.0
6.6,0.25,0.51,8.0,0.047,61.0,189.0,0.99604,3.22,0.49,9.2,5,0.3227513210436438,9.236567571013643,8.684199099738025,5.0,0.0
6.8,0.26,0.44,8.2,0.046,52.0,183.0,0.99584,3.2,0.51,9.4,5,0.2841530039117322,9.43925787349587,9.714271836754518,5.0,0.0
6.5,0.37,0.3,2.2,0.033,39.0,107.0,0.98894,3.22,0.53,13.5,7,0.3644859779020002,13.65096603336296,9.701478057495438,7.0,0.0
6.8,0.35,0.53,10.1,0.053,37.0,151.0,0.9963,3.07,0.4,9.4,5,0.24503311096004562,9.434899693967989,7.72726394629097,5.0,0.0
6.4,0.22,0.32,7.2,0.028,15.0,83.0,0.993,3.13,0.55,10.9,8,0.18072288938888087,10.976826810849133,11.851829904018695,8.0,0.0
6.9,0.31,0.32,1.6,0.036,34.0,114.0,0.99068,3.19,0.45,11.4,7,0.29824561141889816,11.507235931647019,10.952363567676876,7.0,0.0
6.7,0.16,0.37,1.3,0.036,45.0,125.0,0.98964,3.19,0.51,12.4,7,0.35999999712,12.529796158404917,12.641485582102675,6.352843599008441,0.6471564009915589
5.6,0.15,0.31,5.3,0.038,8.0,79.0,0.9923,3.3,0.39,10.5,6,0.10126582150296429,10.581466712217361,12.173886578507439,6.0,0.0
5.5,0.15,0.32,14.0,0.031,16.0,99.0,0.99437,3.26,0.38,11.5,8,0.16161615998367515,11.565099947605068,11.702102761483488,8.0,0.0
7.3,0.2,0.26,1.6,0.04,36.0,123.0,0.99238,3.34,0.44,10.8,6,0.2926829244497323,10.882916944197843,15.869530718411482,6.0,0.0
7.5,0.17,0.71,11.8,0.038,52.0,148.0,0.99801,3.03,0.46,8.9,5,0.35135134897735576,8.91773737964812,8.522717587820923,5.0,0.0
7.5,0.18,0.72,9.6,0.039,53.0,151.0,0.99802,3.03,0.46,8.9,5,0.35099337515898427,8.91764802544235,8.333324074084363,4.929973531812047,0.07002646818795277
7.0,0.27,0.48,6.1,0.042,60.0,184.0,0.99566,3.2,0.5,9.4,6,0.3260869547495274,9.440964344289874,9.333320888905481,6.0,0.0
5.8,0.32,0.31,2.7,0.049,25.0,153.0,0.99067,3.44,0.73,12.2,7,0.16339869174249222,12.314885567458822,9.206334593119692,6.368675150326342,0.6313248496736579
7.8,0.26,0.31,3.6,0.025,22.0,100.0,0.99066,2.99,0.47,12.1,7,0.21999999780000004,12.214067173331745,13.684186518971018,7.0,0.0
7.4,0.3,0.32,1.7,0.03,23.0,128.0,0.9929,3.17,0.66,10.9,5,0.17968749859619143,10.977932341693684,11.935464620218355,5.0,0.0
6.7,0.16,0.34,1.6,0.026,27.0,109.0,0.9934,3.34,0.58,10.1,6,0.24770641974581267,10.167092644360132,13.3999732000536,6.0,0.0
6.7,0.19,0.39,1.0,0.032,14.0,71.0,0.98912,3.31,0.38,13.0,7,0.1971830958143226,13.142982506690283,11.551704221199618,6.218175571682924,0.7818244283170763
6.6,0.36,0.24,0.9,0.038,15.0,72.0,0.99066,3.23,0.39,11.0,5,0.20833333043981486,11.103697430301587,10.999981666697222,5.0,0.0
7.2,0.17,0.41,1.6,0.052,24.0,126.0,0.99228,3.19,0.49,10.8,5,0.19047618896447469,10.884013701763916,12.413771700393621,5.383410511506262,-0.3834105115062618
6.0,0.11,0.47,10.6,0.052,69.0,148.0,0.9958,2.91,0.34,9.3,4,0.46621621306610667,9.339215365318974,10.344809750328016,4.0,0.0
6.0,0.21,0.34,2.0,0.042,63.0,123.0,0.99052,3.44,0.42,11.4,6,0.5121951177870315,11.509094708744186,10.909071074416227,6.0,0.0
6.7,0.325,0.82,1.2,0.152,49.0,120.0,0.99312,2.99,0.38,9.2,5,0.4083333299305556,9.263725165412874,5.851523273778801,5.745079649475151,-0.7450796494751506
6.6,0.4,0.46,6.2,0.056,42.0,241.0,0.9968,3.5,0.6,9.9,5,0.1742738581980338,9.931771737789187,7.674409680918974,5.0,0.0
6.5,0.2,0.24,9.2,0.044,25.0,150.0,0.99502,3.22,0.44,10.5,5,0.16666666555555557,10.552541102147593,14.772693698423414,6.140579214307173,-1.1405792143071727
7.6,0.27,0.34,5.0,0.04,18.0,56.0,0.99084,3.06,0.48,12.4,6,0.32142856568877565,12.514621417563463,12.458995968859064,6.0,0.0
7.2,0.26,0.4,6.3,0.047,52.0,172.0,0.99573,3.18,0.53,9.5,6,0.302325579637642,9.540729373696308,10.909074380190333,6.0,0.0
6.3,0.25,0.22,3.3,0.048,41.0,161.0,0.99256,3.16,0.5,10.5,6,0.2546583835114386,10.578694911446249,13.404226799517449,5.713910323407404,0.28608967659259577
6.5,0.22,0.45,8.0,0.053,52.0,196.0,0.9959,3.23,0.48,9.1,6,0.26530612109537693,9.137454425690906,9.701478057495436,6.0,0.0
6.4,0.14,0.31,1.2,0.034,53.0,138.0,0.99084,3.38,0.35,11.5,7,0.384057968231464,11.606302121127404,14.222190617354185,7.0,0.0
7.1,0.26,0.32,16.2,0.044,31.0,170.0,0.99644,3.17,0.37,11.2,5,0.18235294010380623,11.240003171286608,12.241358204554817,5.0,0.0
6.6,0.22,0.34,11.6,0.05,59.0,140.0,0.99526,3.22,0.4,10.8,5,0.4214285684183674,10.851424902613486,11.785693239833497,5.0,0.0
6.6,0.45,0.43,7.2,0.064,31.0,186.0,0.9954,3.12,0.44,9.4,5,0.16666666577060932,9.443430336115798,7.4999914772824114,5.0,0.0
6.6,0.17,0.3,1.1,0.031,13.0,73.0,0.99095,3.17,0.58,11.0,6,0.17808218934133987,11.100447953531507,14.042523313780185,6.0,0.0
7.2,0.44,0.28,3.4,0.048,22.0,112.0,0.99188,3.21,0.37,11.3,7,0.19642856967474492,11.392495672363923,9.9999861111304,5.811320500447776,1.188679499552224
6.2,0.15,0.27,1.4,0.041,51.0,117.0,0.9909,3.28,0.38,11.2,6,0.4358974321718168,11.302844582859437,14.761869614596156,6.0,0.0
7.3,0.26,0.3,9.3,0.05,35.0,154.0,0.99581,3.21,0.5,10.4,6,0.22727272579693036,10.44374886399126,13.035691007694627,6.0,0.0
6.9,0.15,0.29,2.3,0.033,14.0,82.0,0.99132,3.1,0.58,11.2,7,0.17073170523497921,11.298055826518352,15.681782541403319,6.019075932190346,0.9809240678096538
5.8,0.22,0.29,0.9,0.034,34.0,89.0,0.98936,3.14,0.36,11.1,7,0.38202246761772507,11.219362800838116,11.372526720535841,6.469510066721328,0.5304899332786723
6.5,0.37,0.33,3.5,0.036,23.0,92.0,0.99136,3.18,0.38,11.2,6,0.24999999728260874,11.2975999661072,9.285701020427114,6.0,0.0
5.5,0.375,0.38,1.7,0.036,17.0,98.0,0.99142,3.29,0.39,10.5,6,0.17346938598500627,10.590858979182405,7.284758563233691,6.0,0.0
5.9,0.2,0.4,1.3,0.047,23.0,92.0,0.99232,3.2,0.45,10.0,6,0.24999999728260874,10.077384233529271,9.833316944471758,5.716986877550785,0.2830131224492147
5.9,0.22,0.38,1.3,0.046,24.0,90.0,0.99232,3.2,0.47,10.0,6,0.26666666370370373,10.077384233529271,9.83331694447176,6.0,0.0
8.0,0.22,0.31,5.6,0.049,24.0,97.0,0.993,3.1,0.42,10.9,5,0.2474226778616219,10.976826810849133,15.094311142809163,6.1058308403255035,-1.1058308403255035
6.5,0.22,0.29,7.4,0.028,16.0,87.0,0.99311,3.15,0.56,10.9,7,0.18390804386312593,10.975610984069252,12.745073048876375,7.0,0.0
5.8,0.2,0.34,1.0,0.035,40.0,86.0,0.98993,3.5,0.42,11.7,5,0.4651162736614387,11.819005567054672,10.740720850516942,5.0,0.0
6.6,0.31,0.07,1.5,0.033,55.0,144.0,0.99208,3.16,0.42,10.0,5,0.3819444417920525,10.07982211129938,17.368375346380667,5.0,0.0
7.7,0.43,0.37,10.0,0.169,22.0,210.0,0.99776,3.02,0.64,9.5,5,0.10476190426303855,9.521318231520373,9.624987968765039,5.0,0.0
6.7,0.24,0.29,14.9,0.053,55.0,136.0,0.99839,3.03,0.52,9.0,5,0.40441176173226645,9.014504337479003,12.641485582102675,5.0,0.0
7.3,0.23,0.34,9.3,0.052,19.0,86.0,0.99574,3.04,0.56,10.0,5,0.22093022998918338,10.042772166657796,12.806995075447233,5.0,0.0
7.9,0.2,0.39,1.0,0.041,37.0,154.0,0.99093,3.08,0.43,11.9,5,0.2402597386996121,12.00890879385144,13.38980781388506,5.956458187692124,-0.9564581876921237
5.3,0.16,0.39,1.0,0.028,40.0,101.0,0.99156,3.57,0.59,10.6,6,0.3960396000392119,10.69021472203929,9.636346115734334,6.0,0.0
6.4,0.21,0.28,5.9,0.047,29.0,101.0,0.99278,3.15,0.4,11.0,6,0.2871287100284286,11.079986421980275,13.061197834290136,6.0,0.0
6.9,0.33,0.26,5.0,0.027,46.0,143.0,0.9924,3.25,0.43,11.2,7,0.32167831942882297,11.285760493993859,11.694895432380621,7.0,0.0
5.6,0.18,0.58,1.25,0.034,29.0,129.0,0.98984,3.51,0.6,12.0,7,0.2248061998077039,12.123159174049164,7.368411357353477,7.0,0.0
6.6,0.29,0.31,3.9,0.027,39.0,96.0,0.99035,3.24,0.6,12.6,8,0.40624999576822923,12.722761929861232,10.999981666697222,8.0,0.0
6.6,0.21,0.36,0.8,0.034,48.0,113.0,0.99165,3.24,0.68,10.5,6,0.42477875730284287,10.588402573082666,11.578927054513938,6.3871108527879,-0.3871108527878997
7.3,0.21,0.33,1.0,0.037,66.0,144.0,0.9923,3.11,0.52,10.2,6,0.458333330150463,10.279139091868293,13.518493484271323,6.0,0.0
5.1,0.11,0.32,1.6,0.028,12.0,90.0,0.99008,3.57,0.52,12.2,6,0.13333333185185187,12.322224141257129,11.8604375338662,6.2362245273297185,-0.23622452732971855
6.5,0.15,0.32,1.3,0.036,19.0,76.0,0.98964,3.18,0.41,12.3,6,0.24999999671052636,12.428749415191975,13.82975780902594,6.0,0.0
5.6,0.19,0.46,1.1,0.032,33.0,115.0,0.9909,3.36,0.5,10.4,6,0.28695651924385635,10.49549854122662,8.615371360967135,6.0,0.0
6.7,0.48,0.32,1.4,0.021,22.0,121.0,0.9889,3.15,0.53,12.7,7,0.18181818031555222,12.842539344181064,8.374989531263086,7.0,0.0
6.2,0.23,0.23,1.2,0.018,18.0,128.0,0.99178,3.05,0.28,10.6,5,0.1406249989013672,10.687843384779502,13.478231569061807,5.0,0.0
6.0,0.17,0.29,5.0,0.028,25.0,108.0,0.99076,3.14,0.34,12.3,6,0.23148147933813445,12.414699407828932,13.043449905543685,6.0,0.0
6.7,0.15,0.38,1.7,0.037,20.0,84.0,0.99046,3.09,0.53,11.4,6,0.238095235260771,11.50979190498162,12.641485582102675,6.0,0.0
4.2,0.17,0.36,1.8,0.029,93.0,161.0,0.98999,3.65,0.89,12.0,7,0.5776397479649705,12.121322315051348,7.924513349974811,7.014149983619258,-0.014149983619257789
5.8,0.21,0.32,1.6,0.045,38.0,95.0,0.98946,3.23,0.94,12.4,8,0.39999999578947376,12.532075544159902,10.943375578536642,8.0,0.0
5.4,0.23,0.36,1.5,0.03,74.0,121.0,0.98976,3.24,0.99,12.1,7,0.6115702428795848,12.225173551998916,9.152526860123967,7.0,0.0
6.4,0.22,0.31,13.9,0.04,57.0,135.0,0.99672,3.21,0.38,10.7,5,0.42222221909465024,10.735200723171276,12.075448914247332,5.637716926830455,-0.6377169268304552
6.5,0.15,0.55,5.9,0.045,75.0,162.0,0.99482,2.97,0.4,9.3,5,0.4629629601051669,9.348415443582313,9.285701020427112,5.703146345823825,-0.703146345823825
5.9,0.32,0.33,2.1,0.027,35.0,138.0,0.98945,3.37,0.42,12.7,6,0.2536231865679479,12.835400641365766,9.076909112447519,6.0,0.0
5.7,0.37,0.3,1.1,0.029,24.0,88.0,0.98883,3.18,0.39,11.7,6,0.27272726962809923,11.832153320435948,8.507449988880614,6.0,0.0
7.9,0.25,0.35,6.7,0.039,22.0,64.0,0.99362,2.93,0.49,10.7,5,0.3437499946289064,10.76869349580977,13.166644722258797,5.0,0.0
7.2,0.21,0.28,2.7,0.033,38.0,94.0,0.99075,2.99,0.43,11.8,7,0.4042553148483477,11.910157042485952,14.693847563576401,6.246749513841395,0.7532504861586053
7.0,0.24,0.3,6.7,0.039,37.0,125.0,0.99436,3.2,0.39,9.9,5,0.295999997632,9.956142688621135,12.962938957520448,5.0,0.0
6.8,0.475,0.33,3.95,0.047,16.0,81.0,0.98988,3.23,0.53,13.4,7,0.19753086175887827,13.536980707782046,8.447194475534813,7.0,0.0
7.0,0.28,0.32,7.75,0.032,30.0,114.0,0.99158,3.12,0.64,12.8,7,0.26315789242843957,12.908678161441173,11.666647222254626,7.0,0.0
6.9,0.4,0.3,10.6,0.033,24.0,87.0,0.99265,3.15,0.45,12.8,6,0.2758620657946889,12.894763617827413,9.857128775530322,7.08938449302084,-1.08938449302084
6.6,0.41,0.31,1.6,0.042,18.0,101.0,0.99195,3.13,0.41,10.5,5,0.17821782001764536,10.585200277029813,9.166653935202866,5.0,0.0
6.4,0.2,0.28,2.5,0.032,24.0,84.0,0.99168,3.31,0.55,11.5,5,0.2857142823129252,11.596471042603417,13.333305555613427,6.0811190359977925,-1.0811190359977925
8.5,0.22,0.34,0.7,0.04,5.0,25.0,0.9918,3.04,0.37,10.5,4,0.19999999200000032,10.586801182898585,15.17854432402799,4.0,0.0
8.4,0.36,0.36,11.1,0.032,21.0,132.0,0.99313,2.95,0.39,13.0,6,0.15909090788567495,13.08991462354916,11.66665046298547,6.0,0.0
5.2,0.285,0.29,5.15,0.035,64.0,138.0,0.9895,3.19,0.34,12.4,8,0.4637681125813905,12.531568942325475,9.043462533108638,8.0,0.0
6.9,0.2,0.3,4.7,0.041,40.0,148.0,0.9932,3.16,0.35,10.2,6,0.27027026844411983,10.269824537027247,13.7999724000552,5.62393771240487,0.37606228759513005
6.7,0.42,0.46,9.7,0.054,67.0,234.0,0.99848,3.23,0.5,9.0,5,0.28632478510117615,9.01369179784092,7.613627711786691,5.0,0.0
6.2,0.16,0.34,1.7,0.038,85.0,153.0,0.9909,3.33,0.86,12.0,7,0.5555555519244735,12.110190624492255,12.3999752000496,7.0,0.0
6.4,0.125,0.36,1.4,0.044,22.0,68.0,0.99014,3.15,0.5,11.7,7,0.3235294070069205,11.816498862283249,13.195849080723546,7.0,0.0
6.4,0.44,0.26,2.0,0.054,20.0,180.0,0.9952,3.58,0.57,10.0,5,0.11111111049382716,10.048221414568514,9.142844081651313,5.0,0.0
7.0,0.31,0.39,7.5,0.055,42.0,218.0,0.99652,3.37,0.54,10.3,5,0.1926605495749516,10.335958800667523,9.999985714306122,5.0,0.0
8.6,0.18,0.28,0.8,0.032,25.0,78.0,0.99104,2.99,0.38,11.1,5,0.32051281640368184,11.20034388082834,18.69561153127928,5.0,0.0
6.2,0.21,0.26,13.1,0.05,59.0,150.0,0.99772,3.31,0.46,9.0,5,0.39333333071111115,9.020557851343211,13.191461294763204,5.0,0.0
6.1,0.16,0.37,1.1,0.031,37.0,97.0,0.9922,3.4,0.58,10.5,6,0.3814432950366671,10.582533176241508,11.509412246391985,6.0,0.0
6.5,0.22,0.32,2.2,0.028,36.0,92.0,0.99076,3.27,0.59,11.9,7,0.3913043435727789,12.010969345785714,12.037014746268987,7.0,0.0
6.2,0.36,0.14,8.9,0.036,38.0,155.0,0.99622,3.27,0.5,9.4,5,0.2451612887408949,9.435657349122334,12.3999752000496,5.0,0.0
5.7,0.21,0.25,1.1,0.035,26.0,81.0,0.9902,3.31,0.52,11.4,6,0.32098765035817717,11.512814065023163,12.391277410266502,6.0,0.0
6.4,0.25,0.32,0.9,0.034,40.0,114.0,0.99114,3.31,0.58,10.8,7,0.35087718990458605,10.896532380357588,11.228050477104425,7.0,0.0
7.6,0.31,0.26,1.7,0.073,40.0,157.0,0.9938,3.1,0.46,9.8,5,0.2547770684409104,9.861129139535985,13.333309941561502,5.0,0.0
6.6,0.26,0.46,6.9,0.047,59.0,183.0,0.99594,3.2,0.45,9.3,5,0.322404369822927,9.337902546435984,9.166653935202866,5.0,0.0
6.2,0.2,0.31,1.0,0.031,22.0,73.0,0.99035,3.24,0.52,11.3,6,0.3013698588853444,11.410096016462852,12.156838908159003,6.0,0.0
6.2,0.18,0.3,1.0,0.031,23.0,73.0,0.99032,3.23,0.52,11.3,6,0.31506848883467825,11.41044166487432,12.916639757000508,6.0,0.0
6.1,0.37,0.2,7.6,0.031,49.0,170.0,0.99558,3.22,0.48,9.5,5,0.28823529242214535,9.542166835244947,10.701735610990154,5.079936796990289,-0.07993679699028888
7.7,0.18,0.3,1.2,0.046,49.0,199.0,0.99413,3.03,0.38,9.3,5,0.24623115454155198,9.35490393117205,16.041633246597407,5.830966222750197,-0.830966222750197
6.9,0.14,0.38,1.0,0.041,22.0,81.0,0.99043,3.03,0.54,11.4,6,0.2716049349184576,11.510140534777284,13.269205251528362,6.488298006328068,-0.4882980063280682
6.0,0.44,0.26,3.1,0.053,57.0,128.0,0.98982,3.22,0.39,12.7,6,0.44531249652099614,12.830602704933517,8.571416326548105,7.342827566006901,-1.3428275660069007
7.1,0.36,0.4,1.95,0.033,26.0,118.0,0.98934,3.2,0.45,13.5,7,0.22033898118356796,13.645446817629109,9.3420929709303,6.361538778233507,0.6384612217664927
5.7,0.28,0.28,2.2,0.019,15.0,65.0,0.9902,3.06,0.52,11.2,6,0.23076922721893497,11.310834870899948,10.178553252583477,6.0,0.0
6.4,0.16,0.32,8.75,0.038,38.0,118.0,0.99449,3.19,0.41,10.7,5,0.32203389557598394,10.75927283404274,13.333305555613428,5.0,0.0
7.4,0.28,0.4,11.9,0.032,13.0,92.0,0.99629,3.01,0.46,10.8,4,0.14130434629017016,10.840206325260391,10.882336937739797,5.586155077011868,-1.5861550770118678
6.7,0.39,0.31,2.7,0.054,27.0,202.0,0.9948,3.46,0.57,10.5,6,0.13366336567493384,10.554874794054287,9.571414897978718,5.092111883873843,0.9078881161261574
6.5,0.44,0.47,5.45,0.014,44.0,137.0,0.98984,3.13,0.32,13.0,8,0.32116788086738773,13.13342243855326,7.142849293572206,8.0,0.0
6.9,0.22,0.31,6.3,0.029,41.0,131.0,0.99326,3.08,0.49,10.8,6,0.3129770968475031,10.873275000226526,13.018843360672903,6.0,0.0
6.6,0.22,0.29,14.4,0.046,39.0,118.0,0.99834,3.05,0.5,9.1,6,0.3305084717753519,9.115121987377059,12.941151095782164,6.0,0.0
7.7,0.25,0.3,7.8,0.038,67.0,196.0,0.99555,3.1,0.5,10.1,5,0.3418367329498126,10.14513570876831,13.999974545500825,5.0,0.0
5.2,0.155,0.33,1.6,0.028,13.0,59.0,0.98975,3.3,0.84,11.9,8,0.22033897931628849,12.023226043722108,10.72162737808788,8.0,0.0
7.0,0.31,0.31,9.1,0.036,45.0,140.0,0.99216,2.98,0.31,12.0,7,0.3214285691326531,12.094811225194297,11.290304370476822,7.0,0.0
5.6,0.21,0.4,1.3,0.041,81.0,147.0,0.9901,3.22,0.95,11.6,8,0.5510204044148271,11.715976450887334,9.180312819159312,8.0,0.0
6.4,0.25,0.32,11.3,0.038,69.0,192.0,0.99573,3.14,0.5,10.2,6,0.35937499812825524,10.243730485442352,11.228050477104425,6.0,0.0
5.3,0.21,0.29,0.7,0.028,11.0,66.0,0.99215,3.3,0.4,9.8,5,0.16666666414141418,9.877528722946407,10.599978800042399,5.0,0.0
7.1,0.27,0.28,1.25,0.023,3.0,89.0,0.98993,2.95,0.3,11.4,4,0.03370786478979927,11.5159541422584,12.909067438059202,4.0,0.0
5.2,0.17,0.27,0.7,0.03,11.0,68.0,0.99218,3.3,0.41,9.8,5,0.16176470350346026,9.877230061853634,11.81815495873873,5.0,0.0
7.0,0.12,0.29,10.3,0.039,41.0,98.0,0.99564,3.19,0.38,9.8,8,0.418367342669721,9.842905223870854,17.07312908992905,8.0,0.0
7.1,0.29,0.34,7.8,0.036,49.0,128.0,0.99397,3.21,0.4,10.7,6,0.3828124970092774,10.764901591696336,11.269823381232728,6.0,0.0
7.2,0.3,0.3,8.7,0.022,14.0,111.0,0.99576,3.11,0.61,10.6,5,0.12612612498985473,10.645124683533497,11.999980000033334,5.0,0.0
6.8,0.26,0.46,8.3,0.037,49.0,173.0,0.99601,3.17,0.47,9.3,5,0.2832369925824451,9.337246275392541,9.444431327178712,5.0,0.0
4.9,0.33,0.31,1.2,0.016,39.0,150.0,0.98713,3.33,0.59,14.0,8,0.2599999982666667,14.18251478273907,7.656238037128067,8.0,0.0
5.1,0.29,0.28,8.3,0.026,27.0,107.0,0.99308,3.36,0.37,11.0,6,0.2523364462398463,11.07663926708899,8.947352723942588,6.0,0.0
6.8,0.26,0.48,6.2,0.049,55.0,182.0,0.99582,3.21,0.45,9.4,6,0.3021978005373747,9.4394474508973,9.18917677138274,6.0,0.0
6.0,0.28,0.52,5.0,0.078,30.0,139.0,0.99494,3.1,0.36,9.0,6,0.21582733657678174,9.045762512550995,7.499990625011718,5.092096782710447,0.9079032172895527
6.0,0.28,0.25,1.8,0.042,8.0,108.0,0.9929,3.08,0.55,9.0,5,0.07407407338820303,9.064347805068179,11.320733357106873,5.0,0.0
7.2,0.2,0.22,1.6,0.044,17.0,101.0,0.99471,3.37,0.53,10.0,5,0.16831683001666506,10.053171222596312,17.142816326627795,5.0,0.0
6.1,0.27,0.25,1.8,0.041,9.0,109.0,0.9929,3.08,0.54,9.0,5,0.08256880658193756,9.064347805068179,11.730746671641015,5.11213884713359,-0.11213884713358979
6.4,0.29,0.3,2.9,0.036,25.0,79.0,0.99037,3.29,0.6,12.4,7,0.3164556921967634,12.52056047683141,10.847439241628404,7.0,0.0
7.4,0.35,0.24,6.0,0.042,28.0,123.0,0.99304,3.14,0.44,11.3,5,0.22764227457201403,11.379187767675251,12.542351623132843,5.0,0.0
8.1,0.12,0.38,0.9,0.034,36.0,86.0,0.99026,2.8,0.55,12.0,6,0.4186046462952948,12.118017371177901,16.1999676000648,6.0,0.0
6.4,0.12,0.3,1.1,0.031,37.0,94.0,0.98986,3.01,0.56,11.7,6,0.3936170170891807,11.819841371667334,15.238058957002485,6.0,0.0
7.3,0.4,0.26,5.45,0.016,26.0,90.0,0.98951,2.84,0.54,13.2,7,0.2888888856790124,13.339922446541776,11.06058930213742,6.957963606961661,0.04203639303833917
7.7,0.11,0.34,14.05,0.04,41.0,114.0,0.99634,3.07,0.59,11.0,7,0.3596491196522007,11.040396811934869,17.111073086504252,7.0,0.0
6.9,0.23,0.41,8.0,0.03,30.0,114.0,0.99368,3.22,0.54,11.0,6,0.26315789242843957,11.06995102049853,10.781233154323196,6.0,0.0
6.9,0.38,0.38,13.1,0.112,14.0,94.0,0.99792,3.02,0.48,9.2,5,0.14893616862833864,9.219166647460069,9.078935422453391,5.370314649376616,-0.37031464937661607
7.5,0.38,0.29,4.9,0.021,38.0,113.0,0.99026,3.08,0.48,13.0,7,0.3362831828647506,13.127852152109392,11.194013143263966,7.0,0.0
5.8,0.19,0.24,1.3,0.044,38.0,128.0,0.99362,3.77,0.6,10.6,5,0.2968749976806641,10.668051500521829,13.488340724789012,5.0,0.0
5.5,0.34,0.26,2.2,0.021,31.0,119.0,0.98919,3.55,0.49,13.0,8,0.26050419949156134,13.142052444876672,9.16665138891435,6.382777531979958,1.6172224680200422
6.6,0.23,0.3,14.9,0.051,33.0,118.0,0.99835,3.04,0.54,9.0,6,0.27966101457914394,9.01486551323132,12.452806692817559,6.0,0.0
8.4,0.31,0.31,0.95,0.021,52.0,148.0,0.99038,2.93,0.32,11.5,5,0.35135134897735576,11.611692873752625,13.548365244572187,5.0,0.0
6.7,0.2,0.3,1.4,0.025,17.0,76.0,0.99104,3.11,0.44,11.0,6,0.22368420758310253,11.09943988190196,13.3999732000536,6.0,0.0
7.3,0.26,0.24,1.7,0.05,10.0,112.0,0.99286,3.11,0.43,9.9,5,0.08928571348852042,9.971184284607816,14.599970800058399,5.0,0.0
6.3,0.22,0.22,5.6,0.039,31.0,128.0,0.99296,3.12,0.46,10.4,6,0.24218749810791018,10.473724547086945,14.318149276933461,5.910693183193369,0.08930681680663088
7.5,0.19,0.4,7.1,0.056,50.0,110.0,0.9954,3.06,0.52,9.9,6,0.4545454504132232,9.945740460377275,12.711842861283284,6.0,0.0
8.0,0.14,0.33,1.2,0.045,71.0,162.0,0.9914,3.07,0.47,11.0,6,0.43827160223289136,11.095409425651175,17.021240380339616,6.0,0.0
6.8,0.32,0.39,9.6,0.026,34.0,124.0,0.99286,3.18,0.35,12.1,6,0.2741935461758585,12.187003014520663,9.577451299364366,6.0,0.0
6.6,0.23,0.2,11.4,0.044,45.0,131.0,0.99604,2.96,0.51,9.7,6,0.3435114477594546,9.738554939003514,15.348801514415081,6.108127162814338,-0.10812716281433765
6.7,0.36,0.26,7.9,0.034,39.0,123.0,0.99119,2.99,0.3,12.2,7,0.3170731681538767,12.30842491507691,10.806434183170673,7.285203647655932,-0.28520364765593165
6.1,0.38,0.42,5.0,0.016,31.0,113.0,0.99007,3.15,0.31,12.4,7,0.274336280758086,12.524354313983542,7.624990468761913,7.0,0.0
8.5,0.23,0.28,11.1,0.033,30.0,97.0,0.99507,3.03,0.39,10.5,7,0.30927834732702736,10.552010861536512,16.66663398699218,7.0,0.0
7.0,0.2,0.31,8.0,0.05,29.0,213.0,0.99596,3.28,0.57,10.4,6,0.13615023410258106,10.442175948656624,13.725463283405325,6.0,0.0
6.0,0.26,0.32,3.8,0.029,48.0,180.0,0.99011,3.15,0.34,12.0,6,0.26666666518518517,12.119853228577401,10.344809750328015,6.643816074322153,-0.643816074322153
6.9,0.3,0.3,10.55,0.037,4.0,28.0,0.99184,3.07,0.32,12.7,6,0.14285713775510223,12.804471684473619,11.499980833365278,5.76530304513126,0.2346969548687401
6.7,0.18,0.28,10.2,0.039,29.0,115.0,0.99469,3.11,0.45,10.9,7,0.25217391085066165,10.958176961488544,14.565185727857115,7.0,0.0
6.8,0.18,0.28,9.8,0.039,29.0,113.0,0.99406,3.11,0.45,10.9,7,0.2566371658704676,10.96512185871893,14.782576559616174,7.0,0.0
7.2,0.19,0.31,6.3,0.034,17.0,103.0,0.99305,3.15,0.52,11.4,7,0.16504854208690736,11.479772942175176,14.3999712000576,7.0,0.0
6.2,0.16,0.32,1.1,0.036,74.0,184.0,0.99096,3.22,0.41,11.0,6,0.4021739108577505,11.100335936530298,12.916639757000508,5.878358722968666,0.1216412770313342
5.0,0.27,0.32,4.5,0.032,58.0,178.0,0.98956,3.45,0.31,12.6,7,0.32584269479863653,12.732918940823254,8.474561907522189,6.862916071913458,0.13708392808654235
6.3,0.37,0.28,6.3,0.034,45.0,152.0,0.9921,3.29,0.46,11.6,7,0.2960526296312327,11.69235793533118,9.692292781088028,7.0,0.0
6.6,0.2,0.27,10.9,0.038,29.0,130.0,0.99496,3.11,0.44,10.5,7,0.22307692136094676,10.553177461227124,14.042523313780183,7.0,0.0
6.6,0.28,0.34,0.8,0.037,42.0,119.0,0.9888,3.03,0.37,12.5,6,0.352941173504696,12.641572975755485,10.645144120735287,6.0,0.0
6.5,0.35,0.36,0.8,0.034,32.0,111.0,0.98942,3.11,0.5,12.1,8,0.28828828569109655,12.229374553400422,9.154916683215939,8.0,0.0
6.9,0.25,0.33,1.2,0.035,35.0,158.0,0.99082,3.02,0.58,11.3,6,0.22151898593975325,11.404683590678841,11.896531212877218,6.0,0.0
6.0,0.32,0.3,1.3,0.025,18.0,112.0,0.98802,3.07,0.64,13.3,7,0.16071428427933676,13.461252341802451,9.67740374612299,7.0,0.0
6.3,0.18,0.36,1.2,0.034,26.0,111.0,0.99074,3.16,0.51,11.0,6,0.23423423212401592,11.102800832911932,11.666645061768403,6.0,0.0
6.9,0.3,0.36,0.9,0.037,40.0,156.0,0.98968,3.08,0.36,12.1,6,0.25641025476660095,12.226161763234819,10.45452961434907,6.0,0.0
5.0,0.3,0.33,3.7,0.03,54.0,173.0,0.9887,3.36,0.3,13.0,7,0.3121387265194293,13.148565643202545,7.936495338896287,7.0,0.0
6.5,0.2,0.5,18.1,0.054,50.0,221.0,0.99941,2.94,0.64,8.8,6,0.22624434286767267,8.80518625470402,9.285701020427114,6.0,0.0
6.7,0.25,0.31,1.35,0.061,30.5,218.0,0.99388,3.16,0.53,9.5,5,0.13990825623895295,9.558488390461232,11.964264349527946,5.0,0.0
6.6,0.22,0.36,5.5,0.029,30.0,105.0,0.99206,3.2,0.47,11.8,6,0.2857142829931973,11.894429878807856,11.379290725360818,6.538097626338212,-0.538097626338212
6.8,0.25,0.37,3.1,0.026,29.0,93.0,0.99035,3.14,0.45,12.2,6,0.3118279536362586,12.318864725738651,10.967724245606055,6.0,0.0
7.0,0.13,0.37,12.85,0.042,36.0,105.0,0.99581,3.05,0.55,10.7,6,0.3428571395918368,10.745010850452545,13.999972000056,6.0,0.0
7.0,0.45,0.34,19.8,0.04,12.0,67.0,0.9976,3.07,0.38,11.0,6,0.17910447493873918,11.026452459450221,8.860748277533824,6.0,0.0
7.2,0.32,0.3,8.25,0.02,14.0,104.0,0.99362,2.99,0.44,11.4,6,0.13461538332100592,11.473187462825363,11.612884495347588,6.0,0.0
5.9,0.34,0.3,3.8,0.035,57.0,135.0,0.99016,3.09,0.34,12.0,6,0.42222221909465024,12.119241214307571,9.218735595725631,6.0,0.0
6.8,0.22,0.31,6.9,0.037,33.0,121.0,0.99176,3.02,0.39,11.9,8,0.27272727047332834,11.998858595972216,12.830164471387787,8.0,0.0
8.4,0.32,0.35,11.7,0.029,3.0,46.0,0.99439,3.02,0.34,11.8,6,0.06521738988657848,11.866559532417329,12.537294720455643,6.0,0.0
6.8,0.27,0.29,4.6,0.046,6.0,88.0,0.99458,3.34,0.48,10.6,4,0.06818181740702481,10.657754370936102,12.142835459222391,4.0,0.0
8.0,0.74,0.21,4.0,0.05,24.0,133.0,0.99418,3.06,0.38,9.7,5,0.18045112646277348,9.756774671815293,8.42104376732235,4.8955882658094,0.10441173419059968
5.4,0.22,0.29,1.2,0.045,69.0,152.0,0.99178,3.76,0.63,11.0,7,0.4539473654345568,11.091158229488164,10.58821453291268,6.062903796354626,0.9370962036453738
8.4,0.22,0.3,8.9,0.024,17.0,118.0,0.99456,2.99,0.34,10.5,6,0.144067795389256,10.5574218172641,16.153815088817137,6.0,0.0
7.4,0.32,0.22,11.7,0.035,44.0,150.0,0.99578,3.1,0.45,10.4,5,0.2933333313777778,10.44406350392305,13.703678326521617,5.822228598990822,-0.8222285989908222
7.5,0.18,0.37,6.2,0.05,21.0,138.0,0.99546,3.2,0.55,10.5,6,0.15217391194076876,10.547876812853541,13.636338843020283,6.06194804597251,-0.06194804597251036
7.1,0.47,0.29,14.8,0.024,22.0,142.0,0.99518,3.12,0.48,12.0,8,0.1549295763737354,12.05810802256072,9.3420929709303,6.16356512975744,1.8364348702425604
5.8,0.19,0.25,10.8,0.042,33.0,124.0,0.99646,3.22,0.41,9.2,6,0.2661290301118627,9.232674434824844,13.181788223208583,6.0,0.0
6.7,0.14,0.46,1.6,0.036,15.0,92.0,0.99264,3.37,0.49,10.9,5,0.16304347648865786,10.980807764337762,11.166648055586572,5.0,0.0
6.8,0.24,0.38,8.3,0.045,50.0,185.0,0.99578,3.15,0.5,9.5,6,0.2702702688093499,9.540250316083556,10.967724245606055,6.0,0.0
6.9,0.25,0.47,8.4,0.042,36.0,156.0,0.99604,3.15,0.55,9.4,6,0.23076922928994084,9.437362518209591,9.583320023166635,6.0,0.0
6.0,0.24,0.33,2.5,0.026,31.0,85.0,0.99014,3.13,0.5,11.3,7,0.3647058780622838,11.412515995196644,10.526297322285398,7.0,0.0
6.8,0.29,0.34,3.5,0.054,26.0,189.0,0.99489,3.42,0.58,10.4,5,0.1375661368382744,10.453406453571295,10.79363366089895,5.245730292821936,-0.2457302928219356
6.3,0.33,0.42,17.2,0.037,57.0,170.0,0.99884,3.26,0.57,9.4,6,0.3352941156747405,9.410907241492891,8.399988800014933,6.0,0.0
6.5,0.23,0.45,2.1,0.027,43.0,104.0,0.99054,3.02,0.52,11.3,6,0.4134615344859468,11.407907396059326,9.55880947233901,6.0,0.0
6.3,0.27,0.29,12.2,0.044,59.0,196.0,0.99782,3.14,0.4,8.8,6,0.3010204066274469,8.819217074004255,11.249979910750158,6.0,0.0
6.3,0.2,0.37,11.8,0.045,58.0,130.0,0.99519,3.2,0.35,10.8,5,0.4461538427218935,10.85218817292359,11.052612188399667,5.0,0.0
6.2,0.33,0.41,16.8,0.037,58.0,173.0,0.99882,3.25,0.57,9.4,6,0.3352601136690167,9.411095681808852,8.378367056260736,6.0,0.0
7.2,0.21,1.0,1.1,0.154,46.0,114.0,0.9931,2.95,0.43,9.2,6,0.403508768390274,9.263911727004604,5.950408305447682,6.0,0.0
6.0,0.27,0.3,14.7,0.044,15.0,144.0,0.99666,3.12,0.53,10.3,6,0.10416666594328704,10.33450691860121,10.526297322285398,5.611083949589421,0.38891605041057886
5.7,0.12,0.26,5.5,0.034,21.0,99.0,0.99324,3.09,0.57,9.9,6,0.21212120997857364,9.967369450113315,14.999960526419668,6.0,0.0
6.9,0.24,0.37,6.1,0.027,38.0,112.0,0.99086,3.19,0.34,12.4,6,0.3392857112563776,12.514368816615045,11.311456866464153,6.0,0.0
7.7,0.18,0.53,1.2,0.041,42.0,167.0,0.9908,3.11,0.44,11.9,5,0.25149700448205387,12.010484446422641,10.845055147809651,5.0,0.0
7.1,0.17,0.43,1.3,0.023,33.0,132.0,0.99067,3.11,0.56,11.7,6,0.24999999810606063,11.810177142562969,11.83331361114398,6.105023401600221,-0.10502340160022072
7.5,0.33,0.38,8.7,0.126,49.0,199.0,0.99711,2.98,0.57,9.4,5,0.24623115454155198,9.427235282731813,10.5633654037107,5.0,0.0
6.2,0.255,0.24,1.7,0.039,138.5,272.0,0.99452,3.53,0.53,9.6,4,0.5091911745985619,9.652888174307028,12.52522722176319,4.0,0.0
5.6,0.2,0.66,10.2,0.043,78.0,175.0,0.9945,2.98,0.43,10.4,7,0.44571428316734696,10.457505824529084,6.5116203353251905,7.0,0.0
7.6,0.17,0.36,4.5,0.042,26.0,102.0,0.99427,3.09,0.47,9.5,5,0.2549019582852749,9.554739100305651,14.339595585668704,5.0,0.0
5.8,0.15,0.31,5.9,0.036,7.0,73.0,0.99152,3.2,0.43,11.9,6,0.09589040964533686,12.0017629480364,12.608668242025562,6.0,0.0
6.3,0.25,0.44,1.7,0.024,36.0,116.0,0.98935,3.18,0.4,12.5,6,0.3103448249108205,12.634545272608003,9.130421550113695,6.0,0.0
6.9,0.28,0.41,1.4,0.016,6.0,55.0,0.98876,3.16,0.4,13.4,5,0.10909090710743806,13.552314462241128,9.999985507267382,5.0,0.0
7.2,0.27,0.37,5.4,0.026,27.0,114.0,0.99174,3.13,0.84,12.7,5,0.2368421031855956,12.80576279492327,11.249982421902466,5.0,0.0
6.2,0.25,0.38,7.9,0.045,54.0,208.0,0.99572,3.17,0.46,9.1,5,0.2596153833672337,9.139106235582055,9.841254220231397,5.0,0.0
8.5,0.19,0.48,1.1,0.026,23.0,58.0,0.99184,2.9,0.5,10.5,6,0.3965517173008325,10.586374227320709,12.686548229032494,6.0,0.0
6.2,0.25,0.54,7.0,0.046,58.0,176.0,0.99454,3.19,0.7,10.4,5,0.3295454526730372,10.457085228261077,7.84809133152996,5.0,0.0
6.8,0.28,0.43,7.6,0.03,30.0,110.0,0.99164,3.08,0.59,12.5,8,0.2727272702479339,12.605368273397328,9.577451299364366,8.0,0.0
7.4,0.21,0.8,12.3,0.038,77.0,183.0,0.99778,2.95,0.48,9.0,5,0.42076502502314195,9.020015414204119,7.326725419083744,5.0,0.0
7.0,0.15,0.38,15.3,0.045,54.0,120.0,0.9975,3.18,0.42,9.8,6,0.44999999625000003,9.824551554334281,13.207522249958018,6.0,0.0
7.3,0.28,0.42,1.2,0.033,29.0,142.0,0.99205,3.17,0.43,10.7,4,0.20422535067446937,10.785735813985369,10.428556530633527,4.0,0.0
6.1,0.18,0.38,2.3,0.033,28.0,111.0,0.98962,3.16,0.49,12.4,6,0.25225224997970946,12.530049382541396,10.892837691361263,6.0,0.0
7.0,0.53,0.43,6.1,0.029,6.0,76.0,0.99118,3.08,0.5,12.5,8,0.07894736738227148,12.611218334491884,7.291659071188468,8.0,0.0
6.5,0.36,0.38,10.2,0.028,20.0,82.0,0.99274,3.1,0.43,12.1,7,0.2439024360499703,12.188476148360952,8.783771913821738,7.0,0.0
7.5,0.25,0.47,4.1,0.041,95.0,163.0,0.99184,2.92,0.59,11.3,6,0.5828220823139749,11.392955120830859,10.416652199094168,6.0,0.0
6.7,0.24,0.41,2.9,0.039,48.0,122.0,0.99052,3.25,0.43,12.0,5,0.3934426197258802,12.114836535520196,10.30767644972854,6.594631387336581,-1.5946313873365812
6.6,0.25,0.33,8.5,0.042,29.0,141.0,0.99546,3.28,0.6,10.4,5,0.2056737574065691,10.447420843207318,11.379290725360816,5.0,0.0
6.4,0.15,0.4,1.5,0.042,23.0,87.0,0.98972,3.11,0.46,12.2,7,0.2643678130532435,12.326706213165123,11.636342479377308,7.0,0.0
6.3,0.28,0.3,3.1,0.039,24.0,115.0,0.9942,3.05,0.43,8.6,5,0.20869565035916826,8.650162291126241,10.862050237844416,5.0,0.0
7.1,0.28,0.35,3.5,0.028,35.0,91.0,0.99022,2.96,0.33,12.1,5,0.38461538038884197,12.219494436090528,11.269823381232728,6.896783776411041,-1.8967837764110413
6.6,0.35,0.34,4.9,0.032,9.0,125.0,0.99253,3.32,0.81,12.0,5,0.07199999942400001,12.09030246914202,9.565203528690539,5.0,0.0
6.0,0.35,0.51,1.2,0.029,10.0,102.0,0.9903,3.46,0.42,11.9,6,0.09803921472510574,12.016548503939712,6.976736073562705,6.0,0.0
5.8,0.31,0.32,4.5,0.024,28.0,94.0,0.98906,3.25,0.52,13.7,7,0.2978723372566773,13.851521796936689,9.206334593119692,7.0,0.0
6.6,0.17,0.35,2.6,0.03,33.0,78.0,0.99146,3.22,0.72,11.3,6,0.42307691765286004,11.397321730254644,12.692283284070605,6.0,0.0
8.5,0.23,0.4,9.9,0.036,24.0,88.0,0.9951,3.02,0.42,10.5,6,0.27272726962809923,10.551692742746717,13.492042076123688,6.19671945044137,-0.1967194504413703
6.1,0.2,0.34,9.5,0.041,38.0,201.0,0.995,3.14,0.44,10.1,3,0.18905472542758844,10.150743567091892,11.296275377267818,5.451436368834527,-2.4514363688345266
6.3,0.37,0.37,1.5,0.024,12.0,76.0,0.98876,2.94,0.39,12.3,6,0.15789473476454297,12.43981103623626,8.513502008781069,6.382248192549999,-0.38224819254999876
6.2,0.36,0.38,3.2,0.031,20.0,89.0,0.98956,3.06,0.33,12.0,7,0.22471909859866182,12.126589467450717,8.378367056260736,7.0,0.0
6.3,0.28,0.47,11.2,0.04,61.0,183.0,0.99592,3.12,0.51,9.5,6,0.33333333151183975,9.538909210670324,8.399988800014933,6.0,0.0
7.6,0.27,0.52,3.2,0.043,28.0,152.0,0.99129,3.02,0.53,11.4,6,0.18421052510387811,11.500154848576251,9.620240987036723,6.0,0.0
7.0,0.25,0.45,2.3,0.045,40.0,118.0,0.99064,3.16,0.48,11.9,7,0.33898304797471995,12.012424278825529,9.999985714306122,6.672361258036451,0.3276387419635487
9.7,0.24,0.49,4.9,0.032,3.0,18.0,0.99368,2.85,0.54,10.0,6,0.1666666574074079,10.063591836816846,13.287653030612285,6.0,0.0
6.8,0.13,0.39,1.4,0.034,19.0,102.0,0.99121,3.23,0.6,11.3,7,0.1862745079777009,11.400196325504862,13.076897929042442,6.278195282476992,0.7218047175230078
6.6,0.78,0.5,1.5,0.045,30.0,133.0,0.99104,3.25,0.48,11.7,5,0.22556390807846685,11.805767874386628,5.156245971682835,6.094134058149021,-1.094134058149021
5.1,0.33,0.27,6.7,0.022,44.0,129.0,0.99221,3.36,0.39,11.0,7,0.3410852686737576,11.086351592554406,8.499985833356941,7.0,0.0
6.7,0.34,0.4,2.1,0.033,34.0,111.0,0.98924,2.97,0.48,12.2,7,0.30630630354679006,12.332687383559717,9.054041818862407,7.0,0.0
6.7,0.14,0.51,4.3,0.028,57.0,124.0,0.99176,2.91,0.54,10.7,7,0.45967741564776277,10.788889661924596,10.307676449728538,7.0,0.0
7.0,0.26,0.34,10.9,0.038,25.0,84.0,0.99432,3.11,0.34,10.9,6,0.2976190440759638,10.96225464412398,11.666647222254626,6.0,0.0
6.5,0.29,0.26,7.0,0.04,18.0,113.0,0.99366,3.17,0.38,10.2,6,0.15929203398856606,10.26507028050814,11.818160330617578,6.0,0.0
7.6,0.21,0.49,2.5,0.047,20.0,130.0,0.99178,3.15,0.48,11.1,5,0.15384615266272192,11.191986940665327,10.857127346960933,5.0,0.0
7.7,0.26,0.51,2.6,0.045,26.0,159.0,0.99126,3.0,0.5,11.2,6,0.16352201155017604,11.298739686116974,9.99998701300388,6.0,0.0
7.7,0.25,0.49,2.5,0.047,31.0,169.0,0.99252,3.07,0.57,10.6,6,0.18343195157732572,10.67987478350584,10.405391344065752,6.0,0.0
7.6,0.35,0.46,14.7,0.047,33.0,151.0,0.99709,3.03,0.53,10.3,5,0.21854304491031096,10.330050115786824,9.382704465796955,5.0,0.0
6.9,0.3,0.36,4.5,0.054,31.0,203.0,0.99513,3.4,0.57,10.4,4,0.15270935885364847,10.450885360821841,10.45452961434907,5.340775748401454,-1.3407757484014544
6.7,0.24,0.46,2.2,0.033,19.0,111.0,0.99045,3.1,0.62,11.9,6,0.17117116962908857,12.014728643819835,9.571414897978718,6.0,0.0
6.5,0.23,0.39,1.9,0.036,41.0,98.0,0.99,3.19,0.43,11.9,7,0.418367342669721,12.020189878596081,10.483854058299906,7.0,0.0
7.6,0.23,0.34,1.6,0.043,24.0,129.0,0.99305,3.12,0.7,10.4,5,0.18604651018568596,10.472775315668581,13.333309941561502,5.0,0.0
6.5,0.24,0.39,17.3,0.052,22.0,126.0,0.99888,3.11,0.47,9.2,6,0.17460317321743513,9.210306332786388,10.317443940565173,6.0,0.0
6.3,0.17,0.32,4.2,0.04,37.0,117.0,0.99182,3.24,0.43,11.3,6,0.31623931353641616,11.393184858961446,12.857116618129352,6.0,0.0
6.7,0.21,0.37,2.5,0.034,35.0,89.0,0.9913,3.25,0.5,11.0,7,0.3932584225476582,11.096528703189042,11.55170422119962,7.0,0.0
5.9,0.28,0.39,1.4,0.031,47.0,147.0,0.98836,3.08,0.64,12.9,7,0.31972788898144294,13.051911194391522,8.805957006034319,7.0,0.0
5.9,0.19,0.37,0.8,0.027,3.0,21.0,0.9897,3.09,0.31,10.8,5,0.14285713605442207,10.9123866703176,10.535695471972371,5.0,0.0
6.2,0.25,0.42,8.0,0.049,53.0,206.0,0.99586,3.16,0.47,9.1,6,0.2572815521491187,9.13782144295238,9.25371753176488,6.0,0.0
5.6,0.18,0.27,1.7,0.03,31.0,103.0,0.98892,3.35,0.37,12.9,6,0.3009708708643605,13.044520239736036,12.44441679018491,6.0,0.0
5.5,0.18,0.22,5.5,0.037,10.0,86.0,0.99156,3.46,0.44,12.2,5,0.11627906841535968,12.303832038573521,13.749965625085938,5.0,0.0
7.4,0.23,0.38,8.6,0.052,41.0,150.0,0.99534,3.06,0.46,10.3,5,0.2733333315111111,10.348212321204493,12.131127653889092,5.0,0.0
7.2,0.17,0.37,6.9,0.059,47.0,128.0,0.99322,3.08,0.46,11.0,7,0.3671874971313477,11.075077953446414,13.333308642021032,6.746898168263858,0.2531018317361422
7.6,0.3,0.38,2.1,0.043,10.0,98.0,0.99296,3.17,0.65,11.0,5,0.1020408152852978,11.07797788634196,11.176454152273305,5.291220629011562,-0.291220629011562
5.0,0.24,0.21,2.2,0.039,31.0,100.0,0.99098,3.69,0.62,11.7,6,0.3099999969,11.806482667175253,11.111086419807958,6.0,0.0
6.1,0.21,0.38,1.5,0.039,37.0,122.0,0.98972,3.2,0.43,12.0,6,0.3032786860386993,12.12462906212963,10.338965527177072,6.0,0.0
6.5,0.33,0.38,2.5,0.047,30.0,148.0,0.98964,3.17,0.43,12.7,6,0.20270270133308985,12.832936388043745,9.154916683215939,6.0,0.0
6.3,0.35,0.26,17.6,0.061,59.0,198.0,0.99918,3.11,0.49,8.8,5,0.2979797964748495,8.807213107535071,10.327851921554226,5.0,0.0
6.6,0.25,0.35,2.9,0.034,38.0,121.0,0.99008,3.19,0.4,12.8,6,0.3140495841814084,12.928235164597645,10.999981666697222,6.0,0.0
6.5,0.16,0.33,4.8,0.043,45.0,114.0,0.992,3.18,0.44,11.2,6,0.3947368386426593,11.290311199283064,13.265279050450918,6.0,0.0
6.6,0.39,0.39,11.9,0.057,51.0,221.0,0.99851,3.26,0.51,8.9,6,0.23076922972502611,8.913271861802224,8.461527613426135,6.0,0.0
5.6,0.19,0.27,0.9,0.04,52.0,103.0,0.99026,3.5,0.39,11.2,5,0.5048543640305402,11.310149546432706,12.173886578507437,5.0,0.0
6.2,0.25,0.39,1.3,0.051,42.0,135.0,0.9906,3.23,0.4,11.1,6,0.3111111088065844,11.205318791319613,9.6874848633049,6.390206851998979,-0.390206851998979
6.9,0.22,0.43,6.4,0.042,34.0,115.0,0.99293,3.05,0.51,10.8,6,0.29565217134215505,10.876888726406971,10.615368284048794,6.0,0.0
6.2,0.19,0.29,4.3,0.045,33.0,126.0,0.99658,3.18,0.42,9.3,6,0.2619047598261527,9.331905785881931,12.916639757000508,6.0,0.0
5.9,0.33,0.32,8.1,0.038,9.0,34.0,0.9911,3.22,0.36,12.7,7,0.2647058745674743,12.814032071403417,9.076909112447519,6.326078641415599,0.6739213585844013
7.8,0.17,0.5,1.3,0.045,35.0,140.0,0.9904,3.16,0.4,12.0,6,0.24999999821428573,12.116304405993128,11.641773668994523,6.0,0.0
5.5,0.19,0.27,0.9,0.04,52.0,103.0,0.99026,3.5,0.39,11.2,5,0.5048543640305402,11.310149546432706,11.956495746748377,5.0,0.0
6.2,0.23,0.36,17.2,0.039,37.0,130.0,0.99946,3.23,0.43,8.8,6,0.2846153824260355,8.804745757963543,10.508456765327518,6.0,0.0
7.2,0.32,0.4,8.7,0.038,45.0,154.0,0.99568,3.2,0.47,10.4,6,0.29220779031033906,10.445112440631085,9.9999861111304,6.0,0.0
5.8,0.39,0.47,7.5,0.027,12.0,88.0,0.9907,3.38,0.45,14.0,6,0.13636363481404962,14.131407962644632,6.744178204443948,6.0,0.0
7.6,0.25,1.23,4.6,0.035,51.0,294.0,0.99018,3.03,0.43,13.1,6,0.17346938716507013,13.229904431614019,5.135131665451578,6.0,0.0
5.8,0.29,0.33,3.7,0.029,30.0,88.0,0.98994,3.25,0.42,12.3,6,0.340909087035124,12.424982903021492,9.354823621252223,6.0,0.0
7.2,0.4,0.38,2.2,0.03,40.0,109.0,0.99075,3.27,0.46,12.6,6,0.36697247369750025,12.717625316552796,9.230757396464876,7.393483067763615,-1.393483067763615
6.8,0.39,0.34,7.4,0.02,38.0,133.0,0.99212,3.18,0.44,12.0,7,0.28571428356605805,12.0952988597157,9.315055732800365,7.0,0.0
6.1,0.17,0.42,15.1,0.033,28.0,124.0,0.99684,2.87,0.47,9.5,5,0.22580644979188347,9.530105603601779,10.338965527177072,5.0,0.0
7.1,0.36,0.37,4.8,0.019,39.0,114.0,0.99036,3.08,0.49,12.7,7,0.3421052601569714,12.823606745419093,9.726014073953323,7.0,0.0
6.9,0.19,0.32,7.9,0.042,30.0,130.0,0.99456,3.4,0.39,10.5,6,0.23076922899408286,10.5574218172641,13.529385236499536,5.878025375359949,0.1219746246400506
6.5,0.34,0.46,1.0,0.023,6.0,80.0,0.98865,3.15,0.54,12.9,6,0.07499999906250002,13.048082690453962,8.124989843762695,6.0,0.0
7.8,0.3,0.36,4.6,0.024,20.0,198.0,0.99222,3.06,0.66,11.9,6,0.10101010049994899,11.99329584840474,11.818163911872862,6.0,0.0
6.1,0.68,0.52,1.4,0.037,32.0,123.0,0.99022,3.24,0.45,12.0,6,0.26016259951087317,12.118506878767468,5.083329097225752,6.0,0.0
5.2,0.34,0.37,6.2,0.031,42.0,133.0,0.99076,3.25,0.41,12.5,6,0.31578947130985363,12.61656443885054,7.323933346572751,6.0,0.0
5.6,0.28,0.4,6.1,0.034,36.0,118.0,0.99144,3.21,0.43,12.1,7,0.30508474317724793,12.204457955642342,8.235282006938224,7.0,0.0
6.2,0.19,0.38,5.1,0.019,22.0,82.0,0.98961,3.05,0.36,12.5,6,0.26829267965496734,12.63122580488697,10.877173899694911,6.0,0.0
5.7,0.16,0.26,6.3,0.043,28.0,113.0,0.9936,3.06,0.58,9.9,6,0.24778760842665834,9.963758088005145,13.571396258580336,6.0,0.0
7.6,0.17,0.46,0.9,0.036,63.0,147.0,0.99126,3.02,0.41,10.7,6,0.4285714256559767,10.794331664415324,12.063472915122356,6.041428570999452,-0.041428570999451964
7.3,0.2,0.39,2.3,0.048,24.0,87.0,0.99044,2.94,0.35,12.0,6,0.2758620657946889,12.11581507631449,12.372860384982395,6.263967695689155,-0.26396769568915524
6.7,0.33,0.36,6.6,0.042,34.0,116.0,0.99123,2.97,0.31,12.2,8,0.29310344574910824,12.307928222583836,9.71013085488282,8.0,0.0
6.7,0.33,0.34,7.5,0.036,39.0,124.0,0.99123,2.99,0.32,12.4,8,0.3145161264958377,12.509697537708162,9.99998507464914,8.0,0.0
6.9,0.36,0.35,8.6,0.038,37.0,125.0,0.9916,3.0,0.32,12.4,8,0.295999997632,12.5050297448268,9.718296171413844,8.0,0.0
7.8,0.21,0.34,11.9,0.039,55.0,140.0,0.9959,3.02,0.31,10.3,6,0.39285714005102046,10.342393470836962,14.181792396741095,6.0,0.0
5.6,0.41,0.22,7.1,0.05,44.0,154.0,0.9931,3.3,0.4,10.5,5,0.28571428385899816,10.57294273190743,8.88887477956384,5.0,0.0
7.6,0.15,0.35,4.3,0.051,23.0,98.0,0.99422,3.1,0.44,9.5,6,0.23469387515618495,9.555219614150174,15.199969600060799,5.676344218576982,0.3236557814230183
8.5,0.2,0.4,1.1,0.046,31.0,106.0,0.99194,3.0,0.35,10.5,4,0.2924528274296903,10.585306989024549,14.166643055594905,4.0,0.0
6.5,0.24,0.38,1.0,0.027,31.0,90.0,0.98926,3.24,0.36,12.3,6,0.344444440617284,12.433523610048308,10.483854058299906,6.350728862441426,-0.350728862441426
8.3,0.16,0.37,7.9,0.025,38.0,107.0,0.99306,2.93,0.37,11.9,6,0.3551401835968207,11.983151085381461,15.660347810664508,6.0,0.0
5.5,0.12,0.33,1.0,0.038,23.0,131.0,0.99164,3.25,0.45,9.8,5,0.17557251774372123,9.882608726343506,12.222195061788751,5.0,0.0
6.2,0.1,0.41,1.0,0.04,17.0,76.0,0.98988,3.14,0.56,11.4,7,0.22368420758310253,11.516535826023532,12.156838908159003,7.0,0.0
6.5,0.21,0.4,7.3,0.041,49.0,115.0,0.99268,3.21,0.43,11.0,6,0.4260869528166352,11.08110258985515,10.655720236524202,6.0,0.0
8.7,0.3,0.59,1.7,0.046,10.0,70.0,0.99373,3.06,0.56,10.8,4,0.14285714081632656,10.868132321523632,9.775269915427062,4.0,0.0
6.7,0.18,0.37,1.3,0.027,42.0,125.0,0.98939,3.24,0.37,12.8,7,0.33599999731200003,12.937251299031425,12.18179603309812,6.746376642694172,0.25362335730582775
7.0,0.17,0.36,6.4,0.055,42.0,123.0,0.99318,3.11,0.5,11.0,8,0.34146341185802104,11.075523998143339,13.207522249958018,8.0,0.0
6.6,0.19,0.33,1.8,0.035,42.0,148.0,0.99196,3.15,0.36,10.2,5,0.2837837818663258,10.282662322409852,12.692283284070605,5.0,0.0
5.8,0.28,0.3,1.5,0.026,31.0,114.0,0.98952,3.32,0.6,12.5,7,0.2719298221760542,12.632374653999259,9.999982758650415,7.0,0.0
7.6,0.24,0.44,3.8,0.037,49.0,146.0,0.9911,3.06,0.37,11.6,6,0.3356164360574217,11.704155277817296,11.176454152273305,5.995220966691827,0.004779033308173197
5.7,0.16,0.32,1.2,0.036,7.0,89.0,0.99111,3.26,0.48,11.0,5,0.07865168450953164,11.098655952764119,11.874975260468208,5.0,0.0
7.0,0.21,0.42,5.3,0.037,36.0,123.0,0.99321,3.14,0.52,10.9,6,0.2926829244497323,10.974505920695602,11.111093474454801,6.0,0.0
6.4,0.22,0.38,9.1,0.044,35.0,127.0,0.99326,2.97,0.3,11.0,7,0.27559054901109803,11.074631944675165,10.66664888891852,7.0,0.0
7.9,0.34,0.44,6.5,0.027,47.0,126.0,0.99124,2.96,0.37,12.5,6,0.37301587005542963,12.610454975127139,10.128192143343405,6.973500962459588,-0.9735009624595881
6.8,0.21,0.4,6.3,0.032,40.0,121.0,0.99214,3.18,0.53,12.0,7,0.3305785096646404,12.095055037540027,11.147522708979166,7.0,0.0
5.2,0.31,0.36,5.1,0.031,46.0,145.0,0.9897,3.14,0.31,12.4,7,0.31724137712247324,12.52903654740169,7.76118244599635,7.0,0.0
5.6,0.42,0.34,2.4,0.022,34.0,97.0,0.98915,3.22,0.38,12.8,7,0.35051546030396435,12.940390294302892,7.368411357353477,7.0,0.0
6.8,0.28,0.34,7.5,0.035,34.0,177.0,0.99692,3.33,0.43,9.1,5,0.19209039439496953,9.128105436639412,10.967724245606053,5.0,0.0
6.8,0.45,0.36,5.0,0.033,28.0,156.0,0.991,3.11,0.4,12.4,7,0.17948717833662065,12.51260089545823,8.395051364134117,7.0,0.0
6.6,0.29,0.39,6.75,0.031,22.0,98.0,0.9913,3.15,0.8,12.9,7,0.22448979362765517,13.013201842830785,9.705868079605764,7.0,0.0
6.8,0.21,0.42,1.2,0.045,24.0,126.0,0.99234,3.09,0.87,10.9,6,0.19047618896447469,10.984127432001701,10.79363366089895,5.751161384334179,0.24883861566582066
6.8,0.25,0.24,1.6,0.045,39.0,164.0,0.99402,3.53,0.58,10.8,5,0.23780487659875077,10.86496160543892,13.877522698933268,5.0,0.0
6.4,0.21,0.34,16.05,0.04,56.0,142.0,0.99678,3.11,0.38,10.6,5,0.3943661944058719,10.634231591493016,11.636342479377308,5.0,0.0
5.8,0.33,0.23,5.0,0.053,29.0,106.0,0.99458,3.13,0.52,9.0,5,0.2735849030793877,9.049036730040086,10.357124362277922,5.578074961122535,-0.5780749611225353
8.2,0.3,0.44,12.4,0.043,52.0,154.0,0.99452,3.04,0.33,12.0,6,0.3376623354697251,12.066110217883786,11.081066106667421,6.0,0.0
6.4,0.24,0.32,0.95,0.041,23.0,131.0,0.99033,3.25,0.35,11.8,5,0.17557251774372123,11.91520814757894,11.428551020444605,5.0,0.0
7.5,0.18,0.45,4.6,0.041,67.0,158.0,0.9927,3.01,0.38,10.6,6,0.42405063022752765,10.677938271443264,11.90474300834443,6.0,0.0
5.2,0.335,0.2,1.7,0.033,17.0,74.0,0.99002,3.34,0.48,12.3,6,0.22972972662527397,12.423978885296373,9.719608000732709,6.0,0.0
7.1,0.14,0.33,1.0,0.104,20.0,54.0,0.99057,3.19,0.64,11.5,6,0.37037036351166,11.609465651629213,15.106350837551409,6.0,0.0
7.2,0.13,0.46,1.3,0.044,48.0,111.0,0.99127,2.97,0.45,11.1,5,0.4324324285366448,11.197745117127404,12.203369146831953,5.0,0.0
6.5,0.29,0.25,2.5,0.142,8.0,111.0,0.9927,3.0,0.44,9.9,4,0.07207207142277414,9.972791404461162,12.037014746268987,5.094720700819115,-1.0947207008191153
6.2,0.35,0.31,2.6,0.036,37.0,92.0,0.98938,3.27,0.53,12.8,7,0.40217390867202274,12.93738206009616,9.393925160719455,7.0,0.0
9.0,0.38,0.53,2.1,0.102,19.0,76.0,0.99001,2.93,0.57,12.9,5,0.24999999671052636,13.030158250766911,9.890099021869206,5.0,0.0
6.6,0.24,0.38,12.75,0.034,8.0,74.0,0.99386,3.1,0.57,12.9,6,0.10810810664718776,12.979682269452168,10.645144120735289,6.0,0.0
6.6,0.16,0.34,1.1,0.037,41.0,115.0,0.9899,3.01,0.68,12.0,6,0.3565217360302458,12.122424363648486,13.199973600052799,6.0,0.0
5.7,0.15,0.28,3.7,0.045,57.0,151.0,0.9913,3.22,0.27,11.2,6,0.37748344120871896,11.29828377051975,13.255783126085753,6.0,0.0
6.6,0.33,0.4,2.65,0.041,35.0,86.0,0.98916,3.11,0.39,13.3,7,0.40697673945375884,13.445738358063045,9.04108350536506,7.0,0.0
5.7,0.2,0.3,2.5,0.046,38.0,125.0,0.99276,3.34,0.5,9.9,6,0.303999997568,9.97218867380971,11.3999772000456,6.0,0.0
6.8,0.27,0.37,8.2,0.055,52.0,192.0,0.99586,3.11,0.52,9.5,6,0.27083333192274306,9.539483923961276,10.624983398463439,6.0,0.0
6.8,0.27,0.42,7.3,0.054,58.0,200.0,0.99556,3.12,0.49,9.4,6,0.28999999855,9.44191265025448,9.8550581810751,6.0,0.0
6.2,0.2,0.26,1.1,0.047,42.0,119.0,0.99158,3.48,0.6,11.0,7,0.352941173504696,11.093395294988508,13.478231569061807,6.475900727154727,0.5240992728452731
6.7,0.13,0.57,6.6,0.056,60.0,150.0,0.99548,2.96,0.43,9.4,6,0.39999999733333336,9.442671432202122,9.571414897978718,6.0,0.0
6.8,0.21,0.37,7.0,0.038,27.0,107.0,0.99206,2.98,0.82,11.5,6,0.2523364462398463,11.592029119177147,11.72411771703842,6.15433056716401,-0.15433056716400984
6.7,0.31,0.32,14.5,0.038,6.0,79.0,0.99412,3.14,0.34,12.5,5,0.07594936612722322,12.573922087955088,10.634903754121025,5.0,0.0
6.2,0.2,0.29,11.8,0.035,21.0,93.0,0.99364,3.18,0.34,11.9,6,0.22580644918487688,11.976156378410312,12.65303540196857,6.0,0.0
6.6,0.25,0.34,3.0,0.054,22.0,141.0,0.99338,3.26,0.47,10.4,6,0.1560283676877421,10.46929627202453,11.186421717929289,5.878285420485461,0.12171457951453934
6.9,0.22,0.39,6.0,0.035,44.0,141.0,0.99123,3.11,0.33,12.5,6,0.3120567353754842,12.610582195270325,11.311456866464153,6.0,0.0
6.4,0.23,0.35,4.6,0.039,43.0,147.0,0.99216,3.18,0.4,11.0,7,0.2925170048128095,11.08691028976144,11.034463733683218,7.0,0.0
7.6,0.27,0.29,2.5,0.059,37.0,115.0,0.99328,3.09,0.37,9.8,5,0.3217391276370511,9.8662916133501,13.571404336777967,5.0,0.0
6.6,0.34,0.24,3.3,0.034,29.0,99.0,0.99031,3.1,0.4,12.3,7,0.29292928997041123,12.420340680856821,11.379290725360816,7.0,0.0
6.4,0.16,0.42,1.0,0.036,29.0,113.0,0.9908,3.18,0.52,11.0,6,0.2566371658704676,11.102128479886476,11.034463733683218,6.0,0.0
5.8,0.3,0.42,1.1,0.036,19.0,113.0,0.98871,3.1,0.46,12.6,7,0.1681415914323753,12.743865497602433,8.05554436729949,7.0,0.0
7.0,0.29,0.35,1.4,0.036,42.0,109.0,0.99119,3.31,0.62,11.6,6,0.38532109738237524,11.703092542204276,10.937482910182954,6.0,0.0
6.7,0.21,0.36,8.55,0.02,20.0,86.0,0.99146,3.19,0.22,13.4,7,0.23255813683071935,13.515408069505508,11.754365343218696,7.0,0.0
6.8,0.22,0.41,6.7,0.034,39.0,116.0,0.99245,3.18,0.46,11.5,6,0.33620689365338885,11.587473840018298,10.79363366089895,6.0,0.0
7.7,0.27,0.49,3.8,0.037,46.0,139.0,0.99116,3.04,0.38,11.6,6,0.330935249417732,11.703446765964358,10.131565616361032,6.0,0.0
6.4,0.25,0.37,4.5,0.039,41.0,147.0,0.9921,3.18,0.4,11.1,7,0.27891156272849277,11.188376989842768,10.322563995864522,7.0,0.0
6.7,0.13,0.45,4.2,0.043,52.0,131.0,0.99162,3.06,0.54,11.3,6,0.39694656185536975,11.395482749961932,11.551704221199618,6.0,0.0
6.7,0.24,0.37,11.3,0.043,64.0,173.0,0.99632,3.08,0.53,9.9,6,0.3699421943933977,9.936556591700867,10.983588551494178,5.803240998748005,0.19675900125199508
7.1,0.26,0.37,5.5,0.025,31.0,105.0,0.99082,3.06,0.33,12.6,8,0.2952380924263039,12.716726835624193,11.269823381232728,6.570648466519919,1.429351533480081
5.3,0.3,0.16,4.2,0.029,37.0,100.0,0.9905,3.3,0.36,11.8,8,0.3699999963,11.913163136634894,11.521714083230256,8.0,0.0
7.1,0.38,0.4,2.2,0.042,54.0,201.0,0.99177,3.03,0.5,11.4,5,0.2686567150813099,11.494588972655986,9.102552432625085,5.0,0.0
7.4,0.19,0.31,14.5,0.045,39.0,193.0,0.9986,3.1,0.5,9.2,6,0.20207253781309567,9.212888831475233,14.7999704000592,6.0,0.0
6.3,0.32,0.32,1.5,0.03,24.0,101.0,0.98923,3.21,0.42,13.0,5,0.23762376002352714,13.141521040080628,9.843734619164657,5.0,0.0
7.6,0.19,0.32,18.75,0.047,32.0,193.0,1.00014,3.1,0.5,9.3,7,0.1658031079492067,9.298688884867236,14.901931564840067,7.0,0.0
6.5,0.26,0.31,3.6,0.03,36.0,92.0,0.99026,3.22,0.62,12.6,8,0.3913043435727789,12.723918239736795,11.40348876580918,8.0,0.0
5.9,0.24,0.12,1.4,0.035,60.0,247.0,0.99358,3.34,0.44,9.6,6,0.24291497877362356,9.662020509651452,16.38884336432399,6.0,0.0
4.2,0.215,0.23,5.1,0.041,64.0,157.0,0.99688,3.42,0.44,8.0,3,0.40764330950545663,8.025030068784538,9.438181037795422,3.0,0.0
8.1,0.24,0.32,10.5,0.03,34.0,105.0,0.99407,3.11,0.42,11.8,6,0.32380952072562363,11.870379479936544,14.464259885250202,6.0,0.0
5.8,0.23,0.2,2.0,0.043,39.0,154.0,0.99226,3.21,0.39,10.2,6,0.2532467516022938,10.279553464259907,13.48834072478901,6.0,0.0
7.5,0.33,0.36,2.6,0.051,26.0,126.0,0.99097,3.32,0.53,12.7,6,0.20634920471151424,12.815713073339179,10.869549464421066,6.991476075180459,-0.9914760751804588
6.6,0.38,0.36,9.2,0.061,42.0,214.0,0.9976,3.31,0.56,9.4,5,0.19626168132587998,9.422604828984735,8.918906866342072,5.0,0.0
6.4,0.15,0.29,1.8,0.044,21.0,115.0,0.99166,3.1,0.38,10.2,5,0.18260869406427224,10.28577306156035,14.545421487678441,5.0,0.0
6.5,0.32,0.34,5.7,0.044,27.0,91.0,0.99184,3.28,0.6,12.0,7,0.296703293442821,12.098713402652239,9.848469926560716,7.187290462316365,-0.1872904623163647
7.5,0.22,0.32,2.4,0.045,29.0,100.0,0.99135,3.08,0.6,11.3,7,0.2899999971,11.39858637354479,13.888863168771907,6.158419887985744,0.8415801120142561
6.4,0.23,0.32,1.9,0.038,40.0,118.0,0.99074,3.32,0.53,11.8,7,0.33898304797471995,11.91027725712371,11.636342479377308,7.0,0.0
6.1,0.22,0.31,1.4,0.039,40.0,129.0,0.99193,3.45,0.59,10.9,5,0.3100775169761433,10.988667558529777,11.509412246391985,5.0,0.0
6.5,0.48,0.02,0.9,0.043,32.0,99.0,0.99226,3.14,0.47,9.8,4,0.3232323199673503,9.87643372056344,12.999974000052,4.0,0.0
6.6,0.23,0.3,4.6,0.06,29.0,154.0,0.99142,3.23,0.49,12.2,8,0.18831168708888515,12.305569480573842,12.452806692817559,8.0,0.0
6.4,0.16,0.25,1.4,0.057,21.0,125.0,0.99091,3.23,0.44,11.1,7,0.16799999865600002,11.201813280910192,15.609718025077989,7.0,0.0
7.4,0.16,0.32,1.4,0.065,23.0,140.0,0.99134,3.06,0.47,11.4,6,0.1642857131122449,11.49957481835211,15.416634548678026,6.0,0.0
6.5,0.32,0.3,2.3,0.051,20.0,127.0,0.98964,3.13,0.52,12.8,6,0.15748031372062746,12.933983131256689,10.483854058299906,6.0,0.0
6.7,0.12,0.36,2.3,0.039,43.0,125.0,0.99229,3.07,0.67,10.1,7,0.343999997248,10.178465792796668,13.958304253532807,7.0,0.0
6.6,0.2,0.14,4.4,0.184,35.0,168.0,0.99396,2.93,0.45,9.4,6,0.20833333209325397,9.457111496326315,19.411707612624667,6.0,0.0
8.0,0.34,0.25,6.4,0.035,38.0,103.0,0.99148,2.91,0.23,12.2,6,0.36893203525308704,12.304824802492432,13.559299052035502,6.0,0.0
6.8,0.21,0.31,2.9,0.046,40.0,121.0,0.9913,3.07,0.65,10.9,7,0.3305785096646404,10.995651169523686,13.076897929042442,7.0,0.0
6.8,0.23,0.31,2.8,0.047,40.0,122.0,0.99126,3.06,0.64,10.9,7,0.32786884977156683,10.996094873095986,12.592569273019864,7.0,0.0
6.6,0.28,0.42,8.2,0.044,60.0,196.0,0.99562,3.14,0.48,9.4,5,0.30612244741774264,9.441343643816271,9.428557959202916,5.395017889157799,-0.3950178891577991
7.8,0.25,0.37,1.0,0.043,10.0,80.0,0.99128,3.08,0.38,11.4,5,0.12499999843750002,11.500270861642662,12.580624869959886,5.0,0.0
5.6,0.12,0.33,2.9,0.044,21.0,73.0,0.98896,3.17,0.32,12.9,8,0.28767122893601055,13.043992634694392,12.44441679018491,8.0,0.0
6.6,0.28,0.41,7.0,0.046,59.0,194.0,0.99558,3.14,0.48,9.4,5,0.3041237097725582,9.441722973821316,9.565203528690539,5.0,0.0
6.8,0.17,0.35,1.8,0.04,29.0,84.0,0.98961,2.91,0.57,12.0,7,0.345238091128118,12.12597677269149,13.076897929042442,7.0,0.0
7.3,0.25,0.28,1.5,0.043,19.0,113.0,0.99338,3.38,0.56,10.1,6,0.1681415914323753,10.167297341100745,13.77355891781336,6.0,0.0
6.5,0.25,0.5,7.6,0.047,54.0,184.0,0.99572,3.17,0.45,9.2,5,0.29347825927457466,9.239535974434604,8.666655111126518,5.0,0.0
6.3,0.24,0.35,2.3,0.039,43.0,109.0,0.99056,3.34,0.44,11.8,6,0.39449540922481274,11.912441535655049,10.67794800347796,6.0,0.0
6.8,0.32,0.32,8.7,0.029,31.0,105.0,0.99146,3.0,0.34,12.3,7,0.2952380924263039,12.405934272755056,10.624983398463439,7.248211848238676,-0.24821184823867615
6.6,0.24,0.28,6.7,0.032,26.0,91.0,0.99172,3.13,0.32,12.3,6,0.2857142825745683,12.402681802644091,12.692283284070605,6.0,0.0
6.3,0.22,0.34,5.0,0.032,36.0,93.0,0.99012,3.27,0.36,13.5,7,0.38709677003121756,13.634697173375779,11.249979910750158,6.552332622706794,0.4476673772932056
6.0,0.32,0.3,1.9,0.033,41.0,142.0,0.98912,3.29,0.42,12.8,7,0.28873239233287046,12.940782775818125,9.67740374612299,7.0,0.0
6.3,0.19,0.29,2.0,0.022,33.0,96.0,0.98902,3.04,0.54,12.8,7,0.3437499964192709,12.942091219498879,13.124972656306968,7.0,0.0
9.4,0.24,0.29,8.5,0.037,124.0,208.0,0.99395,2.9,0.38,11.0,3,0.5961538432877219,11.066943943916753,17.735815592800765,3.0,0.0
6.4,0.35,0.28,12.6,0.039,19.0,124.0,0.99539,3.2,0.43,10.6,6,0.15322580521592094,10.649081617173552,10.158714033787248,6.0,0.0
6.7,0.46,0.27,5.2,0.039,35.0,96.0,0.99129,3.16,0.44,12.4,7,0.3645833295355903,12.508940361609255,9.178069619082713,7.284228017180583,-0.2842280171805829
6.3,0.3,0.29,2.1,0.048,33.0,142.0,0.98956,3.22,0.46,12.9,7,0.23239436456060308,13.036083677509522,10.67794800347796,7.0,0.0
6.0,0.19,0.29,1.1,0.047,67.0,152.0,0.9916,3.54,0.59,11.1,7,0.4407894707842798,11.194018561901409,12.499973958387589,7.0,0.0
5.9,0.24,0.28,1.3,0.032,36.0,95.0,0.98889,3.08,0.64,12.9,7,0.378947364432133,13.0449159715277,11.34613202666918,7.0,0.0
7.3,0.145,0.33,1.1,0.042,14.0,64.0,0.99012,3.1,0.37,11.8,7,0.21874999658203131,11.91773530709883,15.368388698129058,7.0,0.0
6.6,0.435,0.38,9.2,0.058,66.0,243.0,0.99833,3.23,0.54,9.1,6,0.27160493715388917,9.115213290982648,8.09814957282261,6.0,0.0
5.8,0.18,0.37,1.2,0.036,19.0,74.0,0.98853,3.09,0.49,12.7,7,0.2567567532870709,12.847346213725213,10.545435371935685,7.0,0.0
5.8,0.18,0.37,1.1,0.036,31.0,96.0,0.98942,3.16,0.48,12.0,6,0.32291666330295143,12.128305342215295,10.545435371935685,6.0,0.0
5.6,0.32,0.32,8.3,0.043,32.0,105.0,0.99266,3.24,0.47,11.2,6,0.3047619018594105,11.282804502241953,8.749986328146361,6.0,0.0
6.6,0.16,0.35,1.8,0.042,26.0,105.0,0.98962,3.19,0.75,12.4,7,0.247619045260771,12.530049382541396,12.941151095782164,7.0,0.0
5.1,0.21,0.28,1.4,0.047,48.0,148.0,0.99168,3.5,0.49,10.4,5,0.32432432213294377,10.487243377658743,10.40814202419995,5.0,0.0
7.5,0.29,0.36,15.7,0.05,29.0,124.0,0.9968,3.06,0.54,10.4,5,0.23387096585587933,10.433376371010864,11.538443787009559,5.0,0.0
6.0,0.26,0.33,4.35,0.04,15.0,80.0,0.98934,3.29,0.5,12.7,6,0.18749999765625003,12.836827746954791,10.169474289026628,6.0,0.0
5.7,0.26,0.3,1.8,0.039,30.0,105.0,0.98995,3.48,0.52,12.5,7,0.2857142829931973,12.626887593426341,10.178553252583477,7.0,0.0
7.1,0.17,0.31,1.6,0.037,15.0,103.0,0.991,3.14,0.5,12.0,6,0.1456310665472712,12.108968608507963,14.791635850758645,6.0,0.0
6.9,0.17,0.3,2.0,0.047,13.0,117.0,0.99152,3.16,0.51,11.6,6,0.11111111016144351,11.699197495564894,14.680819828042921,6.213315749777399,-0.21331574977739898
6.8,0.25,0.28,5.0,0.035,42.0,126.0,0.99048,3.12,0.38,12.6,7,0.3333333306878307,12.721092075466363,12.830164471387787,7.0,0.0
6.6,0.17,0.28,1.8,0.042,62.0,178.0,0.99204,3.15,0.42,10.2,5,0.3483146047847494,10.281833109720262,14.6666340741465,5.0,0.0
5.8,0.17,0.36,1.3,0.036,11.0,70.0,0.99202,3.43,0.68,10.4,7,0.15714285489795923,10.483649035655494,10.943375578536642,7.0,0.0
6.4,0.24,0.29,1.0,0.038,18.0,122.0,0.9906,3.3,0.42,11.5,5,0.14754098239720506,11.609114063078877,12.075448914247332,5.0,0.0
6.7,0.21,0.34,1.4,0.049,36.0,112.0,0.99091,3.02,0.5,11.0,6,0.3214285685586735,11.100896044145236,12.18179603309812,6.0,0.0
6.7,0.23,0.33,8.1,0.048,45.0,176.0,0.99472,3.11,0.52,10.1,6,0.2556818167290806,10.153600858934313,11.964264349527946,5.4762833908918855,0.5237166091081145
6.8,0.23,0.32,8.6,0.046,47.0,159.0,0.99452,3.08,0.52,10.5,6,0.2955974824176259,10.557846440648312,12.36361388433839,6.0,0.0
6.5,0.22,0.28,3.7,0.059,29.0,151.0,0.99177,3.23,0.41,12.1,7,0.1920529788605763,12.200397067468195,12.999974000052,7.0,0.0
5.1,0.165,0.22,5.7,0.047,42.0,146.0,0.9934,3.18,0.55,9.9,6,0.28767123090636143,9.965764077145082,13.246718839691326,6.0,0.0
6.6,0.425,0.25,2.35,0.034,23.0,87.0,0.99082,3.05,0.41,11.4,6,0.2643678130532435,11.505609994136176,9.777763292202529,6.0,0.0
6.9,0.38,0.29,13.65,0.048,52.0,189.0,0.99784,3.0,0.6,9.5,6,0.2751322736765488,9.520554877981562,10.29849209180285,6.0,0.0
7.2,0.27,0.28,15.2,0.046,6.0,41.0,0.99665,3.17,0.39,10.9,6,0.14634145984533026,10.936626763029386,13.090885289299473,6.0,0.0
7.6,0.17,0.27,4.6,0.05,23.0,98.0,0.99422,3.08,0.47,9.5,6,0.23469387515618495,9.555219614150174,17.272688016618144,6.0,0.0
6.2,0.3,0.31,1.2,0.048,19.0,125.0,0.98999,3.32,0.54,12.6,6,0.151999998784,12.727388430803915,10.16391776406924,6.0,0.0
6.5,0.26,0.32,6.65,0.059,34.0,104.0,0.99254,3.18,0.42,11.1,5,0.32692307377958585,11.183417108210138,11.206877229522016,6.26505239748421,-1.2650523974842098
6.9,0.36,0.28,13.55,0.048,51.0,189.0,0.99782,3.0,0.6,9.5,7,0.2698412684135383,9.520745704890956,10.781233154323196,5.4149223790268515,1.5850776209731485
6.8,0.18,0.24,9.8,0.058,64.0,188.0,0.9952,3.13,0.51,10.6,6,0.3404255301041195,10.651114699442624,16.19043764181514,6.0,0.0
6.7,0.18,0.24,10.3,0.057,64.0,185.0,0.99519,3.12,0.5,10.6,6,0.34594594407596785,10.651221725276855,15.952342970611976,6.0,0.0
6.6,0.16,0.21,6.7,0.055,43.0,157.0,0.99384,3.15,0.52,10.8,6,0.27388534857397867,10.866929418287231,17.8377896275956,6.0,0.0
6.4,0.17,0.27,9.9,0.047,26.0,101.0,0.99596,3.34,0.5,9.9,6,0.25742574002548774,9.940148258817365,14.545421487678437,6.0,0.0
7.2,0.22,0.28,7.2,0.06,41.0,132.0,0.9935,3.08,0.59,11.3,6,0.31060605825298443,11.37391910023241,14.3999712000576,6.0,0.0
6.0,0.22,0.28,1.1,0.034,47.0,90.0,0.98862,3.22,0.38,12.6,6,0.5222222164197532,12.745025646835337,11.999976000048,6.0,0.0
6.7,0.36,0.28,8.3,0.034,29.0,81.0,0.99151,2.96,0.39,12.5,6,0.35802468693796685,12.607021001279865,10.468733642603683,7.005046513322642,-1.0050465133226423
6.5,0.43,0.28,11.25,0.032,31.0,87.0,0.9922,3.02,0.38,12.4,6,0.3563218349848065,12.497467750989971,9.154916683215939,7.0857493242246585,-1.0857493242246585
5.9,0.2,0.28,12.8,0.038,29.0,132.0,0.99426,3.31,0.57,11.8,7,0.21969696803259872,11.868111089542886,12.291641059081128,7.0,0.0
5.3,0.32,0.23,9.65,0.026,26.0,119.0,0.99168,3.18,0.53,12.2,6,0.21848739312195467,12.302343193022756,9.636346115734334,6.0,0.0
6.8,0.2,0.28,12.6,0.048,54.0,136.0,0.99556,3.19,0.37,10.7,6,0.39705882060986164,10.747709080608821,14.166637152839265,6.0,0.0
6.0,0.22,0.33,12.2,0.033,25.0,97.0,0.99356,3.17,0.42,11.3,7,0.25773195610585614,11.373232242408871,10.909071074416227,6.256223897172991,0.7437761028270087
7.1,0.18,0.49,1.3,0.033,12.0,72.0,0.99072,3.05,0.53,11.3,7,0.1666666643518519,11.405834740557633,10.596999108956554,7.0,0.0
6.0,0.2,0.26,1.1,0.033,38.0,67.0,0.98954,3.14,0.38,11.5,6,0.5671641706393408,11.621549789245721,13.043449905543683,6.0,0.0
7.6,0.2,0.26,4.8,0.033,26.0,76.0,0.99076,2.98,0.49,12.3,7,0.34210525865650976,12.414699407828932,16.521703213688664,7.0,0.0
6.2,0.3,0.21,1.1,0.032,31.0,111.0,0.9889,2.97,0.42,12.2,6,0.27927927676324976,12.336927558977086,12.156838908159003,5.993173120293627,0.006826879706372857
6.0,0.29,0.25,1.4,0.033,30.0,114.0,0.98794,3.08,0.43,13.2,6,0.26315789242843957,13.36112176739299,11.111090535017526,6.0,0.0
6.6,0.18,0.28,1.7,0.041,53.0,161.0,0.99207,3.13,0.45,10.2,6,0.32919254453917673,10.28152218944007,14.347794896098051,6.0,0.0
7.0,0.22,0.28,10.6,0.039,32.0,117.0,0.99355,3.05,0.55,11.5,7,0.2735042711666302,11.574644884862478,13.999972000056,7.0,0.0
5.6,0.15,0.26,5.55,0.051,51.0,139.0,0.99336,3.47,0.5,11.0,6,0.36690647218052896,11.073517079893412,13.658503271943237,6.0,0.0
6.9,0.28,0.24,2.1,0.034,49.0,121.0,0.98882,2.98,0.43,13.2,7,0.40495867433918453,13.34923105395213,13.269205251528362,7.0,0.0
5.9,0.19,0.21,1.7,0.045,57.0,135.0,0.99341,3.32,0.44,9.5,5,0.42222221909465024,9.563010677353079,14.749963125092188,5.0,0.0
7.8,0.22,0.26,9.0,0.047,38.0,132.0,0.997,3.25,0.53,10.2,6,0.287878785697888,10.230681814762471,16.249966145903866,6.0,0.0
7.0,0.4,0.25,1.8,0.05,51.0,189.0,0.99174,3.0,0.55,11.4,6,0.2698412684135383,11.49493668205711,10.76921420120892,6.0,0.0
6.1,0.28,0.27,4.7,0.03,56.0,140.0,0.99042,3.16,0.42,12.5,8,0.39999999714285717,12.620895558555402,11.090888925656497,8.0,0.0
7.6,0.36,0.49,11.3,0.046,87.0,221.0,0.9984,3.01,0.43,9.2,5,0.39366515658975043,9.214734360242026,8.941165951569468,5.0,0.0
6.5,0.28,0.34,3.6,0.04,29.0,121.0,0.99111,3.28,0.48,12.1,7,0.2396694195068643,12.208521548040531,10.483854058299904,7.0,0.0
6.9,0.19,0.35,6.9,0.045,51.0,125.0,0.9933,3.1,0.44,10.7,7,0.407999996736,10.772162718048204,12.777754115270156,7.0,0.0
6.4,0.22,0.32,4.9,0.046,50.0,156.0,0.99316,3.38,0.55,11.2,6,0.3205128184582512,11.277124252764656,11.851829904018695,6.0,0.0
6.8,0.23,0.3,6.95,0.044,42.0,179.0,0.9946,3.25,0.56,10.6,6,0.23463687019755938,10.657540058777338,12.830164471387787,6.0,0.0
6.4,0.32,0.31,1.9,0.037,34.0,126.0,0.99,3.06,0.45,11.8,6,0.2698412676996725,11.919179879616284,10.158714033787248,6.0,0.0
8.8,0.39,0.35,1.8,0.096,22.0,80.0,0.99016,2.95,0.54,12.6,6,0.27499999656250007,12.725203275022949,11.89187582178943,6.0,0.0
6.6,0.24,0.3,11.3,0.026,11.0,77.0,0.99381,3.13,0.55,12.8,7,0.14285714100185531,12.879712540915728,12.222199588519278,7.0,0.0
6.9,0.29,0.3,8.2,0.026,35.0,112.0,0.99144,3.0,0.37,12.3,6,0.31249999720982147,12.406184533421555,11.694895432380624,7.496968692566713,-1.4969686925667132
6.9,0.28,0.3,8.3,0.026,37.0,113.0,0.99139,2.99,0.38,12.3,8,0.3274336254209414,12.406810229263732,11.896531212877218,8.0,0.0
6.7,0.38,0.26,9.55,0.036,35.0,91.0,0.9919,2.98,0.37,12.4,6,0.38461538038884197,12.501247604347611,10.468733642603683,6.0,0.0
8.0,0.28,0.3,8.4,0.03,35.0,115.0,0.99192,2.93,0.42,12.3,6,0.3043478234404537,12.400181062806412,13.79307966710402,6.0,0.0
6.5,0.25,0.45,7.8,0.048,52.0,188.0,0.99576,3.2,0.53,9.1,5,0.2765957432095971,9.138739115108946,9.285701020427114,5.0,0.0
6.6,0.26,0.46,7.8,0.047,48.0,186.0,0.9958,3.2,0.54,9.1,5,0.25806451474158865,9.138372024129318,9.166653935202866,5.0,0.0
7.4,0.29,0.28,10.2,0.032,43.0,138.0,0.9951,3.1,0.47,10.6,6,0.31159420064062177,10.652185054582398,12.98243336415199,6.0,0.0
6.3,0.19,0.29,5.5,0.042,44.0,189.0,0.99304,3.19,0.47,10.3,6,0.23280423157246438,10.372180000624345,13.124972656306968,6.0,0.0
6.1,0.33,0.32,7.8,0.052,52.0,183.0,0.99657,3.39,0.65,9.5,5,0.2841530039117322,9.532687585731473,9.384600946767772,5.0,0.0
5.6,0.32,0.33,7.4,0.037,25.0,95.0,0.99268,3.25,0.49,11.1,6,0.26315789196675904,11.181839886126559,8.615371360967135,6.0,0.0
7.7,0.46,0.18,3.3,0.054,18.0,143.0,0.99392,3.12,0.51,10.8,6,0.12587412499388723,10.866054746805833,12.031231201201248,6.0,0.0
8.8,0.19,0.3,5.0,0.028,34.0,120.0,0.99242,2.94,0.47,11.2,5,0.28333333097222224,11.285533055024027,17.959147022148937,5.0,0.0
8.8,0.27,0.25,5.0,0.024,52.0,99.0,0.9925,2.87,0.49,11.4,5,0.5252525199469442,11.486134522786374,16.92304437876081,5.0,0.0
5.8,0.18,0.28,1.3,0.034,9.0,94.0,0.99092,3.21,0.52,11.2,6,0.09574467983250341,11.302616454793064,12.60866824202556,6.0,0.0
5.8,0.15,0.32,1.2,0.037,14.0,119.0,0.99137,3.19,0.5,10.2,6,0.11764705783489868,10.288781899006526,12.340399275746222,6.0,0.0
7.1,0.32,0.3,9.9,0.041,63.0,192.0,0.99642,3.12,0.49,10.2,6,0.32812499829101566,10.236636923549382,11.451594432912204,6.0,0.0
6.2,0.23,0.35,0.7,0.051,24.0,111.0,0.9916,3.37,0.43,11.0,3,0.2162162142683224,11.093171547830226,10.689636742005618,3.0,0.0
8.9,0.3,0.35,4.6,0.032,32.0,148.0,0.99458,3.15,0.45,11.5,7,0.21621621475529584,11.562658043940111,13.692286627251345,7.0,0.0
6.0,0.14,0.17,5.6,0.036,37.0,127.0,0.99373,3.05,0.57,9.8,6,0.2913385803831608,9.861823773234407,19.354776274915242,6.0,0.0
6.8,0.24,0.29,9.5,0.042,56.0,157.0,0.99586,3.11,0.51,10.1,6,0.35668789581727456,10.141977645474618,12.830164471387787,6.0,0.0
6.7,0.21,0.48,14.8,0.05,31.0,195.0,0.99942,2.95,0.75,8.8,6,0.15897435815910585,8.80509815182991,9.71013085488282,6.0,0.0
6.1,0.3,0.3,2.1,0.031,50.0,163.0,0.9895,3.39,0.43,12.7,7,0.3067484643757763,12.834752061897865,10.166649722250462,7.0,0.0
7.2,0.37,0.4,11.6,0.032,34.0,214.0,0.9963,3.1,0.51,9.8,6,0.15887850393047429,9.836384787328328,9.350637206964667,5.511314502911772,0.4886854970882277
6.7,0.64,0.3,1.2,0.03,18.0,76.0,0.9892,3.16,0.6,12.9,4,0.23684210214681445,13.040827900497472,7.127651991859583,4.0,0.0
7.6,0.28,0.49,20.15,0.06,30.0,145.0,1.00196,3.01,0.44,8.5,5,0.20689655029726517,8.483364122954887,9.870117051796036,5.0,0.0
6.3,0.29,0.28,4.7,0.059,28.0,81.0,0.99036,3.24,0.56,12.7,8,0.345679008078037,12.823606745419093,11.052612188399667,8.0,0.0
6.2,0.28,0.28,4.3,0.026,22.0,105.0,0.989,2.98,0.64,13.1,8,0.2095238075283447,13.24568933701786,11.07140880105571,6.563490855193307,1.436509144806693
7.1,0.18,0.39,14.5,0.051,48.0,156.0,0.99947,3.35,0.78,9.1,5,0.3076923057199211,9.104816447900939,12.45611849803772,5.0,0.0
6.4,0.32,0.27,4.9,0.034,18.0,122.0,0.9916,3.36,0.71,12.5,6,0.14754098239720506,12.605876758897983,10.847439241628402,6.0,0.0
7.1,0.17,0.4,14.55,0.047,47.0,156.0,0.99945,3.34,0.78,9.1,6,0.3012820493507561,9.104998644255696,12.45611849803772,5.985239560221034,0.014760439778966017
5.8,0.24,0.26,10.05,0.039,63.0,162.0,0.99375,3.33,0.5,11.2,6,0.3888888864883402,11.270428910260215,11.599976800046399,6.0,0.0
7.1,0.18,0.39,15.25,0.047,45.0,158.0,0.99946,3.34,0.77,9.1,6,0.28481012477968276,9.104907545166844,12.45611849803772,6.0,0.0
7.8,0.29,0.29,3.15,0.044,41.0,117.0,0.99153,3.24,0.35,11.5,5,0.3504273474322449,11.598225370664155,13.448252675426422,5.0,0.0
6.2,0.255,0.27,1.3,0.037,30.0,86.0,0.98834,3.05,0.59,12.9,7,0.34883720524607903,13.052175311962166,11.80950131523559,7.0,0.0
8.2,0.34,0.29,5.2,0.076,19.0,92.0,0.99138,2.95,0.39,12.5,6,0.2065217368856333,12.608674162607514,13.01585235578991,5.914819240018227,0.08518075998177288
6.5,0.24,0.28,1.1,0.034,26.0,83.0,0.98928,3.25,0.33,12.3,6,0.31325300827406016,12.433272245196259,12.499975961584688,6.0,0.0
6.9,0.24,0.23,7.1,0.041,20.0,97.0,0.99246,3.1,0.85,11.4,6,0.2061855648846849,11.486597458237654,14.680819828042921,6.0,0.0
6.7,0.4,0.22,8.8,0.052,24.0,113.0,0.99576,3.22,0.45,9.4,5,0.21238937865142143,9.440016228793857,10.806434183170673,5.0,0.0
6.7,0.3,0.44,18.5,0.057,65.0,224.0,0.99956,3.11,0.53,9.1,5,0.29017857013313136,9.103996654531338,9.054041818862407,5.0,0.0
6.8,0.17,0.32,1.4,0.04,35.0,106.0,0.99026,3.16,0.66,12.0,5,0.3301886761302955,12.118017371177901,13.877522698933268,5.0,0.0
7.1,0.25,0.28,1.2,0.04,31.0,111.0,0.99174,3.18,0.53,11.1,5,0.27927927676324976,11.192438348318765,13.396201139243132,5.0,0.0
5.9,0.27,0.27,5.0,0.035,14.0,97.0,0.99058,3.1,0.33,11.8,7,0.14432989541927943,11.912201021420762,10.925905692767236,7.0,0.0
6.0,0.16,0.22,1.6,0.042,36.0,106.0,0.9905,3.24,0.32,11.4,6,0.3396226383054468,11.509327098104897,15.789432133073335,6.0,0.0
6.7,0.3,0.44,18.75,0.057,65.0,224.0,0.99956,3.11,0.53,9.1,5,0.29017857013313136,9.103996654531338,9.054041818862407,5.0,0.0
6.6,0.15,0.32,6.0,0.033,59.0,128.0,0.99192,3.19,0.71,12.1,8,0.46093749639892584,12.198552102435576,14.042523313780185,6.4619744647973025,1.5380255352026975
7.3,0.34,0.3,9.4,0.057,34.0,178.0,0.99554,3.15,0.44,10.4,6,0.19101123488195937,10.44658130604365,11.406232177762222,5.363149967967191,0.6368500320328092
6.0,0.17,0.29,9.7,0.044,33.0,98.0,0.99536,3.12,0.36,9.2,6,0.33673469044148274,9.242877709695275,13.043449905543685,6.0,0.0
6.7,0.47,0.29,4.75,0.034,29.0,134.0,0.99056,3.29,0.46,13.0,7,0.21641790883270218,13.123876268094545,8.815777873976481,7.0,0.0
6.6,0.21,0.29,5.35,0.029,43.0,106.0,0.99112,2.93,0.43,11.5,7,0.4056603735315059,11.603023243377953,13.199973600052799,7.0,0.0
8.0,0.24,0.48,6.8,0.047,13.0,134.0,0.99616,3.23,0.7,10.0,5,0.09701492464914235,10.03853794717922,11.11109567903378,5.0,0.0
5.6,0.34,0.3,6.9,0.038,23.0,89.0,0.99266,3.25,0.49,11.1,6,0.2584269633884611,11.182065176329079,8.749986328146361,6.0,0.0
5.8,0.54,0.0,1.4,0.033,40.0,107.0,0.98918,3.26,0.35,12.4,5,0.3738317722071797,12.535622904200546,10.740720850516942,6.201117603449826,-1.201117603449826
7.3,0.23,0.24,0.9,0.031,29.0,86.0,0.98926,2.9,0.38,12.2,6,0.33720929840454306,12.332438052243036,15.531881847059902,6.189990555868678,-0.18999055586867808
6.0,0.39,0.13,1.2,0.042,60.0,172.0,0.99114,3.06,0.52,10.6,5,0.3488372072742023,10.694744743684298,11.538439349155096,5.443545515541507,-0.4435455155415067
6.1,0.105,0.31,1.3,0.037,55.0,145.0,0.9912,3.41,0.41,11.1,7,0.37931034221165283,11.19853591753842,14.69875976202467,7.0,0.0
5.8,0.32,0.2,2.6,0.027,17.0,123.0,0.98936,3.36,0.78,13.9,7,0.13821138099015137,14.04947233618467,11.15382470418326,7.0,0.0
7.6,0.22,0.28,12.0,0.056,68.0,143.0,0.9983,2.99,0.3,9.2,6,0.4755244721991296,9.21565740192587,15.199969600060799,6.0,0.0
6.8,0.19,0.4,9.85,0.055,41.0,103.0,0.99532,2.98,0.56,10.5,6,0.3980582485625413,10.549360457581022,11.525404194230177,6.0,0.0
6.7,0.24,0.3,3.85,0.042,105.0,179.0,0.99189,3.04,0.59,11.3,8,0.5865921754938984,11.392380816037246,12.407384430769572,6.122633642378229,1.8773663576217707
6.8,0.17,0.34,2.0,0.04,38.0,111.0,0.99,3.24,0.45,12.9,6,0.34234233925817714,13.030289868394073,13.333307189593745,6.0,0.0
6.2,0.3,0.31,1.6,0.035,40.0,106.0,0.98914,3.26,0.39,12.9,7,0.377358487006052,13.041618940070222,10.16391776406924,6.807625301034152,0.1923746989658479
6.9,0.29,0.41,7.8,0.046,52.0,171.0,0.99537,3.12,0.51,9.6,5,0.30409356547313704,9.64464506199196,9.857128775530322,5.0,0.0
6.8,0.19,0.34,1.9,0.04,41.0,108.0,0.99,3.25,0.45,12.9,6,0.3796296261145405,13.030289868394073,12.830164471387787,6.0,0.0
6.6,0.24,0.27,10.3,0.047,54.0,219.0,0.99742,3.04,0.45,8.8,5,0.24657534133983863,8.822753882262356,12.941151095782164,5.0,0.0
6.6,0.16,0.36,1.1,0.031,27.0,93.0,0.98884,3.23,0.34,13.2,8,0.2903225775234132,13.348961056428687,12.692283284070605,6.7426857677814915,1.2573142322185085
6.7,0.16,0.36,2.0,0.045,24.0,131.0,0.99284,3.3,0.59,10.5,6,0.18320610547170912,10.575711518762823,12.884590606556525,6.0,0.0
6.5,0.3,0.27,4.0,0.038,37.0,97.0,0.99026,3.2,0.6,12.6,8,0.3814432950366671,12.723918239736795,11.40348876580918,8.0,0.0
6.5,0.22,0.19,1.1,0.064,36.0,191.0,0.99297,3.05,0.5,9.5,6,0.18848167440585512,9.567248187510007,15.85361986921983,6.0,0.0
6.2,0.36,0.45,10.4,0.06,22.0,184.0,0.99711,3.31,0.56,9.8,6,0.11956521674149338,9.828394230933165,7.65431153788699,6.0,0.0
6.2,0.37,0.24,6.1,0.032,19.0,86.0,0.98934,3.04,0.26,13.4,8,0.22093022998918338,13.544369433794818,10.16391776406924,8.0,0.0
7.6,0.31,0.24,1.8,0.037,39.0,150.0,0.9913,3.05,0.44,11.8,7,0.2599999982666667,11.903548972511881,13.818156694260553,6.161514791252352,0.838485208747648
5.9,0.32,0.28,4.7,0.039,34.0,94.0,0.98964,3.22,0.57,13.1,7,0.36170212381167954,13.237123360895517,9.833316944471758,6.9475867506018885,0.05241324939811154
5.8,0.22,0.3,1.1,0.047,36.0,131.0,0.992,3.26,0.45,10.4,5,0.2748091582075637,10.483860399334276,11.15382470418326,5.0,0.0
5.4,0.45,0.27,6.4,0.033,20.0,102.0,0.98944,3.22,0.27,13.4,8,0.19607842945021148,13.543000542730693,7.499989583347801,8.0,0.0
6.1,0.36,0.26,8.15,0.035,14.0,88.0,0.99031,3.06,0.27,13.0,7,0.1590909072830579,13.127189337490949,9.838693808558372,6.894169939248921,0.10583006075107892
7.5,0.21,0.32,4.8,0.056,39.0,113.0,0.99393,3.11,0.52,10.2,7,0.34513274030855984,10.262281788172418,14.15091669638359,7.0,0.0
6.9,0.28,0.33,1.2,0.039,16.0,98.0,0.9904,3.07,0.39,11.7,6,0.1632653044564765,11.8133967958433,11.311456866464152,6.0,0.0
7.8,0.2,0.2,1.4,0.036,25.0,83.0,0.99088,3.03,0.46,11.7,6,0.3012048156481348,11.807674180855217,19.499951250121875,6.0,0.0
6.7,0.28,0.31,7.4,0.041,7.0,81.0,0.99254,3.04,0.47,11.4,8,0.08641975201950924,11.485671624648251,11.355912956079734,8.0,0.0
8.0,0.2,0.44,1.0,0.057,24.0,111.0,0.99158,3.09,0.32,11.2,6,0.2162162142683224,11.295093391261025,12.499980468780517,6.0,0.0
6.0,0.28,0.27,15.5,0.036,31.0,134.0,0.99408,3.19,0.44,13.0,7,0.23134328185564715,13.07740516114884,10.909071074416227,7.0,0.0
6.7,0.24,0.36,8.4,0.042,42.0,123.0,0.99473,3.34,0.52,10.9,6,0.34146341185802104,10.957736312631255,11.166648055586574,6.0,0.0
6.3,0.22,0.28,2.4,0.042,38.0,102.0,0.98998,3.14,0.37,11.6,7,0.3725490159554018,11.717396596500336,12.599974800050399,7.0,0.0
6.0,0.24,0.28,3.95,0.038,61.0,134.0,0.99146,3.3,0.54,11.3,7,0.4552238771998218,11.397321730254644,11.538439349155096,7.0,0.0
7.7,0.43,1.0,19.95,0.032,42.0,164.0,0.99742,3.29,0.5,12.0,6,0.2560975594140393,12.031028021266847,5.3846116191527145,6.0,0.0
6.4,0.3,0.36,2.0,0.052,18.0,141.0,0.99273,3.38,0.53,10.5,6,0.12765957356269805,10.576883365181503,9.696955004613631,6.0,0.0
6.1,0.33,0.3,3.0,0.036,30.0,124.0,0.98922,3.31,0.4,13.1,7,0.24193548191987516,13.242743532537219,9.68252431345347,6.5129161629326635,0.4870838370673365
6.7,0.29,0.45,14.3,0.054,30.0,181.0,0.99869,3.14,0.57,9.1,5,0.1657458554378682,9.111927513114667,9.054041818862407,5.0,0.0
6.9,0.33,0.31,4.2,0.04,21.0,93.0,0.9896,3.18,0.48,13.4,7,0.22580644918487688,13.540810892470803,10.781233154323196,6.347442320798201,0.6525576792017986
6.5,0.16,0.34,1.4,0.029,29.0,133.0,0.99108,3.33,0.64,11.5,7,0.21804511114251796,11.603491541054666,12.999974000052,7.0,0.0
6.0,0.2,0.32,3.0,0.031,26.0,118.0,0.99134,3.38,0.68,11.2,7,0.22033898118356796,11.297827891714354,11.538439349155096,7.0,0.0
7.5,0.33,0.28,4.9,0.042,21.0,155.0,0.99385,3.36,0.57,10.9,6,0.13548387009365245,10.967438781064768,12.295061811374078,6.0,0.0
7.1,0.36,0.28,2.4,0.036,35.0,115.0,0.98936,3.19,0.44,13.5,7,0.3043478234404537,13.645170973992304,11.093732666042708,7.0,0.0
6.4,0.26,0.25,10.7,0.046,66.0,179.0,0.99606,3.17,0.55,9.9,6,0.3687150817390219,9.939150313083235,12.548995001970583,6.0,0.0
7.0,0.22,0.24,11.0,0.041,75.0,167.0,0.99508,2.98,0.56,10.5,6,0.44910179371795333,10.55190481980864,15.2173582231343,6.0,0.0
6.5,0.19,0.28,1.4,0.046,22.0,90.0,0.99038,3.18,0.51,11.7,7,0.2444444417283951,11.81363535851354,13.829757809025939,7.0,0.0
6.3,0.21,0.31,1.2,0.043,30.0,117.0,0.99158,3.49,0.68,11.0,6,0.25641025421871577,11.093395294988508,12.115361316612852,6.0,0.0
7.9,0.35,0.28,12.9,0.032,13.0,63.0,0.9932,2.99,0.43,13.0,6,0.20634920307382218,13.088992056995512,12.539662635456134,6.0,0.0
7.7,0.38,0.23,10.8,0.03,28.0,95.0,0.99164,2.93,0.41,13.6,6,0.29473683900277015,13.714640681456293,12.622930126344055,6.0,0.0
6.8,0.19,0.33,1.3,0.031,22.0,87.0,0.98987,3.08,0.62,12.3,7,0.25287356031179814,12.42586155165673,13.076897929042442,7.0,0.0
7.2,0.33,0.34,2.0,0.044,61.0,171.0,0.98947,3.25,0.53,13.3,7,0.35672514411271844,13.441525825415804,10.746252617533406,6.616211546577819,0.3837884534221807
6.6,0.29,0.29,1.8,0.036,38.0,102.0,0.98819,3.08,0.42,13.7,7,0.3725490159554018,13.863716629679889,11.379290725360818,6.642490597713566,0.3575094022864338
7.5,0.2,0.41,1.2,0.05,26.0,131.0,0.99133,3.19,0.52,11.1,5,0.19847328092768488,11.19706737709201,12.29506181137408,5.0,0.0
6.9,0.33,0.62,7.5,0.038,46.0,132.0,0.99143,3.23,0.43,13.4,7,0.34848484584481176,13.515817036183051,7.263150249315528,7.0,0.0
6.0,0.23,0.15,9.7,0.048,101.0,207.0,0.99571,3.05,0.3,9.1,5,0.48792270295689516,9.139198020309106,15.789432133073335,5.650994152386707,-0.6509941523867067
5.9,0.23,0.24,3.8,0.038,61.0,152.0,0.99139,3.31,0.5,11.3,7,0.40131578683344876,11.398126470787005,12.553164780500468,7.0,0.0
6.6,0.32,0.41,7.2,0.048,55.0,178.0,0.99537,3.2,0.46,9.4,5,0.3089887623090519,9.443714956533796,9.04108350536506,5.0,0.0
5.3,0.36,0.27,6.3,0.028,40.0,132.0,0.99186,3.37,0.4,11.6,6,0.30303030073461895,11.695187128035077,8.412685059230064,6.49904505658684,-0.49904505658683984
8.9,0.27,0.28,0.8,0.024,29.0,128.0,0.98984,3.01,0.35,12.4,6,0.22656249822998048,12.527264479850803,16.18178876038407,6.0,0.0
7.6,0.23,0.29,8.6,0.053,65.0,146.0,0.9963,3.11,0.32,9.8,6,0.44520547640270225,9.836384787328328,14.61535650892979,6.0,0.0
6.9,0.75,0.13,6.3,0.036,19.0,50.0,0.99312,3.09,0.25,11.1,4,0.37999999240000015,11.176885797400317,7.840900180795249,4.0,0.0
7.1,0.35,0.27,3.1,0.034,28.0,134.0,0.9897,3.26,0.38,13.1,7,0.20895522232122968,13.236320868625977,11.451594432912204,7.0,0.0
7.2,0.31,0.35,7.2,0.046,45.0,178.0,0.9955,3.14,0.53,9.7,5,0.2528089873437697,9.743837525025086,10.909074380190335,5.0,0.0
6.4,0.28,0.44,7.1,0.048,49.0,179.0,0.99528,3.15,0.48,9.2,5,0.27374301523048594,9.24362064582766,8.888876543227024,5.0,0.0
7.2,0.23,0.46,6.4,0.036,17.0,85.0,0.99279,3.1,0.78,11.7,6,0.19999999764705886,11.784957760495411,10.434767485844223,6.0,0.0
6.6,0.22,0.3,14.7,0.045,50.0,136.0,0.99704,3.14,0.37,10.6,6,0.36764705612024223,10.631458485659063,12.692283284070605,6.0,0.0
7.2,0.24,0.28,1.9,0.032,30.0,92.0,0.9914,3.1,0.39,10.9,6,0.3260869529773157,10.994542067236164,13.846127218986117,6.0,0.0
6.2,0.27,0.47,1.2,0.146,28.0,105.0,0.99224,3.23,0.51,10.1,5,0.26666666412698414,10.178978695699936,8.378367056260736,5.748317384680616,-0.7483173846806164
6.5,0.28,0.25,4.8,0.029,54.0,128.0,0.99074,3.17,0.44,12.2,7,0.4218749967041016,12.314015469229597,12.264127803532444,6.825123705199523,0.17487629480047673
7.2,0.27,0.31,1.2,0.031,27.0,80.0,0.98892,3.03,0.33,12.7,6,0.33749999578125006,12.842279615864157,12.413771700393617,6.0,0.0
7.8,0.28,0.25,3.4,0.024,27.0,99.0,0.98959,2.98,0.37,13.0,6,0.27272726997245184,13.13674033009597,14.716953364238934,6.0,0.0
8.1,0.26,0.27,4.3,0.03,43.0,123.0,0.99212,3.16,0.33,11.2,6,0.34959349309273585,11.288945602401318,15.282990032094277,6.0,0.0
6.6,0.23,0.37,8.5,0.036,46.0,153.0,0.99576,3.2,0.48,9.4,6,0.3006535928061857,9.440016228793857,10.999981666697222,6.0,0.0
6.0,0.33,0.2,1.8,0.031,49.0,159.0,0.9919,3.41,0.53,11.0,6,0.3081760986907164,11.089816423211591,11.320733357106873,6.470109219919979,-0.470109219919979
7.3,0.2,0.29,19.5,0.039,69.0,237.0,1.00037,3.1,0.48,9.2,6,0.29113923927789354,9.196588065827578,14.897928779737185,6.0,0.0
7.3,0.2,0.29,19.9,0.039,69.0,237.0,1.00037,3.1,0.48,9.2,6,0.29113923927789354,9.196588065827578,14.897928779737185,6.0,0.0
6.2,0.47,0.19,8.3,0.029,24.0,142.0,0.992,3.22,0.45,12.3,6,0.16901408331680223,12.399181049212652,9.393925160719455,6.0,0.0
7.2,0.14,0.32,1.1,0.022,48.0,116.0,0.99218,3.04,0.67,10.0,6,0.413793099881094,10.078806185564932,15.65213988665242,6.0,0.0
5.7,0.22,0.22,16.65,0.044,39.0,110.0,0.99855,3.24,0.48,9.0,6,0.3545454513223141,9.013059923829628,12.954516012463609,6.0,0.0
8.1,0.2,0.28,0.9,0.023,49.0,87.0,0.99062,2.92,0.36,11.1,6,0.5632183843308232,11.205092563149782,16.87496484382324,6.0,0.0
5.8,0.14,0.15,6.1,0.042,27.0,123.0,0.99362,3.06,0.6,9.9,6,0.21951219333729924,9.963557533506236,19.999931034720568,6.0,0.0
4.8,0.21,0.21,10.2,0.037,17.0,112.0,0.99324,3.66,0.48,12.2,7,0.1517857129304847,12.28302093852348,11.428544217751863,7.0,0.0
7.5,0.34,0.24,3.85,0.031,5.0,34.0,0.99098,3.01,0.36,11.8,4,0.1470588192041524,11.907392775441709,12.931012187910019,4.0,0.0
6.6,0.64,0.28,4.4,0.032,19.0,78.0,0.99036,3.11,0.62,12.9,6,0.2435897404667982,13.02555330833908,7.173905245755167,6.0,0.0
7.0,0.48,0.12,4.5,0.05,23.0,86.0,0.99398,2.86,0.35,9.0,5,0.2674418573553273,9.054499029659521,11.66664722225463,5.0,0.0
7.6,0.37,0.34,3.2,0.028,42.0,162.0,0.9903,3.01,0.33,12.4,6,0.25925925765889346,12.521445499903566,10.704210275760175,6.0,0.0
8.0,0.25,0.27,9.7,0.036,15.0,85.0,0.99406,2.99,0.36,11.2,6,0.17647058615916958,11.266914203454313,15.384585798873463,6.0,0.0
7.6,0.38,0.28,4.2,0.029,7.0,112.0,0.9906,3.0,0.41,12.6,6,0.06249999944196429,12.719551060416856,11.515134067978684,6.0,0.0
6.9,0.26,0.27,4.2,0.031,20.0,80.0,0.99089,3.12,0.39,11.5,6,0.24999999687500005,11.605716471337411,13.018843360672903,6.0,0.0
7.8,0.15,0.34,1.1,0.035,31.0,93.0,0.99096,3.07,0.72,11.3,7,0.333333329749104,11.403072371162942,15.918334860541101,7.0,0.0
5.9,0.655,0.0,5.6,0.033,8.0,31.0,0.9936,3.32,0.51,10.5,4,0.2580645078043707,10.56762221455091,9.007619835694907,4.0,0.0
7.8,0.31,0.4,1.6,0.027,20.0,87.0,0.9911,3.15,0.48,11.9,6,0.22988505482890742,12.00684894879533,10.985900019859127,6.101241271529655,-0.10124127152965468
8.1,0.17,0.21,1.6,0.036,24.0,119.0,0.99396,3.18,0.52,10.1,6,0.20168067057411201,10.161364480095296,21.315733379649,6.0,0.0
6.8,0.18,0.28,1.1,0.027,32.0,112.0,0.99089,3.15,0.45,11.0,7,0.28571428316326536,11.101120103018394,14.782576559616174,7.0,0.0
7.4,0.28,0.36,14.6,0.048,35.0,161.0,0.9968,3.14,0.56,10.6,5,0.21739130299756956,10.634018224299533,11.562481933621978,5.0,0.0
7.3,0.23,0.27,2.6,0.035,39.0,120.0,0.99138,3.04,0.59,11.3,7,0.3249999972916667,11.398241442997193,14.599970800058399,6.177624350438761,0.8223756495612387
6.7,0.22,0.22,1.2,0.038,5.0,124.0,0.99098,3.1,0.37,11.2,4,0.04032258031997919,11.301932125842978,15.227238119913364,4.0,0.0
7.4,0.25,0.28,7.25,0.028,14.0,78.0,0.99238,2.94,0.37,11.5,7,0.17948717718606183,11.588291190581035,13.962237807098477,7.0,0.0
7.5,0.3,0.21,6.55,0.026,33.0,143.0,0.99244,2.92,0.35,11.1,5,0.23076922915545994,11.184543967853001,14.705853517934278,5.0,0.0
7.2,0.26,0.24,7.0,0.023,19.0,130.0,0.99176,3.14,0.49,12.8,7,0.1461538450295858,12.90633529650793,14.3999712000576,6.506677488978468,0.4933225110215318
6.3,0.32,0.32,1.5,0.037,12.0,76.0,0.98993,3.3,0.46,12.3,6,0.15789473476454297,12.425108416647221,9.843734619164657,6.0,0.0
7.7,0.24,0.3,1.4,0.041,15.0,102.0,0.9929,3.26,0.53,10.4,6,0.1470588220876586,10.474357463634341,14.259232853272493,5.976392773314451,0.02360722668554871
7.0,0.24,0.35,1.0,0.032,42.0,104.0,0.98988,3.16,0.37,11.7,7,0.4038461499630178,11.819602558287308,11.864386670531067,7.0,0.0
5.8,0.28,0.28,4.2,0.044,52.0,158.0,0.992,3.35,0.44,10.7,7,0.3291139219676334,10.78627944931507,10.357124362277922,6.599806582177163,0.4001934178228366
6.8,0.19,0.71,17.5,0.042,21.0,114.0,0.99784,2.85,0.5,9.5,6,0.18421052469990767,9.520554877981562,7.5555471605031554,6.0,0.0
6.6,0.19,0.35,1.5,0.037,37.0,107.0,0.99006,3.18,0.68,12.0,7,0.34579438929164125,12.120465304663044,12.222199588519278,7.0,0.0
6.4,0.28,0.36,1.3,0.053,28.0,186.0,0.99211,3.31,0.45,10.8,5,0.15053763359926003,10.885878697040956,9.999984375024415,5.632836037048073,-0.6328360370480732
5.6,0.28,0.27,3.9,0.043,52.0,158.0,0.99202,3.35,0.44,10.7,7,0.3291139219676334,10.786061988607095,10.181799669455144,7.0,0.0
5.6,0.28,0.28,4.2,0.044,52.0,158.0,0.992,3.35,0.44,10.7,7,0.3291139219676334,10.78627944931507,9.999982142889028,7.0,0.0
6.8,0.19,0.32,7.6,0.049,37.0,107.0,0.99332,3.12,0.44,10.7,7,0.34579438929164125,10.771945826173008,13.333307189593745,7.0,0.0
7.2,0.16,0.29,1.0,0.031,40.0,123.0,0.98958,3.12,0.4,12.1,7,0.32520324938859146,12.227397251968256,15.99996444452346,7.0,0.0
6.6,0.17,0.28,1.1,0.034,55.0,108.0,0.98939,3.0,0.52,11.9,7,0.5092592545438958,12.027600817068278,14.6666340741465,7.0,0.0
6.6,0.19,0.28,11.8,0.042,54.0,137.0,0.99492,3.18,0.37,10.8,6,0.3941605810645213,10.855133221632672,14.042523313780183,6.0,0.0
5.8,0.2,0.24,1.4,0.033,65.0,169.0,0.99043,3.59,0.56,12.3,7,0.38461538233955395,12.418835840154438,13.181788223208583,7.0,0.0
6.6,0.39,0.38,9.7,0.053,49.0,226.0,0.99787,3.3,0.57,9.4,6,0.21681415833268072,9.420055297728865,8.57141743971761,6.0,0.0
6.8,0.12,0.3,12.9,0.049,32.0,88.0,0.99654,3.2,0.35,9.9,6,0.3636363595041323,9.934362961483773,16.19043764181514,6.0,0.0
6.6,0.295,0.24,1.6,0.039,29.0,140.0,0.99304,3.35,0.61,10.4,7,0.20714285566326532,10.472880777329435,12.336425539391517,6.0044306774226035,0.9955693225773965
6.6,0.26,0.24,7.2,0.038,28.0,137.0,0.9952,3.35,0.6,10.4,6,0.204379560551974,10.450150271151255,13.199973600052799,6.1578997782155955,-0.15789977821559553
7.0,0.32,0.27,7.1,0.027,37.0,122.0,0.99165,3.15,0.6,12.6,7,0.3032786860386993,12.7060830876992,11.864386670531065,7.0,0.0
7.4,0.36,0.23,1.9,0.017,31.0,69.0,0.9892,2.93,0.36,12.5,6,0.4492753558076036,12.6364611438929,12.542351623132843,6.0,0.0
6.7,0.35,0.48,8.8,0.056,35.0,167.0,0.99628,3.04,0.47,9.4,5,0.2095808370683782,9.435089096349323,8.072279430988639,5.0,0.0
6.4,0.38,0.24,7.2,0.047,41.0,151.0,0.99604,3.11,0.6,9.2,5,0.2715231770097803,9.236567571013643,10.322563995864522,5.0,0.0
6.8,0.14,0.18,1.4,0.047,30.0,90.0,0.99164,3.27,0.54,11.2,6,0.3333333296296297,11.294409972964006,21.24993359395752,5.905645869299479,0.09435413070052068
7.0,0.16,0.25,14.3,0.044,27.0,149.0,0.998,2.91,0.46,9.2,6,0.18120805247511373,9.218427636846055,17.073129089929047,6.0,0.0
6.8,0.16,0.18,1.8,0.046,31.0,114.0,0.99226,3.27,0.55,10.8,6,0.2719298221760542,10.884233079804607,19.999941176643603,6.0,0.0
7.2,0.24,0.3,1.2,0.037,11.0,95.0,0.98914,2.96,0.36,12.5,6,0.11578947246537398,12.637227655106804,13.333308642021032,6.0,0.0
7.7,0.32,0.61,11.8,0.041,66.0,188.0,0.99794,3.0,0.54,9.3,5,0.3510638279198733,9.319188208521345,8.279560989719366,5.0,0.0
7.0,0.29,0.33,0.9,0.041,20.0,117.0,0.99048,3.21,0.5,11.4,5,0.17094016947914387,11.50955949685052,11.290304370476822,5.0,0.0
7.1,0.27,0.24,12.6,0.044,48.0,118.0,0.99726,3.04,0.56,10.0,7,0.40677965756966394,10.027465227257457,13.921541330311115,7.0,0.0
6.8,0.45,0.28,26.05,0.031,27.0,122.0,1.00295,3.06,0.42,10.6,6,0.2213114735958076,10.56881143744809,9.315055732800365,6.0,0.0
6.3,0.2,0.26,4.7,0.04,108.0,168.0,0.99278,3.07,0.75,10.7,7,0.6428571390306123,10.777804974108085,13.695622400820868,7.0,0.0
6.6,0.36,0.28,6.1,0.029,12.0,93.0,0.99054,3.19,0.27,12.8,7,0.12903225667707252,12.92223138668667,10.312483886743927,6.642223456676617,0.35777654332338304
6.4,0.37,0.2,5.6,0.117,61.0,183.0,0.99459,3.24,0.43,9.5,5,0.33333333151183975,9.551664955745627,11.228050477104425,5.0,0.0
6.4,0.38,0.2,5.3,0.117,57.0,181.0,0.99459,3.24,0.43,9.5,6,0.3149171253319496,9.551664955745627,11.034463733683216,6.0,0.0
6.4,0.36,0.2,5.7,0.118,61.0,172.0,0.9946,3.24,0.43,9.5,6,0.35465116072877234,9.551568920602332,11.428551020444605,6.0,0.0
6.6,0.3,0.25,8.0,0.036,21.0,124.0,0.99362,3.06,0.38,10.8,6,0.1693548373439126,10.869335491097713,11.999978181857848,6.0,0.0
6.5,0.21,0.51,17.6,0.045,34.0,125.0,0.99966,3.2,0.47,8.8,6,0.27199999782400003,8.802984211647749,9.027765239214945,5.545737108335297,0.4542628916647029
7.6,0.31,0.27,8.8,0.021,57.0,156.0,0.99442,3.08,0.38,11.0,7,0.3653846130424063,11.061713298492288,13.103425683748819,7.0,0.0
5.8,0.58,0.0,1.5,0.02,33.0,96.0,0.98918,3.29,0.38,12.4,6,0.3437499964192709,12.535622904200546,9.999982758650416,6.276992587461546,-0.276992587461546
6.5,0.26,0.39,1.4,0.02,12.0,66.0,0.99089,3.25,0.75,11.3,7,0.18181817906336092,11.403877924009805,9.999984615408284,7.0,0.0
8.7,0.3,0.34,4.8,0.018,23.0,127.0,0.99474,3.12,0.49,11.2,7,0.18110236077872158,11.259212196943727,13.593728759798811,7.0,0.0
6.4,0.29,0.32,2.4,0.014,34.0,89.0,0.99008,3.24,0.66,12.5,7,0.38202246761772507,12.625229652927388,10.491786079039215,7.0,0.0
6.7,0.13,0.32,3.7,0.017,32.0,99.0,0.99348,3.12,0.44,10.0,6,0.3232323199673503,10.065617762191728,14.888855802542661,6.0,0.0
6.8,0.19,0.33,4.9,0.047,42.0,130.0,0.99283,3.12,0.56,11.0,6,0.323076920591716,11.079428422359898,13.076897929042442,6.0,0.0
6.0,0.25,0.4,5.7,0.052,56.0,152.0,0.99398,3.16,0.88,10.5,6,0.36842105020775623,10.56358220126944,9.230755029607646,6.0,0.0
6.4,0.24,0.23,2.0,0.046,30.0,133.0,0.9908,3.12,0.54,11.4,7,0.22556390807846685,11.505842242791438,13.616992304271696,5.906187202865738,1.0938127971342624
5.9,0.18,0.28,5.1,0.039,50.0,139.0,0.99165,3.16,0.44,11.3,6,0.3597122276279696,11.395138007222299,12.826059073784624,6.462068932616579,-0.462068932616579
7.2,0.33,0.22,4.5,0.031,10.0,73.0,0.99076,2.97,0.52,12.2,7,0.13698629949333838,12.313766892318126,13.090885289299473,7.0,0.0
6.4,0.29,0.24,3.2,0.037,31.0,95.0,0.98942,2.9,0.66,12.6,7,0.3263157860387812,12.734720609326061,12.075448914247332,7.0,0.0
7.3,0.31,0.25,6.65,0.032,30.0,138.0,0.99244,2.9,0.37,11.1,5,0.2173913027725268,11.184543967853001,13.035691007694627,5.0,0.0
7.0,0.29,0.37,1.6,0.035,34.0,126.0,0.99058,3.26,0.47,12.3,6,0.2698412676996725,12.41695530198944,10.606044536296158,6.0,0.0
6.9,0.19,0.6,4.0,0.037,6.0,122.0,0.99255,2.92,0.59,10.4,4,0.04918032746573502,10.47805100191325,8.734166159283342,4.0,0.0
6.3,0.32,0.17,17.75,0.06,51.0,190.0,0.99916,3.13,0.48,8.8,6,0.2684210512188366,8.807389399706354,12.857116618129352,6.0,0.0
6.6,0.085,0.33,1.4,0.036,17.0,109.0,0.99306,3.27,0.61,9.5,6,0.1559633013214376,9.56638111858184,15.903576135961117,6.0,0.0
6.8,0.18,0.32,7.2,0.047,17.0,109.0,0.99498,3.42,0.44,10.4,6,0.1559633013214376,10.452460901263441,13.599972800054399,6.213328784537535,-0.21332878453753512
6.8,0.52,0.26,5.7,0.038,27.0,130.0,0.99,3.11,0.27,13.0,7,0.20769230609467457,13.13129986737387,8.717937541105716,7.0,0.0
7.1,0.28,0.28,8.5,0.03,25.0,191.0,0.99338,3.16,0.46,12.2,7,0.13089005167073273,12.281289857567236,12.678548788305733,7.0,0.0
5.7,0.15,0.47,11.4,0.035,49.0,128.0,0.99456,3.03,0.34,10.5,8,0.3828124970092774,10.5574218172641,9.19353355881684,8.0,0.0
5.8,0.275,0.3,5.4,0.043,41.0,149.0,0.9926,3.33,0.42,10.8,7,0.2751677833881357,10.880504855425292,10.086938979236558,6.267960453771013,0.7320395462289868
5.4,0.53,0.16,2.7,0.036,34.0,128.0,0.98856,3.2,0.53,13.2,8,0.2656249979248047,13.352742015920109,7.826075614383167,8.0,0.0
5.8,0.32,0.28,4.3,0.032,46.0,115.0,0.98946,3.16,0.57,13.0,8,0.3999999965217392,13.13846629629667,9.666650555582406,8.0,0.0
6.7,0.22,0.39,1.2,0.049,26.0,152.0,0.99346,3.5,0.47,10.0,6,0.1710526304536011,10.065820399592937,10.983588551494178,6.0,0.0
6.1,0.6,0.12,1.8,0.05,11.0,76.0,0.99268,3.42,0.48,10.4,4,0.14473684020083105,10.476678812226687,8.472210455263257,4.0,0.0
6.5,0.26,0.31,1.3,0.034,59.0,145.0,0.98944,3.16,0.54,12.4,6,0.40689654891795485,12.532328860437358,11.40348876580918,6.0,0.0
5.0,0.29,0.54,5.7,0.035,54.0,155.0,0.98976,3.27,0.34,12.9,8,0.3483870945265349,13.03344948932116,6.02408912760346,8.0,0.0
6.8,0.21,0.26,11.7,0.038,61.0,152.0,0.99523,3.02,0.56,10.5,7,0.40131578683344876,10.550314449610191,14.468054323288674,7.0,0.0
6.5,0.27,0.26,11.0,0.03,2.0,82.0,0.99402,3.07,0.36,11.2,5,0.02439024360499703,11.267367590825545,12.264127803532444,5.0,0.0
5.9,0.37,0.32,1.6,0.029,41.0,102.0,0.98916,3.41,0.55,12.7,7,0.40196078037293353,12.839163695293282,8.550712245344572,7.0,0.0
6.2,0.21,0.18,11.6,0.044,61.0,155.0,0.99655,3.14,0.52,9.4,6,0.3935483845577524,9.432532805646675,15.89739513488427,6.0,0.0
6.8,0.3,0.29,6.2,0.025,29.0,95.0,0.99071,3.03,0.32,12.9,7,0.3052631546814405,13.020951619594413,11.525404194230179,7.0,0.0
7.3,0.41,0.29,1.8,0.032,26.0,74.0,0.98889,2.96,0.35,13.0,8,0.3513513466033602,13.146039351151947,10.428556530633527,8.0,0.0
5.4,0.3,0.3,1.2,0.029,25.0,93.0,0.98742,3.31,0.4,13.6,7,0.26881720141056775,13.7732537590349,8.999985000025001,6.8260123771500165,0.17398762284998348
6.6,0.34,0.2,1.0,0.053,26.0,112.0,0.99336,3.32,0.55,9.1,5,0.2321428550701531,9.160818675184549,12.222199588519278,5.0,0.0
5.6,0.25,0.19,2.4,0.049,42.0,166.0,0.992,3.25,0.43,10.4,6,0.2530120466686021,10.483860399334276,12.727243801718632,6.0,0.0
5.3,0.3,0.3,1.2,0.029,25.0,93.0,0.98742,3.31,0.4,13.6,7,0.26881720141056775,13.7732537590349,8.833318611135647,7.0,0.0
6.9,0.58,0.58,8.2,0.032,29.0,169.0,0.99275,3.28,0.44,12.2,6,0.17159763212072407,12.289083566775554,5.948270734249368,6.0,0.0
7.2,0.23,0.25,18.8,0.085,19.0,111.0,1.00044,3.1,0.51,8.7,5,0.17117116962908857,8.696164991238863,14.999968750065106,5.0,0.0
7.1,0.2,0.27,9.6,0.037,19.0,105.0,0.99444,3.04,0.37,10.5,7,0.18095237922902496,10.558695789896031,15.106350837551409,7.0,0.0
6.8,0.15,0.41,12.9,0.044,79.5,183.0,0.99742,3.24,0.78,10.2,6,0.4344262271342829,10.22637381807682,12.142835459222395,6.0,0.0
7.0,0.22,0.26,9.2,0.027,37.0,122.0,0.99228,3.06,0.34,12.5,8,0.3032786860386993,12.597238080745273,14.583302951452186,8.0,0.0
6.4,0.16,0.44,1.2,0.051,39.0,122.0,0.99058,3.11,0.75,11.3,7,0.31967212852727767,11.407446740852086,10.66664888891852,7.0,0.0
6.8,0.31,0.3,8.0,0.028,33.0,122.0,0.99164,3.13,0.63,12.6,7,0.27049180106154264,12.706211219584507,11.147522708979166,7.0,0.0
7.6,0.3,0.37,1.6,0.087,27.0,177.0,0.99438,3.09,0.5,9.8,5,0.15254237201953463,9.855377365416274,11.343266651840818,5.0,0.0
6.0,0.16,0.27,12.0,0.03,39.0,98.0,0.99402,3.15,0.34,10.8,5,0.3979591796126614,10.86496160543892,13.953455922195529,5.0,0.0
7.1,0.21,0.35,2.5,0.04,41.0,186.0,0.99128,3.32,0.56,12.5,6,0.22043010634177362,12.609946120222217,12.678548788305735,6.0,0.0
5.6,0.21,0.24,4.4,0.027,37.0,150.0,0.991,3.3,0.31,11.5,7,0.24666666502222223,11.604428249820131,12.444416790184912,7.0,0.0
7.4,0.22,0.26,8.8,0.027,23.0,112.0,0.9931,2.98,0.41,11.4,6,0.20535714102359695,11.479194966070924,15.416634548678026,6.0,0.0
6.4,0.15,0.4,1.3,0.053,61.0,146.0,0.99112,3.17,0.68,11.0,6,0.4178082163163821,11.098543971926738,11.636342479377308,6.0,0.0
6.8,0.15,0.41,12.9,0.044,79.5,182.0,0.99742,3.24,0.78,10.2,6,0.4368131844131144,10.22637381807682,12.142835459222395,6.0,0.0
6.3,0.22,0.34,1.2,0.036,32.0,96.0,0.98961,3.06,0.74,11.6,6,0.33333332986111114,11.721777546935108,11.249979910750158,6.0,0.0
7.0,0.3,0.27,1.5,0.076,24.0,145.0,0.99344,3.1,0.52,10.1,5,0.16551724023781214,10.16668327560469,12.280680209332964,5.0,0.0
6.6,0.26,0.22,18.15,0.05,23.0,139.0,0.99904,3.06,0.5,9.2,5,0.165467624708866,9.208831269187149,13.749971354226346,5.0,0.0
7.5,0.24,0.31,13.1,0.05,26.0,180.0,0.99884,3.05,0.53,9.1,6,0.1444444436419753,9.110559138040989,13.636338843020283,6.0,0.0
6.6,0.15,0.34,1.0,0.037,45.0,79.0,0.98949,2.96,0.5,11.7,6,0.5696202459541742,11.824261160536073,13.469360266611702,6.0,0.0
6.7,0.34,0.43,1.6,0.041,29.0,114.0,0.99014,3.23,0.44,12.6,6,0.2543859626808249,12.725460313228115,8.701287400925453,6.702639048715787,-0.7026390487157874
7.7,0.35,0.46,11.8,0.088,61.0,183.0,0.99786,2.86,0.47,9.0,5,0.33333333151183975,9.019292266157311,9.50616110350481,5.0,0.0
6.7,0.31,0.09,1.4,0.039,53.0,141.0,0.99206,3.12,0.44,10.1,5,0.37588652215683316,10.180825574233841,16.749958125104687,5.0,0.0
4.7,0.67,0.09,1.0,0.02,5.0,9.0,0.98722,3.3,0.34,13.6,5,0.5555554938271674,13.776044067133904,6.184202389207383,5.0,0.0
6.3,0.2,0.18,10.6,0.045,57.0,159.0,0.99666,3.09,0.54,9.2,5,0.3584905637830782,9.230821713702051,16.578903739727,5.534671943769097,-0.534671943769097
6.6,0.28,0.23,10.4,0.049,45.0,190.0,0.99754,3.12,0.51,8.8,5,0.2368421040166205,8.821692541960681,12.941151095782164,5.0,0.0
8.5,0.18,0.3,1.1,0.028,34.0,95.0,0.99272,2.83,0.36,10.0,4,0.3578947330747923,10.0733237233825,17.708296441049082,4.0,0.0
6.5,0.35,0.38,7.4,0.036,20.0,196.0,0.99712,3.47,0.48,9.1,6,0.1020408158059142,9.126274544413365,8.904097391647408,5.611399660418033,0.38860033958196727
6.8,0.22,0.26,1.2,0.041,29.0,182.0,0.99104,3.04,0.35,11.2,5,0.1593406584651612,11.30124787975472,14.166637152839266,5.0,0.0
6.3,0.18,0.24,3.4,0.053,20.0,119.0,0.99373,3.11,0.52,9.2,6,0.16806722547842667,9.25803864426087,14.99996428579932,6.0,0.0
6.6,0.3,0.45,8.0,0.038,54.0,200.0,0.9956,3.18,0.48,9.5,5,0.26999999865,9.541975148679038,8.79998826668231,5.085489386087666,-0.08548938608766576
6.3,0.34,0.27,2.5,0.024,40.0,152.0,0.99095,3.35,0.6,11.9,7,0.26315789300554016,12.008666422456812,10.327851921554224,7.0,0.0
7.7,0.3,0.23,2.0,0.068,28.0,138.0,0.99382,3.11,0.62,9.8,5,0.20289854925435835,9.860930690738071,14.52827447495382,5.0,0.0
7.7,0.31,0.23,2.0,0.069,29.0,134.0,0.99382,3.11,0.62,9.8,5,0.21641790883270218,9.860930690738071,14.259232853272493,5.0,0.0
5.7,0.265,0.28,6.9,0.036,46.0,150.0,0.99299,3.36,0.44,10.8,7,0.30666666462222225,10.876231506629969,10.45869640606164,7.0,0.0
5.4,0.255,0.33,1.2,0.051,29.0,122.0,0.99048,3.37,0.66,11.3,6,0.23770491608438593,11.408598448632533,9.230753451703501,6.0,0.0
6.6,0.26,0.28,9.4,0.028,13.0,121.0,0.99254,3.17,0.34,12.1,6,0.10743801564100813,12.190932163003845,12.222199588519278,6.0,0.0
4.8,0.17,0.28,2.9,0.03,22.0,111.0,0.9902,3.38,0.34,11.3,7,0.19819819641262887,11.411824467961557,10.666642963015637,7.0,0.0
6.2,0.2,0.33,5.4,0.028,21.0,75.0,0.99012,3.36,0.41,13.5,7,0.2799999962666667,13.634697173375779,11.698091135677101,7.0,0.0
7.5,0.28,0.41,1.3,0.044,11.0,126.0,0.99293,3.28,0.45,10.3,5,0.08730158660871756,10.37332906314739,10.869549464421066,5.0,0.0
6.2,0.22,0.2,20.8,0.035,58.0,184.0,1.00022,3.11,0.53,9.0,6,0.3152173895912098,8.998011439471876,14.761869614596156,6.0,0.0
7.0,0.34,0.26,10.3,0.041,51.0,166.0,0.99382,3.08,0.35,11.6,6,0.307228913811874,11.672122042098124,11.666647222254626,6.388752082067034,-0.38875208206703427
6.5,0.19,0.34,1.6,0.029,39.0,116.0,0.98954,3.21,0.68,12.5,6,0.33620689365338885,12.632119336136654,12.264127803532444,6.0,0.0
6.0,0.21,0.29,13.1,0.042,28.0,125.0,0.99936,3.39,0.45,8.6,5,0.223999998208,8.60549891380592,11.999976000048,5.0,0.0
6.1,0.22,0.46,1.8,0.16,34.0,74.0,0.9884,3.19,0.33,13.4,6,0.45945945325054793,13.557250549119235,8.970575043271994,6.0,0.0
6.5,0.32,0.48,8.0,0.026,18.0,88.0,0.99144,3.22,0.79,12.7,4,0.20454545222107443,12.80963768897998,8.124989843762695,4.0,0.0
7.1,0.21,0.72,1.6,0.167,65.0,120.0,0.99324,2.97,0.51,9.2,5,0.5416666621527778,9.262605953640657,7.634400393117857,5.0,0.0
5.6,0.26,0.18,1.4,0.034,18.0,135.0,0.99174,3.32,0.35,10.2,6,0.133333332345679,10.284943347103729,12.727243801718632,6.0,0.0
7.0,0.15,0.28,14.7,0.051,29.0,149.0,0.99792,2.96,0.39,9.0,7,0.19463087117697403,9.018749981210936,16.279031909228117,7.0,0.0
7.4,0.27,0.28,1.8,0.04,45.0,121.0,0.99043,3.02,0.4,11.9,5,0.37190082337272046,12.014971259986813,13.454520991780013,5.0,0.0
6.8,0.22,0.3,10.6,0.07,67.0,194.0,0.99654,2.89,0.42,9.0,6,0.3453608229620576,9.03123905589434,13.076897929042442,6.0,0.0
6.2,0.24,0.25,12.5,0.055,47.0,134.0,0.99758,3.3,0.51,9.0,5,0.350746266039207,9.021823791752249,12.65303540196857,5.0,0.0
6.3,0.28,0.29,6.8,0.051,40.0,143.0,0.99374,3.43,0.59,11.0,6,0.2797202777641939,11.069282640044035,11.052612188399667,6.0,0.0
5.5,0.17,0.23,2.9,0.039,10.0,108.0,0.99243,3.28,0.5,10.0,5,0.09259259173525378,10.076267266943495,13.749965625085938,5.0,0.0
6.5,0.26,0.34,1.4,0.04,25.0,184.0,0.99216,3.29,0.46,10.7,5,0.13586956447896975,10.78454000913158,10.833315277807868,5.246370869152348,-0.24637086915234807
6.6,0.27,0.33,1.4,0.042,24.0,183.0,0.99215,3.29,0.46,10.7,5,0.13114754026695333,10.78464870770679,10.99998166669722,5.0,0.0
5.4,0.46,0.15,2.1,0.026,29.0,130.0,0.98953,3.39,0.77,13.4,8,0.22307692136094676,13.541768777329866,8.852444504189338,8.0,0.0
7.8,0.19,0.32,7.4,0.015,47.0,124.0,0.99278,2.99,0.39,11.0,6,0.3790322550078044,11.079986421980275,15.294087658651648,6.0,0.0
7.8,0.2,0.32,5.0,0.016,31.0,101.0,0.99186,2.99,0.39,11.0,6,0.3069306900303892,11.090263655895333,14.999971153901626,6.0,0.0
6.1,0.17,0.28,2.5,0.028,22.0,98.0,0.99072,3.16,0.37,11.1,7,0.22448979362765517,11.203961559308825,13.555525432165703,7.0,0.0
7.4,0.2,0.35,6.1,0.025,10.0,40.0,0.99244,2.79,0.52,10.9,5,0.24999999375000018,10.983020653116911,13.454520991780013,5.0,0.0
6.7,0.39,0.24,2.7,0.017,22.0,80.0,0.99084,3.03,0.37,11.5,5,0.27499999656250007,11.606302121127404,10.634903754121025,5.0,0.0
6.9,0.4,0.17,12.9,0.033,59.0,186.0,0.99754,3.08,0.49,9.4,5,0.3172042993698694,9.423171578912546,12.105241920628208,5.0,0.0
6.3,0.24,0.29,13.7,0.035,53.0,134.0,0.99567,3.17,0.38,10.6,6,0.3955223851080419,10.646086910234404,11.886770024962216,6.0,0.0
7.4,0.27,0.31,2.4,0.014,15.0,143.0,0.99094,3.03,0.65,12.0,4,0.1048951041615727,12.10970178850204,12.758598692071219,4.0,0.0
6.1,0.27,0.28,9.8,0.042,61.0,125.0,0.99532,3.14,0.42,10.2,6,0.48799999609600003,10.247950158792992,11.090888925656497,6.0,0.0
5.0,0.61,0.12,1.3,0.009,65.0,100.0,0.9874,3.26,0.37,13.5,5,0.6499999935,13.672256762956488,6.849305685882622,6.621042019326718,-1.621042019326718
6.7,0.42,0.39,12.1,0.04,61.0,248.0,0.99794,3.31,0.58,9.7,5,0.24596774094367846,9.720013507812585,8.271594726426263,5.0,0.0
6.5,0.33,0.28,6.1,0.018,41.0,103.0,0.99122,3.24,0.32,12.2,6,0.3980582485625413,12.308052391948918,10.6557202365242,6.0,0.0
6.9,0.33,0.31,7.7,0.04,29.0,135.0,0.99226,3.11,0.57,12.3,5,0.21481481322359397,12.395932118666359,10.781233154323196,5.0,0.0
6.3,0.15,0.3,1.4,0.022,38.0,100.0,0.99099,3.42,0.57,11.4,7,0.3799999962,11.503636259057851,13.999968888958026,7.0,0.0
6.5,0.32,0.45,7.7,0.022,31.0,97.0,0.99134,3.2,0.7,12.7,7,0.3195876255712616,12.810929841497526,8.441547478509767,7.0,0.0
7.4,0.25,0.29,6.8,0.02,31.0,113.0,0.99338,3.13,0.29,10.8,6,0.274336280758086,10.871961513256243,13.703678326521617,6.0,0.0
7.6,0.27,0.3,9.2,0.018,23.0,96.0,0.9938,3.08,0.29,11.0,6,0.23958333083767364,11.068614340295492,13.333309941561502,6.0,0.0
6.4,0.27,0.45,8.3,0.05,52.0,196.0,0.9955,3.18,0.48,9.5,5,0.26530612109537693,9.542933658529725,8.888876543227024,5.0,0.0
6.5,0.25,0.27,17.4,0.064,29.0,140.0,0.99776,3.2,0.49,10.1,6,0.20714285566326532,10.122664646142713,12.499975961584688,6.0,0.0
5.6,0.19,0.31,2.7,0.027,11.0,100.0,0.98964,3.46,0.4,13.2,7,0.10999999890000002,13.338170104108459,11.199977600044798,6.276657727638995,0.7233422723610046
7.4,0.29,0.48,12.8,0.037,61.5,182.0,0.99808,3.02,0.34,8.8,5,0.3379120860554281,8.816919668844513,9.610377129380351,5.501696511217885,-0.5016965112178848
6.4,0.34,0.44,8.2,0.043,54.0,201.0,0.99551,3.18,0.48,9.5,5,0.2686567150813099,9.542837798879168,8.205117685746556,5.0,0.0
6.6,0.27,0.52,8.1,0.044,53.0,202.0,0.99548,3.18,0.48,9.5,5,0.2623762363248701,9.543125383608526,8.354419804531892,5.0,0.0
6.6,0.26,0.52,8.2,0.047,52.0,191.0,0.99541,3.16,0.47,9.5,6,0.27225130747512405,9.543796482056155,8.461527613426135,6.0,0.0
6.5,0.26,0.5,8.0,0.051,46.0,197.0,0.99536,3.18,0.47,9.5,5,0.23350253688577394,9.544275895880991,8.552620325499571,5.0,0.0
6.8,0.25,0.3,11.8,0.043,53.0,133.0,0.99524,3.03,0.58,10.4,6,0.39849623760529146,10.4497302663375,12.36361388433839,6.0,0.0
6.3,0.32,0.26,12.0,0.049,63.0,170.0,0.9961,3.14,0.55,9.9,6,0.37058823311418687,9.938751190893294,10.862050237844416,6.0,0.0
5.5,0.24,0.45,1.7,0.046,22.0,113.0,0.99224,3.22,0.48,10.0,5,0.19469026376380297,10.078196728415778,7.971002940575449,5.0,0.0
6.6,0.13,0.29,13.9,0.056,33.0,95.0,0.99702,3.17,0.39,9.4,6,0.34736841739612195,9.428086268995337,15.714248299408812,6.0,0.0
7.0,0.39,0.21,10.7,0.098,13.0,91.0,0.99657,3.03,0.47,9.3,5,0.14285714128728416,9.331999426031864,11.66664722225463,5.0,0.0
7.9,0.21,0.39,2.0,0.057,21.0,138.0,0.99176,3.05,0.52,10.9,5,0.15217391194076876,10.990551150932534,13.166644722258797,5.0,0.0
7.0,0.3,0.28,2.2,0.042,21.0,177.0,0.99166,3.2,0.57,11.4,5,0.11864406712630471,11.495864009979217,12.068944708716018,5.736399367088124,-0.7363993670881239
8.1,0.2,0.3,1.3,0.036,7.0,49.0,0.99242,2.99,0.73,10.3,5,0.14285713994169102,10.378659863102454,16.1999676000648,5.0,0.0
8.3,0.18,0.3,1.1,0.033,20.0,57.0,0.99109,3.02,0.51,11.0,6,0.35087718682671604,11.098879921218131,17.291630642436164,6.0,0.0
7.2,0.17,0.34,6.4,0.042,16.0,111.0,0.99278,2.99,0.4,10.8,6,0.14414414284554827,10.878532123398816,14.117619377216906,6.461262167353648,-0.4612621673536479
6.8,0.21,0.62,6.4,0.041,7.0,113.0,0.99358,2.96,0.59,10.2,5,0.061946902106664585,10.265896791504668,8.192761213540706,5.0,0.0
6.9,0.21,0.62,6.3,0.042,7.0,109.0,0.99358,2.96,0.59,10.2,6,0.06422018289706255,10.265896791504668,8.313242996092777,6.0,0.0
6.8,0.26,0.34,15.1,0.06,42.0,162.0,0.99705,3.24,0.52,10.5,3,0.25925925765889346,10.531056084392874,11.333314444475924,3.0,0.0
7.2,0.28,0.38,2.0,0.052,23.0,156.0,0.9912,3.13,0.52,11.1,5,0.14743589649079553,11.19853591753842,10.909074380190333,5.57738814943987,-0.5773881494398703
7.4,0.34,0.28,12.1,0.049,31.0,149.0,0.99677,3.22,0.49,10.3,5,0.2080536898788343,10.33336644023552,11.935464620218353,5.0,0.0
6.3,0.43,0.32,8.8,0.042,18.0,106.0,0.99172,3.28,0.33,12.9,7,0.1698113191527234,13.007690671065752,8.399988800014933,6.7514631258093525,0.24853687419064752
6.8,0.41,0.3,8.8,0.045,28.0,131.0,0.9953,3.12,0.59,9.9,5,0.21374045638366065,9.94673972999123,9.577451299364366,5.256459713162293,-0.2564597131622932
6.3,0.4,0.24,5.1,0.036,43.0,131.0,0.99186,3.24,0.44,11.3,6,0.32824427230347886,11.392725391965206,9.843734619164657,6.0,0.0
5.1,0.35,0.26,6.8,0.034,36.0,120.0,0.99188,3.38,0.4,11.5,6,0.2999999975,11.594132763910187,8.360642031734374,6.0,0.0
6.3,0.3,0.2,3.7,0.039,34.0,132.0,0.99158,3.0,0.38,10.7,5,0.2575757556244261,10.790848150579729,12.599974800050399,5.64352381626501,-0.6435238162650103
6.9,0.28,0.28,12.2,0.042,52.0,139.0,0.99522,3.03,0.56,10.4,6,0.37410071673308837,10.44994026452416,12.32140656891684,6.070149484241038,-0.07014948424103817
7.0,0.33,0.28,5.7,0.033,39.0,204.0,0.99176,3.17,0.64,12.5,6,0.19117646965109575,12.603843062996024,11.475391023949138,6.0,0.0
6.7,0.26,0.49,8.1,0.052,48.0,197.0,0.99558,3.19,0.48,9.5,5,0.2436548210981989,9.542166835244947,8.933321422238103,5.0,0.0
7.3,0.24,0.3,2.5,0.042,31.0,104.0,0.9911,3.05,0.56,11.3,7,0.29807692021079885,11.401461606839263,13.518493484271323,6.148942553227692,0.851057446772308
6.7,0.46,0.21,4.0,0.034,12.0,88.0,0.99016,3.26,0.54,13.0,6,0.13636363481404962,13.129177982166535,9.99998507464914,6.0,0.0
5.1,0.23,0.18,1.0,0.053,13.0,99.0,0.98956,3.22,0.39,11.5,5,0.13131312998673605,11.621314906306937,12.43899405123402,5.0,0.0
7.1,0.44,0.23,5.8,0.035,24.0,100.0,0.99062,3.15,0.57,13.2,7,0.23999999760000004,13.324974939961903,10.596999108956553,7.0,0.0
4.8,0.26,0.23,10.6,0.034,23.0,111.0,0.99274,3.46,0.28,11.5,7,0.20720720534047563,11.58408890133479,9.7958983757176,7.0,0.0
6.8,0.31,0.19,3.5,0.086,30.0,130.0,0.993,2.83,0.44,9.6,5,0.23076922899408286,9.667663980197402,13.599972800054399,5.0,0.0
7.0,0.15,0.29,16.4,0.058,45.0,110.0,0.9978,3.15,0.37,9.7,6,0.40909090537190085,9.721377308701834,15.909054752148293,6.0,0.0
6.5,0.41,0.22,4.8,0.052,49.0,142.0,0.9946,3.14,0.62,9.2,5,0.3450704201051379,9.249940428372783,10.317443940565173,5.0,0.0
6.2,0.31,0.23,3.3,0.052,34.0,113.0,0.99429,3.16,0.48,8.4,5,0.3008849530895137,8.448230950496384,11.48146021951811,5.545198006924102,-0.5451980069241023
8.0,0.27,0.33,1.2,0.05,41.0,103.0,0.99002,3.0,0.45,12.4,6,0.3980582485625413,12.524986843713416,13.333311111148145,6.062704578867625,-0.06270457886762504
6.7,0.37,0.25,2.5,0.028,24.0,84.0,0.9909,3.14,0.36,11.7,6,0.2857142823129252,11.807435858879948,10.806434183170673,5.996418176050222,0.00358182394977824
6.6,0.21,0.5,8.7,0.036,41.0,191.0,0.99294,2.96,0.56,11.0,6,0.21465968474000166,11.07820102100729,9.295761555265415,6.0,0.0
7.5,0.26,0.31,1.6,0.032,36.0,109.0,0.99044,2.97,0.43,11.9,6,0.33027522632775025,12.014849950678537,13.157871652856747,6.0,0.0
7.5,0.34,0.28,4.0,0.028,46.0,100.0,0.98958,3.2,0.5,13.2,7,0.4599999954000001,13.338978820329007,12.096754682653735,7.0,0.0
6.4,0.32,0.23,16.2,0.055,36.0,176.0,0.9986,3.26,0.54,9.1,5,0.20454545338326446,9.112748735480936,11.636342479377308,5.0,0.0
6.7,0.24,0.32,9.0,0.023,20.0,109.0,0.99262,3.34,0.35,12.6,6,0.18348623684875012,12.69366656558747,11.964264349527946,6.0,0.0
7.1,0.39,0.79,1.4,0.194,23.0,90.0,0.99212,3.17,0.46,10.5,6,0.2555555527160494,10.583386502251237,6.016944053437242,6.0,0.0
8.2,0.31,0.43,7.0,0.047,18.0,87.0,0.99628,3.23,0.64,10.6,5,0.20689654934601667,10.639568555457746,11.081066106667421,5.0,0.0
5.9,0.17,0.29,3.1,0.03,32.0,123.0,0.98913,3.41,0.33,13.7,7,0.26016259951087317,13.850541535954287,12.826059073784625,7.0,0.0
5.9,0.2,0.23,1.5,0.037,38.0,93.0,0.99021,3.36,0.49,12.0,6,0.408602146144063,12.118629261844193,13.720898323492271,6.0,0.0
6.6,0.32,0.26,4.6,0.031,26.0,120.0,0.99198,3.4,0.73,12.5,7,0.21666666486111114,12.601047802326859,11.379290725360816,7.0,0.0
5.9,0.12,0.27,4.8,0.03,40.0,110.0,0.99226,3.55,0.68,12.1,6,0.36363636033057856,12.194372246818125,15.128166338035031,6.0,0.0
5.9,0.18,0.29,4.6,0.032,68.0,137.0,0.99159,3.21,0.38,11.3,6,0.4963503613405083,11.39582751356154,12.553164780500468,6.0,0.0
5.4,0.17,0.27,2.7,0.049,28.0,104.0,0.99224,3.46,0.55,10.3,6,0.26923076664201184,10.380542630268252,12.272699380228682,6.0,0.0
6.1,0.21,0.3,6.3,0.039,47.0,136.0,0.99068,3.27,0.31,12.7,6,0.3455882327530277,12.819464590519045,11.960760861253211,6.804701505130963,-0.8047015051309634
7.3,0.25,0.26,7.2,0.048,52.0,207.0,0.99587,3.12,0.37,9.2,5,0.2512077282550351,9.238144297805638,14.313697424122696,5.257207507298046,-0.2572075072980464
6.2,0.22,0.3,12.4,0.054,108.0,152.0,0.99728,3.1,0.47,9.5,6,0.7105263111149585,9.525900924614024,11.923053994126933,5.914202208110435,0.08579779188956493
6.5,0.27,0.19,6.6,0.045,98.0,175.0,0.99364,3.16,0.34,10.1,6,0.5599999968,10.164636926213793,14.130404064338991,6.0,0.0
6.6,0.39,0.22,4.0,0.038,17.0,98.0,0.99018,3.25,0.53,13.0,7,0.17346938598500627,13.128912794731468,10.81965439400919,7.0,0.0
6.0,0.31,0.38,4.8,0.04,41.0,101.0,0.98968,3.24,0.56,13.1,6,0.4059405900401922,13.236588355237696,8.695639571536853,6.0,0.0
8.4,0.23,0.32,1.3,0.048,59.0,113.0,0.99178,3.1,0.55,11.0,6,0.5221238891847444,11.091158229488164,15.272699504182718,6.0,0.0
6.0,0.22,0.25,11.1,0.056,112.0,177.0,0.9961,3.08,0.36,9.4,6,0.6327683580069584,9.436794060040096,12.765930285254713,6.0,0.0
6.1,0.23,0.27,9.8,0.055,74.0,134.0,0.99534,3.16,0.4,10.2,6,0.5522388018489641,10.247744240416097,12.199975600048798,6.0,0.0
7.3,0.36,0.54,13.3,0.054,63.0,193.0,0.99864,3.06,0.49,8.6,4,0.3264248687750007,8.611703304791211,8.111102098775445,4.0,0.0
7.6,0.37,0.51,11.7,0.094,58.0,181.0,0.99776,2.91,0.51,9.0,5,0.32044198717987854,9.02019621933509,8.636353822325201,5.0,0.0
6.7,0.26,0.51,8.0,0.062,50.0,194.0,0.99545,3.13,0.5,9.6,5,0.2577319574343714,9.643869964468367,8.701287400925453,5.0,0.0
7.4,0.22,0.27,1.6,0.057,45.0,98.0,0.99299,3.29,0.44,9.9,7,0.45918366878384015,9.969878881077472,15.10200999589797,7.0,0.0
6.1,0.22,0.28,16.55,0.059,54.0,135.0,0.99665,3.2,0.38,10.5,5,0.3999999970370371,10.535282661633811,12.199975600048798,5.748149225538693,-0.7481492255386932
7.1,0.28,0.31,1.5,0.053,20.0,98.0,0.99069,3.15,0.5,11.4,5,0.2040816305705956,11.507119778013529,12.033877908681507,5.965248034764008,-0.9652480347640076
6.5,0.35,0.31,10.2,0.069,58.0,170.0,0.99692,3.18,0.49,9.4,5,0.3411764685813149,9.429031989495657,9.848469926560718,5.0,0.0
6.8,0.73,0.2,6.6,0.054,25.0,65.0,0.99324,3.12,0.28,11.1,4,0.384615378698225,11.175535444066444,7.311820094817103,4.0,0.0
6.0,0.28,0.24,17.8,0.047,42.0,111.0,0.99896,3.1,0.45,8.9,6,0.3783783749695642,8.909256717729722,11.538439349155096,6.0,0.0
7.1,0.2,0.37,1.5,0.049,28.0,129.0,0.99226,3.15,0.52,10.8,5,0.2170542618833003,10.884233079804607,12.45611849803772,5.0,0.0
6.8,0.33,0.31,7.4,0.045,34.0,143.0,0.99226,3.06,0.55,12.2,6,0.2377622360995648,12.29515218274224,10.624983398463439,6.0,0.0
7.2,0.24,0.36,2.0,0.029,21.0,63.0,0.99076,3.13,0.63,12.5,6,0.3333333280423281,12.61656443885054,11.999980000033334,6.0,0.0
6.2,0.27,0.26,12.1,0.046,43.0,127.0,0.9951,3.16,0.37,10.8,6,0.33858267449934903,10.853169678253765,11.698091135677101,6.0,0.0
6.4,0.38,0.26,8.2,0.043,28.0,98.0,0.99234,2.99,0.31,11.4,6,0.2857142827988339,11.48798648851554,9.999984375024415,6.0,0.0
6.0,0.21,0.3,8.7,0.036,47.0,127.0,0.99368,3.18,0.39,10.6,5,0.3700787372434745,10.667407347025856,11.764682814347422,5.0,0.0
7.0,0.34,0.1,3.5,0.044,17.0,63.0,0.9937,3.01,0.39,9.2,5,0.26984126555807514,9.258318146001663,15.90905475214829,5.0,0.0
5.9,0.435,0.16,6.4,0.031,21.0,134.0,0.99151,3.24,0.46,12.2,6,0.15671641674092227,12.304452497249146,9.915949721092906,6.3672264029393535,-0.3672264029393535
7.0,0.25,0.33,2.1,0.021,17.0,76.0,0.99021,3.26,0.45,12.3,6,0.22368420758310253,12.421594993390297,12.068944708716018,6.0,0.0
6.7,0.26,0.29,7.7,0.038,40.0,179.0,0.99479,3.23,0.56,10.4,6,0.2234636859024375,10.454457267908536,12.18179603309812,5.898266063639185,0.10173393636081496
7.0,0.24,0.3,12.3,0.035,72.0,172.0,0.9954,2.99,0.57,10.4,6,0.41860464872904274,10.448050584638754,12.962938957520448,6.0,0.0
8.5,0.23,0.34,1.3,0.035,54.0,110.0,0.99176,3.07,0.55,11.0,7,0.49090908644628106,11.091381895436502,14.912254539904314,7.0,0.0
4.8,0.65,0.12,1.1,0.013,4.0,10.0,0.99246,3.32,0.36,13.5,4,0.39999996000000404,13.602549621597221,6.2337581379764435,6.432052179365074,-2.4320521793650736
6.1,0.22,0.38,2.8,0.144,12.0,65.0,0.9908,2.95,0.64,11.4,6,0.18461538177514797,11.505842242791438,10.166649722250462,6.0,0.0
5.8,0.27,0.26,3.5,0.071,26.0,69.0,0.98994,3.1,0.38,11.5,6,0.37681158874186105,11.616853933719282,10.943375578536642,6.0,0.0
5.0,0.455,0.18,1.9,0.036,33.0,106.0,0.98746,3.21,0.83,14.0,7,0.3113207517799929,14.177775122257993,7.874003348026223,7.0,0.0
6.5,0.33,0.3,3.8,0.036,34.0,88.0,0.99028,3.25,0.63,12.5,7,0.38636363197314055,12.622679825221326,10.317443940565173,7.0,0.0
6.7,0.31,0.3,2.4,0.038,30.0,83.0,0.98867,3.09,0.36,12.8,7,0.36144577877776174,12.946672856794626,10.983588551494178,7.0,0.0
6.2,0.39,0.24,4.8,0.037,45.0,138.0,0.99174,3.23,0.43,11.2,7,0.3260869541587902,11.293271126231545,9.841254220231397,7.0,0.0
7.1,0.37,0.3,6.2,0.04,49.0,139.0,0.99021,3.17,0.27,13.6,6,0.3525179830754102,13.734446496756751,10.596999108956554,6.91090035599636,-0.9109003559963602
7.2,0.23,0.82,1.3,0.149,70.0,109.0,0.99304,2.93,0.42,9.2,6,0.6422018289706254,9.264471456868346,6.857136326536832,6.0,0.0
7.2,0.25,0.32,1.5,0.054,24.0,105.0,0.99154,3.17,0.48,11.1,6,0.22857142639455785,11.19469593289637,12.631556786742477,6.0,0.0
4.7,0.455,0.18,1.9,0.036,33.0,106.0,0.98746,3.21,0.83,14.0,7,0.3113207517799929,14.177775122257993,7.40156314714465,7.0,0.0
6.2,0.28,0.51,7.9,0.056,49.0,206.0,0.9956,3.18,0.52,9.4,5,0.23786407651522293,9.441533305008733,7.84809133152996,5.0,0.0
6.4,0.35,0.28,1.6,0.037,31.0,113.0,0.98779,3.12,0.4,14.2,7,0.274336280758086,14.375510609025593,10.158714033787248,7.0,0.0
6.6,0.31,0.28,1.4,0.035,28.0,107.0,0.98836,3.0,0.4,13.2,6,0.2616822405450258,13.355444012865743,11.186421717929289,6.329645415716624,-0.329645415716624
7.4,0.25,0.37,2.6,0.05,24.0,132.0,0.99138,3.04,0.53,11.2,6,0.18181818044077136,11.297372049696332,11.935464620218355,5.525032219190184,0.4749677808098163
7.3,0.36,0.34,14.8,0.057,46.0,173.0,0.99751,3.14,0.57,10.2,5,0.26589595222025464,10.22545114790714,10.428556530633527,5.0,0.0
8.6,0.31,0.3,0.9,0.045,16.0,109.0,0.99249,2.95,0.39,10.1,5,0.1467889894790001,10.176414697967035,14.098337543708944,5.0,0.0
8.6,0.22,0.33,1.2,0.031,38.0,95.0,0.99239,2.83,0.31,10.3,5,0.39999999578947376,10.378973610200012,15.636335206663258,5.359639256465226,-0.35963925646522643
6.9,0.14,0.29,9.9,0.056,30.0,91.0,0.99512,3.19,0.33,9.9,6,0.32967032604757884,9.948538921397498,16.04647431052486,6.0,0.0
6.5,0.22,0.31,3.9,0.046,17.0,106.0,0.99098,3.15,0.31,11.5,5,0.1603773569775721,11.604662450642344,12.264127803532444,6.08339602997363,-1.0833960299736303
6.6,0.32,0.47,15.6,0.063,27.0,173.0,0.99872,3.18,0.56,9.0,5,0.15606936325971466,9.011525741423279,8.354419804531892,5.0,0.0
6.1,0.28,0.26,1.5,0.03,25.0,101.0,0.98894,3.03,0.41,12.1,6,0.24752475002450744,12.235310296569764,11.296275377267818,6.0,0.0
6.2,0.3,0.28,1.6,0.036,28.0,106.0,0.988245,3.14,0.41,13.3,6,0.2641509409042364,13.45818753630169,10.689636742005616,6.0,0.0
6.9,0.22,0.28,7.8,0.05,43.0,116.0,0.99326,3.22,0.6,11.5,8,0.37068965197681336,11.578024305796763,13.7999724000552,6.601584896578014,1.3984151034219856
8.7,0.31,0.21,5.6,0.039,28.0,67.0,0.99328,2.96,0.52,11.0,4,0.41791044152372475,11.074408953760315,16.73073705627489,4.0,0.0
7.3,0.27,0.3,1.3,0.04,26.0,84.0,0.99222,3.28,0.53,10.7,6,0.3095238058390023,10.783887863691657,12.806995075447233,6.0,0.0
7.0,0.46,0.2,16.7,0.046,50.0,184.0,0.99898,3.08,0.56,9.4,5,0.2717391289579395,9.40958837054959,10.606044536296157,5.0,0.0
5.7,0.23,0.25,7.95,0.042,16.0,108.0,0.99486,3.44,0.61,10.3,6,0.14814814677640606,10.353205121117423,11.874975260468208,6.0,0.0
6.5,0.36,0.36,6.7,0.185,51.5,151.0,0.99528,3.17,0.42,9.3,5,0.3410596003903338,9.344094783282308,9.027765239214945,5.0,0.0
8.2,0.18,0.38,1.1,0.04,41.0,92.0,0.99062,2.88,0.6,12.0,6,0.4456521690689982,12.113613581783548,14.64283099494465,6.0,0.0
6.2,0.27,0.32,6.3,0.048,47.0,159.0,0.99282,3.21,0.6,11.0,6,0.2955974824176259,11.079540017787696,10.508456765327514,6.0,0.0
6.9,0.4,0.37,8.9,0.053,36.0,148.0,0.996,3.16,0.5,9.3,5,0.24324324159970784,9.33734002275098,8.961027323341138,5.0,0.0
4.9,0.345,0.34,1.0,0.068,32.0,143.0,0.99138,3.24,0.4,10.1,5,0.2237762222113551,10.18780872338687,7.153274228796746,5.0,0.0
7.2,0.23,0.39,1.5,0.053,26.0,106.0,0.99166,3.18,0.47,11.1,6,0.2452830165539338,11.1933412728745,11.612884495347588,5.972590721887878,0.027409278112122237
6.4,0.2,0.15,6.6,0.046,26.0,113.0,0.99408,2.99,0.58,9.9,6,0.23008849353903987,9.958947007336425,18.2856620409656,6.0,0.0
6.1,0.27,0.32,6.2,0.048,47.0,161.0,0.99281,3.22,0.6,11.0,6,0.29192546402530767,11.079651615463568,10.33896552717707,6.0,0.0
6.0,0.3,0.33,2.1,0.042,31.0,127.0,0.98964,3.32,0.42,12.5,6,0.24409448626697255,12.630842901617859,9.523794406675545,6.0,0.0
6.1,0.3,0.32,2.2,0.042,41.0,142.0,0.98952,3.31,0.44,12.7,7,0.28873239233287046,12.834492648463247,9.838693808558372,7.0,0.0
5.7,0.14,0.3,5.4,0.045,26.0,105.0,0.99469,3.32,0.45,9.3,5,0.247619045260771,9.349637224022336,12.954516012463609,5.6317757315487,-0.6317757315487
6.3,0.33,0.2,17.9,0.066,36.0,161.0,0.9991,3.14,0.51,8.8,5,0.2236024830832144,8.807918318568394,11.886770024962216,5.0,0.0
7.0,0.16,0.3,2.6,0.043,34.0,90.0,0.99047,2.88,0.47,11.2,6,0.37777777358024694,11.307751564659641,15.2173582231343,6.0,0.0
8.4,0.22,0.3,1.3,0.038,45.0,122.0,0.99178,3.13,0.54,10.8,7,0.36885245599301264,10.889500807133834,16.153815088817137,6.453710400573598,0.5462895994264017
5.4,0.24,0.18,2.3,0.05,22.0,145.0,0.99207,3.24,0.46,10.3,5,0.15172413688466113,10.382321426591444,12.857112244970848,5.0,0.0
7.7,0.31,0.36,4.3,0.026,15.0,87.0,0.99152,3.11,0.48,12.0,5,0.17241379112168057,12.102618098860237,11.492520160417673,5.0,0.0
5.6,0.185,0.19,7.1,0.048,36.0,110.0,0.99438,3.26,0.41,9.5,6,0.3272727242975207,9.553682139944346,14.933293511217304,6.0,0.0
6.6,0.43,0.24,11.9,0.04,54.0,159.0,0.99622,3.14,0.54,9.8,6,0.3396226393734425,9.83717468312754,9.85073156607229,5.2693636427899495,0.7306363572100505
7.6,0.39,0.46,11.7,0.084,55.0,170.0,0.99773,2.91,0.51,9.0,5,0.32352940986159173,9.020467440622772,8.941165951569467,5.056818062960956,-0.05681806296095626
7.2,0.58,0.27,5.8,0.032,40.0,118.0,0.99088,3.17,0.53,13.0,7,0.33898304797471995,13.11963797872802,8.470578269907918,7.0,0.0
6.0,0.34,0.32,3.8,0.044,13.0,116.0,0.99108,3.39,0.44,11.8,7,0.11206896455112962,11.906191320386528,9.090895316825277,5.9809906700137,1.0190093299863001
7.5,0.35,0.48,12.4,0.056,61.0,176.5,0.99803,2.97,0.52,8.8,5,0.34560906319768236,8.817361384566212,9.03613369140519,5.314029709019014,-0.31402970901901384
7.3,0.38,0.23,6.5,0.05,18.0,102.0,0.99304,3.1,0.55,11.2,4,0.17647058650519035,11.27848699097016,11.967193496404104,4.0,0.0
5.4,0.185,0.19,7.1,0.048,36.0,110.0,0.99438,3.26,0.41,9.5,6,0.3272727242975207,9.553682139944346,14.399961600102401,6.0,0.0
6.3,0.27,0.51,7.6,0.049,35.0,200.0,0.99548,3.16,0.54,9.4,4,0.174999999125,9.442671432202122,8.076912721906766,5.29243157958423,-1.29243157958423
6.5,0.29,0.52,7.9,0.049,35.0,192.0,0.99551,3.16,0.51,9.5,6,0.1822916657172309,9.542837798879168,8.024681451010553,6.0,0.0
6.4,0.17,0.3,2.8,0.034,33.0,125.0,0.99152,3.03,0.49,10.4,6,0.26399999788800005,10.488935685678872,13.616992304271696,6.0,0.0
6.7,0.18,0.31,10.6,0.035,42.0,143.0,0.99572,3.08,0.49,9.8,7,0.2937062916524036,9.842114407549905,13.673441482772486,7.0,0.0
6.8,0.37,0.67,1.5,0.175,16.0,98.0,0.99244,3.06,0.56,10.3,6,0.1632653044564765,10.378450708908641,6.538455251485336,6.0,0.0
6.1,0.24,0.26,1.7,0.033,61.0,134.0,0.9903,3.19,0.81,11.9,7,0.4552238771998218,12.016548503939712,12.199975600048798,7.0,0.0
7.0,0.32,0.29,7.6,0.025,35.0,124.0,0.99162,3.15,0.65,12.8,7,0.28225806223985433,12.908157451284312,11.475391023949141,7.0,0.0
6.9,0.27,0.25,7.5,0.03,18.0,117.0,0.99116,3.09,0.38,13.0,6,0.15384615253122946,13.115931720477297,13.269205251528362,6.0,0.0
6.5,0.29,0.53,1.7,0.04,41.0,192.0,0.9922,3.26,0.59,10.4,7,0.2135416655544705,10.481747145991589,7.92681960143951,7.0,0.0
6.5,0.29,0.52,1.7,0.034,41.0,193.0,0.99223,3.25,0.59,10.4,6,0.21243523205992107,10.481430231468277,8.024681451010553,6.38612330860973,-0.3861233086097302
6.1,0.22,0.25,12.1,0.035,54.0,135.0,0.99481,3.21,0.4,10.7,5,0.3999999970370371,10.755811907990562,12.978695790008958,5.0,0.0
6.3,0.22,0.27,4.5,0.036,81.0,157.0,0.9928,3.05,0.76,10.7,7,0.5159235635928435,10.777587854967912,12.857116618129352,7.0,0.0
5.6,0.23,0.25,8.0,0.043,31.0,101.0,0.99429,3.19,0.42,10.4,6,0.3069306900303892,10.45971451013838,11.666642361161747,6.0,0.0
6.8,0.11,0.27,8.6,0.044,45.0,104.0,0.99454,3.2,0.37,9.9,6,0.43269230353180477,9.954340746133141,17.894689750816447,6.460065285345559,-0.4600652853455589
7.3,0.23,0.41,14.6,0.048,73.0,223.0,0.99863,3.16,0.71,9.4,6,0.3273542586217298,9.41288624126429,11.406232177762222,5.651913358367402,0.34808664163259806
6.1,0.2,0.17,1.6,0.048,46.0,129.0,0.991,3.3,0.43,11.4,6,0.3565891445225648,11.503520178082566,16.486441928535328,6.0,0.0
6.9,0.2,0.41,1.1,0.06,36.0,104.0,0.99317,2.99,0.39,9.2,5,0.3461538428254438,9.263258794306317,11.311456866464153,5.0,0.0
6.7,0.19,0.32,3.7,0.041,26.0,76.0,0.99173,2.9,0.57,10.5,7,0.34210525865650976,10.587548438034103,13.137229142687955,7.0,0.0
6.7,0.28,0.34,8.9,0.048,32.0,111.0,0.99455,3.25,0.54,11.0,7,0.28828828569109655,11.060267397046506,10.806434183170671,5.9120148776009325,1.0879851223990675
8.0,0.37,0.31,4.7,0.038,3.0,127.0,0.99186,2.9,0.72,12.1,5,0.023622047058094117,12.199290021484865,11.764688581340321,5.0,0.0
6.0,0.26,0.29,3.1,0.041,37.0,144.0,0.98944,3.22,0.39,12.8,7,0.256944442660108,12.936597533354693,10.909071074416227,6.638598091310835,0.36140190868916466
6.4,0.24,0.49,5.8,0.053,25.0,120.0,0.9942,3.01,0.98,10.5,6,0.20833333159722225,10.56124465777041,8.767111277929757,6.0,0.0
6.4,0.25,0.57,1.0,0.062,21.0,122.0,0.99238,3.0,0.4,9.5,5,0.17213114613007258,9.57293620091477,7.804868530648134,5.0,0.0
6.1,0.25,0.48,15.8,0.052,25.0,94.0,0.99782,3.07,0.45,9.2,6,0.26595744397917614,9.220090577368083,8.356152936776798,6.0,0.0
6.8,0.14,0.35,1.5,0.047,40.0,117.0,0.99111,3.07,0.72,11.1,6,0.34188033895828773,11.199552825061975,13.877522698933268,6.401295670781777,-0.40129567078177697
6.5,0.38,0.26,5.2,0.042,33.0,112.0,0.99067,3.06,0.5,12.3,7,0.29464285451211736,12.415827252437994,10.15623413088417,7.0,0.0
5.4,0.15,0.32,2.5,0.037,10.0,51.0,0.98878,3.04,0.58,12.6,6,0.19607842752787397,12.742963305322412,11.489337256729243,6.467746907016353,-0.4677469070163527
6.8,0.22,0.32,5.9,0.054,40.0,152.0,0.9938,3.2,0.57,10.8,6,0.26315789300554016,10.867366806835573,12.592569273019864,6.0,0.0
7.2,0.21,0.29,3.1,0.044,39.0,122.0,0.99143,3.0,0.6,11.3,6,0.31967212852727767,11.39766660513944,14.3999712000576,6.0,0.0
6.5,0.46,0.24,11.5,0.051,56.0,171.0,0.99588,3.08,0.56,9.8,6,0.32748537820183987,9.840533156069853,9.285701020427114,6.0,0.0
6.5,0.18,0.48,18.0,0.054,56.0,183.0,1.00038,2.98,0.61,8.5,6,0.30601092728955775,8.496762733398576,9.848469926560718,6.0,0.0
6.2,0.32,0.12,4.8,0.054,6.0,97.0,0.99424,3.16,0.5,9.3,5,0.06185566946540547,9.353868931174635,14.090877066188487,5.0,0.0
7.2,0.4,0.24,8.5,0.055,45.0,151.0,0.99626,3.2,0.52,9.2,5,0.29801324305951493,9.234527899817415,11.249982421902466,5.0,0.0
5.9,0.23,0.24,1.6,0.037,32.0,115.0,0.99076,3.21,0.51,11.4,6,0.2782608671455577,11.506306768231694,12.553164780500468,6.153162232160726,-0.15316223216072622
6.4,0.18,0.48,18.0,0.054,56.0,183.0,1.00038,2.98,0.61,8.5,6,0.30601092728955775,8.496762733398576,9.696955004613631,5.842161010849619,0.15783898915038108
6.4,0.37,0.12,5.9,0.056,6.0,91.0,0.99536,3.06,0.46,8.4,4,0.06593406520951577,8.439149213200034,13.061197834290136,4.904272816712533,-0.9042728167125329
7.0,0.23,0.42,1.1,0.062,35.0,100.0,0.99318,3.04,0.4,9.2,5,0.3499999965,9.263165525719883,10.76921420120892,5.0,0.0
7.6,0.19,0.37,13.1,0.033,52.0,151.0,0.99726,3.18,0.79,10.4,6,0.3443708586465506,10.428563836347756,13.571404336777967,5.8150378401809535,0.1849621598190465
6.0,0.28,0.27,4.1,0.046,50.0,147.0,0.99126,3.27,0.56,11.6,6,0.34013605210791803,11.702266103478296,10.909071074416227,6.0,0.0
6.2,0.32,0.45,2.9,0.029,37.0,94.0,0.98998,3.25,0.6,12.4,6,0.3936170170891807,12.52549291350036,8.05193759488624,6.0,0.0
6.4,0.26,0.26,1.1,0.052,22.0,176.0,0.99304,3.09,0.54,9.3,5,0.12499999928977273,9.365172233573437,12.30766863909877,5.0,0.0
5.9,0.25,0.27,1.5,0.029,37.0,81.0,0.9892,3.2,0.46,12.2,6,0.45679011781740597,12.33318607643947,11.34613202666918,6.0,0.0
6.1,0.28,0.3,7.75,0.031,33.0,139.0,0.99296,3.22,0.46,11.0,6,0.23741007023445992,11.07797788634196,10.517223246166814,6.0,0.0
6.9,0.19,0.38,1.15,0.023,30.0,105.0,0.99047,3.11,0.38,11.4,5,0.2857142829931973,11.50967569974285,12.105241920628208,6.4757497921937395,-1.4757497921937395
6.4,0.29,0.57,1.0,0.06,15.0,120.0,0.9924,3.06,0.41,9.5,5,0.12499999895833334,9.572743276155506,7.44185181180022,5.0,0.0
6.8,0.27,0.22,17.8,0.034,16.0,116.0,0.9989,3.07,0.53,9.2,5,0.137931033293698,9.21012192399447,13.877522698933268,5.0,0.0
7.5,0.26,0.38,5.7,0.021,23.0,125.0,0.99338,3.13,0.62,11.1,6,0.183999998528,11.173960444180027,11.718731689481734,6.0,0.0
6.4,0.2,0.22,7.4,0.032,53.0,172.0,0.99404,3.24,0.58,11.0,6,0.30813953309221204,11.06594194806854,15.238058957002483,6.0,0.0
7.3,0.33,0.22,1.4,0.041,40.0,177.0,0.99287,3.14,0.48,9.9,5,0.22598869928819945,9.971083856815236,13.272703140539742,5.0,0.0
7.3,0.34,0.22,1.4,0.044,43.0,176.0,0.99286,3.14,0.46,9.9,5,0.24431818043001033,9.971184284607816,13.035691007694627,5.0,0.0
6.1,1.1,0.16,4.4,0.033,8.0,109.0,0.99058,3.35,0.47,12.4,4,0.07339449473950005,12.517906158103173,4.8412659989952385,4.0,0.0
6.3,0.24,0.29,1.6,0.052,48.0,185.0,0.9934,3.21,0.5,9.4,5,0.2594594580569759,9.46244265910745,11.886770024962216,5.0,0.0
6.2,0.24,0.22,7.9,0.053,45.0,149.0,0.99545,3.23,0.52,9.3,5,0.3020134207918562,9.34249902807873,13.478231569061808,5.0,0.0
7.4,0.16,0.27,15.5,0.05,25.0,135.0,0.9984,2.9,0.43,8.7,7,0.1851851838134431,8.713933579794091,17.209262304041154,7.0,0.0
7.2,0.17,0.28,17.55,0.05,33.0,154.0,0.99971,2.94,0.43,9.0,7,0.2142857128942486,9.002601751906301,15.999964444523455,7.0,0.0
6.9,0.19,0.35,13.5,0.038,49.0,118.0,0.99546,3.0,0.63,10.7,6,0.4152542337690319,10.74878875214599,12.777754115270156,6.0,0.0
6.8,0.16,0.36,1.3,0.034,32.0,98.0,0.99058,3.02,0.58,11.3,6,0.326530608912953,11.407446740852086,13.076897929042442,6.0,0.0
6.8,0.3,0.27,11.6,0.028,22.0,97.0,0.99314,2.96,0.38,11.7,6,0.2268041213731534,11.780804538328393,11.92980363192345,6.0,0.0
6.5,0.43,0.18,13.15,0.032,25.0,131.0,0.99565,3.23,0.51,10.7,5,0.190839693199697,10.746737561655639,10.655720236524202,5.0,0.0
6.6,0.17,0.36,1.9,0.036,38.0,110.0,0.99056,3.05,0.54,11.4,6,0.34545454231404965,11.508629958175217,12.452806692817559,6.0,0.0
6.4,0.41,0.01,6.1,0.048,20.0,70.0,0.99362,3.19,0.42,10.0,5,0.2857142816326531,10.064199528794179,15.238058957002485,5.0,0.0
7.4,0.36,0.32,1.9,0.036,27.0,119.0,0.99196,3.15,0.49,11.2,6,0.22689075439587603,11.29076647166572,10.8823369377398,6.0,0.0
6.1,0.17,0.21,1.9,0.09,44.0,130.0,0.99255,3.07,0.41,9.7,5,0.3384615358579882,9.772797569092166,16.052589335291223,5.0,0.0
5.5,0.28,0.21,1.6,0.032,23.0,85.0,0.99027,3.42,0.42,12.5,5,0.2705882321107267,12.622807292145282,11.224466888843084,5.0,0.0
6.6,0.5,0.26,11.3,0.029,32.0,110.0,0.99302,3.27,0.78,12.9,8,0.2909090882644628,12.99066182890392,8.684199099738025,8.0,0.0
7.1,0.44,0.27,8.4,0.057,60.0,160.0,0.99257,3.16,0.36,11.8,6,0.37499999765625003,11.888318316775324,9.999985915512795,6.0,0.0
6.9,0.38,0.28,8.3,0.062,22.0,166.0,0.99506,3.16,0.72,10.6,5,0.1325301196835535,10.652613256875709,10.454529614349068,5.0,0.0
6.2,0.24,0.28,12.2,0.049,54.0,133.0,0.9952,3.19,0.37,10.7,6,0.4060150345412403,10.75159691358831,11.923053994126933,6.0,0.0
6.1,0.28,0.27,8.0,0.048,41.0,162.0,0.99498,3.21,0.51,9.9,5,0.25308641819082456,9.949938742548852,11.090888925656497,5.0,0.0
7.6,0.26,0.32,1.3,0.048,23.0,76.0,0.9903,2.96,0.46,12.0,6,0.302631574965374,12.117527903132482,13.103425683748819,6.0,0.0
7.5,0.16,0.38,12.7,0.043,70.5,163.0,0.99706,3.15,0.82,10.4,7,0.4325153347698446,10.430655697093759,13.888863168771907,5.917017033334299,1.0829829666657007
6.5,0.36,0.16,1.3,0.054,11.0,107.0,0.99398,3.19,0.39,8.5,5,0.10280373735697441,8.551471305789548,12.499975961584688,5.130372299564662,-0.13037229956466234
6.6,0.35,0.19,10.5,0.06,15.0,82.0,0.99588,3.13,0.38,9.9,4,0.18292682703747773,9.940946759703218,12.222199588519278,4.0,0.0
5.7,0.25,0.26,12.5,0.049,52.5,120.0,0.99691,3.08,0.45,9.4,6,0.4374999963541667,9.429126571980849,11.176448673630052,6.0,0.0
7.4,0.37,0.26,9.6,0.05,33.0,134.0,0.99608,3.13,0.46,10.4,5,0.24626865487859212,10.440917957475346,11.746013101566506,5.0,0.0
5.7,0.25,0.21,1.5,0.044,21.0,108.0,0.99142,3.3,0.59,11.0,6,0.19444444264403293,11.09518559723871,12.391277410266502,6.0,0.0
5.8,0.23,0.21,1.5,0.044,21.0,110.0,0.99138,3.3,0.57,11.0,6,0.19090908917355373,11.095633263094612,13.181788223208583,6.0,0.0
5.4,0.265,0.28,7.8,0.052,27.0,91.0,0.99432,3.19,0.38,10.4,6,0.296703293442821,10.459398926503614,9.908238700479448,5.903876386519528,0.09612361348047216
5.7,0.25,0.27,10.8,0.05,58.0,116.0,0.99592,3.1,0.5,9.8,6,0.4999999956896552,9.84013792258623,10.961517381697343,6.0,0.0
5.7,0.25,0.26,12.5,0.049,52.5,106.0,0.99691,3.08,0.45,9.4,6,0.4952830141954433,9.429126571980849,11.176448673630052,6.0,0.0
5.9,0.23,0.28,8.6,0.046,37.0,142.0,0.99432,3.23,0.53,10.6,6,0.26056337844673677,10.66054121355176,11.568604767441633,6.0,0.0
6.2,0.3,0.32,1.2,0.052,32.0,185.0,0.99266,3.28,0.44,10.1,5,0.17297297203798392,10.174671917200333,9.999983870993756,5.16819056926989,-0.16819056926988996
6.5,0.33,0.24,14.5,0.048,20.0,96.0,0.99456,3.06,0.3,11.5,8,0.20833333116319447,11.562890561765442,11.40348876580918,5.820689121673418,2.179310878326582
7.4,0.26,0.29,3.7,0.048,14.0,73.0,0.9915,3.06,0.45,11.4,6,0.19178081929067373,11.497719114756313,13.454520991780013,6.0,0.0
7.0,0.2,0.4,1.1,0.058,30.0,93.0,0.99322,3.03,0.38,9.2,6,0.3225806416926813,9.262792470155182,11.666647222254626,5.554912766156345,0.4450872338436547
6.5,0.21,0.42,1.1,0.059,33.0,101.0,0.9927,3.12,0.38,9.7,6,0.3267326700323498,9.771320871037704,10.317443940565173,6.0,0.0
7.3,0.25,0.27,3.8,0.047,16.0,79.0,0.99173,3.07,0.46,11.3,6,0.20253164300592857,11.394218795217656,14.038434541472034,6.0,0.0
6.8,0.27,0.24,4.6,0.098,36.0,127.0,0.99412,3.15,0.49,9.6,6,0.28346456469712944,9.656772163549507,13.333307189593745,6.0,0.0
6.7,0.24,0.3,10.2,0.07,44.0,179.0,0.99666,2.86,0.46,8.9,6,0.24581005449268126,8.929816657820462,12.407384430769572,6.0,0.0
6.4,0.14,0.28,7.9,0.057,21.0,82.0,0.99425,3.26,0.36,10.0,6,0.2560975578524688,10.057822421098898,15.238058957002483,6.0,0.0
6.4,0.5,0.2,2.4,0.059,19.0,112.0,0.99314,3.18,0.4,9.2,6,0.1696428556281888,9.263538611335147,9.142844081651313,5.00273816566078,0.9972618343392199
6.6,0.41,0.27,10.7,0.11,20.0,103.0,0.99672,3.08,0.41,9.0,6,0.19417475539636161,9.029608084910421,9.705868079605764,6.0,0.0
6.4,0.25,0.28,4.9,0.03,29.0,98.0,0.99024,3.09,0.58,12.8,7,0.2959183643273636,12.926146261364657,12.075448914247332,7.0,0.0
8.0,0.25,0.35,1.1,0.054,13.0,136.0,0.99366,3.08,0.55,9.5,5,0.09558823459126298,9.560604673022288,13.333311111148149,5.0,0.0
6.6,0.21,0.34,5.6,0.046,30.0,140.0,0.99299,3.22,0.38,11.0,5,0.21428571275510205,11.07764320119719,11.999978181857848,5.8955509668666926,-0.8955509668666926
6.3,0.29,0.23,14.2,0.037,24.0,99.0,0.99528,3.08,0.38,10.6,6,0.24242423997551274,10.650258570192738,12.115361316612852,6.0,0.0
6.9,0.37,0.23,9.5,0.057,54.0,166.0,0.99568,3.23,0.42,10.0,5,0.3253012028596313,10.043377346760659,11.499980833365278,5.0,0.0
5.7,0.31,0.28,4.1,0.03,22.0,86.0,0.99062,3.31,0.38,11.7,7,0.2558139505137913,11.810773242238959,9.661000574575295,7.0,0.0
6.9,0.45,0.27,4.7,0.035,17.0,80.0,0.99058,3.12,0.36,12.5,7,0.21249999734375005,12.618857014216909,9.583320023166635,7.0,0.0
6.9,0.3,0.45,1.4,0.039,36.0,122.0,0.99059,3.07,0.47,11.1,7,0.2950819647944101,11.205431908830183,9.199987733349689,6.455908409378243,0.5440915906217567
5.3,0.23,0.56,0.9,0.041,46.0,141.0,0.99119,3.16,0.62,9.7,5,0.3262411324380062,9.786206694774265,6.70885226727561,5.0,0.0
6.8,0.3,0.26,20.3,0.037,45.0,150.0,0.99727,3.04,0.38,12.3,6,0.29999999800000005,12.333658554194397,12.142835459222391,6.0,0.0
6.7,0.28,0.42,3.5,0.035,43.0,105.0,0.99021,3.18,0.38,12.2,6,0.4095238056235828,12.32060641620826,9.571414897978718,6.0,0.0
5.0,0.255,0.22,2.7,0.043,46.0,153.0,0.99238,3.75,0.76,11.3,6,0.3006535928061857,11.38675569161441,10.52629362885552,6.0,0.0
7.6,0.4,0.27,1.2,0.053,23.0,193.0,0.99164,3.22,0.38,11.6,5,0.11917098383849231,11.69778175771272,11.343266651840816,5.0,0.0
5.5,0.21,0.25,1.2,0.04,18.0,75.0,0.99006,3.31,0.56,11.3,6,0.23999999680000006,11.413438161891035,11.956495746748379,6.0,0.0
6.0,0.2,0.25,2.0,0.041,30.0,95.0,0.99078,3.27,0.56,11.1,6,0.31578947036011085,11.2032830665909,13.333303703769548,6.0,0.0
6.1,0.17,0.29,1.1,0.041,32.0,92.0,0.99036,3.26,0.57,11.2,6,0.34782608317580344,11.3090075235192,13.260840737302747,6.0,0.0
7.5,0.21,0.29,1.5,0.046,35.0,107.0,0.99123,3.15,0.45,11.3,6,0.3271028006812822,11.399966304524375,14.99997000006,6.0,0.0
7.3,0.26,0.32,1.2,0.041,29.0,94.0,0.98978,3.07,0.45,12.0,6,0.3085106350158443,12.12389407353748,12.586185196232417,6.0,0.0
6.2,0.35,0.2,18.1,0.069,33.0,158.0,0.99908,3.15,0.5,8.8,6,0.20886075817176736,8.808094638973218,11.272706776896769,6.0,0.0
6.5,0.43,0.31,3.6,0.046,19.0,143.0,0.99022,3.15,0.34,12.0,8,0.1328671319379921,12.118506878767468,8.783771913821738,6.447890944403125,1.5521090555968753
6.5,0.4,0.31,3.5,0.046,22.0,147.0,0.99024,3.15,0.31,12.0,7,0.14965986292748393,12.118262120029366,9.154916683215939,6.369407661676619,0.6305923383233809
7.4,0.28,0.5,12.1,0.049,48.0,122.0,0.9973,3.01,0.44,9.0,5,0.3934426197258802,9.024356738838124,9.487167324144457,5.0,0.0
6.3,0.23,0.22,17.45,0.054,42.0,151.0,0.99853,3.12,0.6,9.3,6,0.27814569352221397,9.313681798562088,13.999968888958024,6.0,0.0
6.2,0.34,0.25,12.1,0.059,33.0,171.0,0.99769,3.14,0.56,8.7,6,0.1929824550117985,8.720134791232956,10.508456765327514,6.0,0.0
6.6,0.44,0.32,3.0,0.095,13.0,75.0,0.98954,3.1,0.63,12.8,6,0.17333333102222226,12.935290200203934,8.684199099738025,6.0,0.0
6.0,0.13,0.36,1.6,0.052,23.0,72.0,0.98974,3.1,0.5,11.5,7,0.3194444400077161,11.619201387029536,12.244872969647002,7.0,0.0
6.3,0.17,0.23,5.7,0.048,44.0,147.0,0.99382,3.08,0.54,10.0,5,0.29931972585496786,10.06217417422252,15.749960625098437,5.0,0.0
6.3,0.18,0.22,5.6,0.047,45.0,147.0,0.99383,3.09,0.54,10.0,5,0.3061224468971262,10.062072927892167,15.749960625098437,5.393319378164735,-0.39331937816473506
6.7,0.31,0.34,6.8,0.059,51.0,215.0,0.99538,3.33,0.56,10.3,5,0.23720930122228231,10.347796471903724,10.307676449728538,5.0,0.0
6.6,0.33,0.32,15.6,0.054,62.0,227.0,0.99734,3.25,0.56,10.4,5,0.2731277521007588,10.427727326962392,10.15383053256841,5.470259630548153,-0.4702596305481528
6.3,0.34,0.31,6.0,0.02,18.0,68.0,0.98981,3.22,0.29,13.4,7,0.26470587846020766,13.537938050799598,9.692292781088028,7.0,0.0
6.8,0.29,0.32,1.8,0.032,18.0,130.0,0.99095,3.05,0.62,11.2,6,0.1384615373964497,11.30227427995935,11.147522708979166,6.0,0.0
7.4,0.31,0.26,8.6,0.048,47.0,206.0,0.9964,3.26,0.36,9.1,5,0.22815533869827506,9.132869196237257,12.98243336415199,5.0,0.0
5.7,0.25,0.27,11.5,0.04,24.0,120.0,0.99411,3.33,0.31,10.8,6,0.19999999833333335,10.863977966243207,10.961517381697343,6.0,0.0
6.8,0.27,0.28,7.8,0.038,26.0,89.0,0.9915,3.24,0.34,12.5,6,0.29213482817826036,12.60714815214508,12.36361388433839,6.0,0.0
5.9,0.26,0.24,2.4,0.046,27.0,132.0,0.99234,3.63,0.73,11.3,5,0.2045454529958678,11.387214677212773,11.7999764000472,5.0,0.0
5.9,0.65,0.23,5.0,0.035,20.0,128.0,0.99016,3.46,0.48,12.8,6,0.15624999877929688,12.927190628594744,6.704537835752459,6.0,0.0
6.6,0.23,0.32,1.5,0.041,8.0,72.0,0.98949,3.22,0.39,12.7,6,0.11111110956790125,12.834881772547703,11.999978181857848,6.0,0.0
6.8,0.18,0.35,5.4,0.054,53.0,143.0,0.99287,3.1,0.54,11.0,7,0.37062936803755686,11.07898206312804,12.830164471387787,7.0,0.0
6.8,0.28,0.29,11.9,0.052,51.0,149.0,0.99544,3.02,0.58,10.4,6,0.34228187689743705,10.447630748582789,11.92980363192345,6.0,0.0
5.9,0.27,0.27,9.0,0.051,43.0,136.0,0.9941,3.25,0.53,10.7,6,0.31617646826340834,10.763493850222462,10.925905692767236,6.0,0.0
6.1,0.25,0.28,10.0,0.055,56.0,131.0,0.994,3.22,0.35,10.9,6,0.4274809127673213,10.96578373663608,11.509412246391985,6.0,0.0
6.8,0.26,0.29,11.9,0.052,54.0,160.0,0.99546,3.03,0.58,10.4,6,0.337499997890625,10.447420843207318,12.36361388433839,6.0,0.0
7.1,0.13,0.29,15.5,0.064,56.0,115.5,0.99737,3.16,0.41,9.7,7,0.4848484806506625,9.725568519638127,16.90472165542463,6.1836564773236296,0.8163435226763704
6.2,0.2,0.25,15.0,0.055,8.0,120.0,0.99767,3.19,0.53,9.6,6,0.06666666611111112,9.622410594274065,13.777747160561866,6.0,0.0
5.8,0.24,0.28,1.4,0.038,40.0,76.0,0.98711,3.1,0.29,13.9,7,0.5263157825484766,14.0814964071923,11.15382470418326,7.0,0.0
7.6,0.48,0.31,9.4,0.046,6.0,194.0,0.99714,3.07,0.61,9.4,5,0.030927834892124563,9.42695165478102,9.620240987036723,5.0,0.0
7.4,0.26,0.32,3.7,0.032,29.0,193.0,0.99134,3.1,0.67,12.5,6,0.15025906657896856,12.60918291485977,12.758598692071219,6.0,0.0
6.1,0.3,0.47,1.4,0.049,50.0,187.0,0.9927,3.19,0.45,9.5,5,0.2673796777145472,9.569850337614247,7.922067633678397,5.0,0.0
6.2,0.32,0.5,6.5,0.048,61.0,186.0,0.9948,3.19,0.45,9.6,5,0.32795698748410224,9.650171240278205,7.560966389065379,5.0,0.0
6.3,0.34,0.52,6.3,0.047,63.0,186.0,0.99481,3.18,0.44,9.6,5,0.3387096755983351,9.650074235206485,7.325572877240839,5.0,0.0
7.4,0.16,0.3,13.7,0.056,33.0,168.0,0.99825,2.9,0.44,8.7,7,0.19642857025935376,8.715242959936928,16.086921550170548,7.0,0.0
7.2,0.26,0.38,1.5,0.061,12.0,120.0,0.99192,3.18,0.46,10.4,5,0.09999999916666667,10.48470593928347,11.249982421902466,5.0,0.0
7.0,0.31,0.35,1.6,0.063,13.0,119.0,0.99184,3.22,0.5,10.7,5,0.10924369656097734,10.788019450698245,10.606044536296158,5.0,0.0
6.6,0.22,0.35,1.4,0.05,23.0,83.0,0.99019,3.17,0.48,12.0,7,0.27710843039628397,12.11887403541337,11.578927054513938,7.0,0.0
5.8,0.23,0.31,3.5,0.044,35.0,158.0,0.98998,3.19,0.37,12.1,7,0.22151898593975325,12.222456794625352,10.740720850516942,7.0,0.0
6.3,0.17,0.32,1.0,0.04,39.0,118.0,0.98886,3.31,0.4,13.1,8,0.3305084717753519,13.247564622328113,12.857116618129352,8.0,0.0
6.0,0.19,0.26,1.4,0.039,30.0,104.0,0.98998,3.32,0.41,12.4,6,0.28846153568786986,12.52549291350036,13.333303703769548,6.0,0.0
6.7,0.21,0.34,1.5,0.035,45.0,123.0,0.98949,3.24,0.36,12.6,7,0.3658536555621654,12.73381971134654,12.18179603309812,6.674928197561755,0.32507180243824507
6.6,0.22,0.37,1.6,0.04,31.0,101.0,0.99009,3.15,0.66,12.0,5,0.3069306900303892,12.120098051593237,11.18642171792929,5.0,0.0
6.8,0.34,0.27,5.2,0.06,14.0,169.0,0.99252,3.27,0.57,11.6,6,0.08284023619621163,11.687410140440353,11.147522708979164,6.0,0.0
7.1,0.34,0.86,1.4,0.174,36.0,99.0,0.99288,2.92,0.5,9.3,5,0.3636363599632691,9.366681404921637,5.91666173611522,5.744283702115907,-0.744283702115907
6.3,0.24,0.22,11.9,0.05,65.0,179.0,0.99659,3.06,0.58,9.3,6,0.36312848959146093,9.331812147611208,13.69562240082087,6.0,0.0
6.9,0.35,0.39,2.4,0.048,25.0,157.0,0.99133,3.2,0.54,11.1,7,0.159235667775569,11.19706737709201,9.324311723903076,7.0,0.0
6.8,0.24,0.33,3.2,0.049,68.0,161.0,0.99324,3.1,0.69,10.2,6,0.4223602458238494,10.269410948601598,11.92980363192345,6.0,0.0
6.4,0.25,0.33,1.7,0.037,35.0,113.0,0.99164,3.23,0.66,10.6,6,0.3097345105333229,10.689352295840933,11.034463733683216,6.911963219173793,-0.911963219173793
5.8,0.19,0.33,4.2,0.038,49.0,133.0,0.99107,3.16,0.42,11.3,7,0.3684210498614959,11.40180673231282,11.15382470418326,7.0,0.0
6.9,0.24,0.4,15.4,0.052,81.0,198.0,0.9986,3.2,0.69,9.4,5,0.4090909070247934,9.413169023463826,10.781233154323196,6.052437942910573,-1.052437942910573
6.5,0.31,0.61,13.0,0.053,31.0,123.0,0.99708,3.09,0.5,9.3,6,0.2520325182761584,9.32722617319957,7.065209711728574,5.476982810824142,0.5230171891758584
6.6,0.25,0.32,5.6,0.039,15.0,68.0,0.99163,2.96,0.52,11.1,6,0.22058823205017306,11.193679907142878,11.578927054513937,6.0,0.0
7.5,0.38,0.56,9.7,0.055,15.0,170.0,0.99605,3.13,0.65,9.9,6,0.08823529359861593,9.939250098639528,7.978714916260727,6.0,0.0
6.2,0.3,0.3,2.5,0.041,29.0,82.0,0.99065,3.31,0.61,11.8,7,0.3536585322724569,11.911359298077729,10.333316111139816,7.001921582563452,-0.0019215825634519845
6.4,0.33,0.28,4.0,0.04,24.0,81.0,0.9903,3.26,0.64,12.6,7,0.29629629263831736,12.723404298289106,10.491786079039214,7.0,0.0
7.6,0.27,0.32,1.2,0.043,23.0,72.0,0.99236,3.06,0.68,10.5,5,0.3194444400077161,10.580826936971524,12.881334099433726,5.0,0.0
5.9,0.24,0.34,2.0,0.037,40.0,108.0,0.98948,3.19,0.5,12.3,6,0.3703703669410151,12.430759155557308,10.172396254489215,6.0,0.0
5.3,0.33,0.3,1.2,0.048,25.0,119.0,0.99045,3.32,0.62,11.3,6,0.21008403184803334,11.408944006316315,8.412685059230064,6.0,0.0
6.4,0.21,0.21,5.1,0.097,21.0,105.0,0.9939,3.07,0.46,9.6,5,0.1999999980952381,9.658909690200533,15.238058957002485,5.0,0.0
7.0,0.22,0.3,1.4,0.04,14.0,63.0,0.98985,3.2,0.33,12.0,6,0.22222221869488543,12.123036699462848,13.461512574014279,6.0,0.0
7.8,0.27,0.35,1.2,0.05,36.0,140.0,0.99138,3.09,0.45,11.2,5,0.25714285530612246,11.297372049696332,12.580624869959886,5.0,0.0
6.7,0.2,0.24,6.5,0.044,28.0,100.0,0.99348,3.12,0.33,10.2,6,0.2799999972,10.26693011743556,15.227238119913364,6.175370168581465,-0.17537016858146526
8.1,0.27,0.33,1.3,0.045,26.0,100.0,0.99066,2.98,0.44,12.4,6,0.2599999974,12.516895285067243,13.499977500037497,6.0,0.0
7.1,0.45,0.24,2.7,0.04,24.0,87.0,0.98862,2.94,0.38,13.4,8,0.2758620657946889,13.554233624412186,10.289840159651943,8.0,0.0
5.8,0.22,0.29,1.3,0.036,25.0,68.0,0.98865,3.24,0.35,12.6,6,0.3676470534169551,12.744638906955032,11.372526720535841,6.0,0.0
6.3,0.3,0.48,7.4,0.053,34.0,149.0,0.99472,3.18,0.53,9.8,5,0.2281879179316247,9.852008754213493,8.076912721906766,5.0,0.0
7.9,0.36,0.53,12.9,0.049,63.0,139.0,0.99792,2.94,0.45,9.1,5,0.4532374068112417,9.118958314335503,8.876394520905032,5.492020003432687,-0.49202000343268715
8.0,0.24,0.33,1.2,0.044,28.0,101.0,0.99035,3.03,0.43,12.5,6,0.27722772002744833,12.621787628830587,14.035063096380531,6.0,0.0
6.7,0.41,0.27,2.6,0.033,25.0,85.0,0.99086,3.05,0.34,11.7,6,0.294117643598616,11.807912512451292,9.85292668687252,6.0,0.0
6.7,0.24,0.31,2.3,0.044,37.0,113.0,0.99013,3.29,0.46,12.9,6,0.3274336254209414,13.028579046611005,12.18179603309812,6.0,0.0
6.2,0.3,0.32,1.3,0.054,27.0,183.0,0.99266,3.3,0.43,10.1,5,0.1475409828003225,10.174671917200333,9.999983870993756,5.0,0.0
6.9,0.26,0.38,10.5,0.044,33.0,139.0,0.99517,3.06,0.5,10.3,6,0.23741007023445992,10.349980053679218,10.781233154323196,6.0,0.0
5.9,0.32,0.2,14.4,0.05,29.0,144.0,0.99666,3.24,0.41,10.3,6,0.20138888749035494,10.33450691860121,11.34613202666918,6.0,0.0
6.1,0.25,0.3,1.2,0.036,42.0,107.0,0.991,3.34,0.56,10.8,7,0.3925233608175387,10.898071747657168,11.090888925656497,7.0,0.0
5.6,0.23,0.29,3.1,0.023,19.0,89.0,0.99068,3.25,0.51,11.2,6,0.21348314366872873,11.305354599512858,10.769210059211423,6.278735403266794,-0.27873540326679436
6.6,0.23,0.32,1.7,0.024,26.0,102.0,0.99084,3.29,0.6,11.8,6,0.2549019582852749,11.909075219939425,11.999978181857848,6.0,0.0
6.0,0.17,0.21,6.0,0.05,26.0,134.0,0.9939,3.08,0.54,9.8,6,0.1940298492982847,9.860136975413045,15.789432133073335,6.0,0.0
7.1,0.38,0.42,11.8,0.041,32.0,193.0,0.99624,3.04,0.49,10.0,6,0.1658031079492067,10.03773183396387,8.874988906263866,6.0,0.0
6.6,0.31,0.37,6.2,0.052,13.0,164.0,0.99602,3.24,0.39,8.8,4,0.07926829219958359,8.835155082071562,9.705868079605764,5.172883979905121,-1.1728839799051212
6.5,0.38,0.53,1.4,0.142,5.0,69.0,0.9926,3.14,0.52,10.1,4,0.07246376706574251,10.175286948129207,7.142849293572205,4.0,0.0
7.0,0.44,0.24,12.1,0.056,68.0,210.0,0.99718,3.05,0.5,9.5,5,0.3238095222675737,9.526856207649363,10.294102508672783,5.0,0.0
6.1,0.38,0.14,3.9,0.06,27.0,113.0,0.99344,3.07,0.34,9.2,4,0.23893805098284912,9.260741201540906,11.730746671641015,4.0,0.0
8.0,0.33,0.32,4.6,0.041,31.0,180.0,0.99184,2.92,0.74,12.2,6,0.1722222212654321,12.300358626029775,12.307673372810195,6.0,0.0
6.0,0.19,0.29,1.2,0.046,29.0,92.0,0.99033,3.22,0.53,11.3,6,0.31521738787807185,11.410326446410341,12.499973958387589,6.0,0.0
6.3,0.28,0.34,8.1,0.038,44.0,129.0,0.99248,3.26,0.29,12.1,6,0.3410852686737576,12.191669160417176,10.161273933429138,6.448231137039613,-0.44823113703961326
5.3,0.43,0.11,1.1,0.029,6.0,51.0,0.99076,3.51,0.48,11.2,4,0.11764705651672439,11.304441737210084,9.81479663926548,4.0,0.0
5.4,0.22,0.35,6.5,0.029,26.0,87.0,0.99092,3.29,0.44,12.5,7,0.29885057127757964,12.614527293295833,9.473667590056861,7.0,0.0
6.2,0.345,0.27,10.1,0.056,38.0,187.0,0.99486,3.31,0.56,10.6,5,0.20320855506305585,10.65475478483929,10.081284420675738,5.0,0.0
5.6,0.255,0.57,10.7,0.056,66.0,171.0,0.99464,3.25,0.61,10.4,7,0.385964910023597,10.456033885592893,6.787870560156897,5.723680444155049,1.2763195558449514
5.2,0.2,0.27,3.2,0.047,16.0,93.0,0.99235,3.44,0.53,10.1,7,0.17204300890276336,10.177850377537787,11.06380624722075,5.839601931326252,1.1603980686737483
6.2,0.29,0.23,12.4,0.048,33.0,201.0,0.99612,3.11,0.56,9.9,6,0.1641791036608005,9.938551641818615,11.923053994126933,6.0,0.0
6.3,0.26,0.25,5.2,0.046,11.0,133.0,0.99202,2.97,0.68,11.0,6,0.08270676629543786,11.088474941558696,12.352916955064792,6.0,0.0
6.0,0.22,0.23,5.0,0.045,10.0,122.0,0.99261,2.94,0.63,10.0,6,0.08196721244289171,10.074440037436618,13.333303703769548,6.0,0.0
7.5,0.35,0.37,2.5,0.066,29.0,89.0,0.98964,3.14,0.42,12.7,6,0.3258426929680596,12.832936388043745,10.416652199094168,6.0,0.0
6.6,0.39,0.28,9.2,0.036,10.0,92.0,0.99206,3.07,0.35,12.1,6,0.10869565099243858,12.196830638438563,9.850731566072287,6.0,0.0
6.3,0.23,0.33,6.9,0.052,23.0,118.0,0.9938,3.23,0.46,10.4,6,0.19491525258546397,10.464871739915738,11.249979910750158,6.0,0.0
6.3,0.22,0.3,2.0,0.05,23.0,120.0,0.99204,3.24,0.47,10.4,6,0.19166666506944446,10.483437680499092,12.115361316612852,6.0,0.0
6.4,0.29,0.18,15.0,0.04,21.0,116.0,0.99736,3.14,0.5,9.2,5,0.1810344811979786,9.224343041285952,13.616992304271696,5.0,0.0
7.5,0.23,0.3,1.2,0.03,27.0,80.0,0.99192,3.05,0.68,10.5,5,0.33749999578125006,10.585520419468889,14.15091669638359,5.0,0.0
5.7,0.28,0.36,1.8,0.041,38.0,90.0,0.99002,3.27,0.98,11.9,7,0.42222221753086425,12.019947051628197,8.90623608400612,7.0,0.0
6.5,0.26,0.24,10.8,0.042,47.0,130.0,0.996,3.08,0.4,10.1,6,0.3615384587573965,10.140552067718806,12.999974000052,6.0,0.0
6.4,0.27,0.29,3.9,0.034,62.0,140.0,0.99237,3.1,0.59,11.1,6,0.4428571396938776,11.185332904730187,11.428551020444605,6.0,0.0
5.9,0.22,0.29,4.2,0.037,69.0,144.0,0.99214,3.13,0.74,10.8,7,0.4791666633391204,10.885549533786024,11.568604767441633,6.465817293731607,0.5341827062683926
6.8,0.26,0.26,2.0,0.019,23.5,72.0,0.99041,3.16,0.47,11.8,6,0.32638888435570995,11.914245702036832,13.076897929042442,5.908809903303683,0.09119009669631684
7.6,0.36,0.48,13.5,0.038,44.0,116.0,0.9982,3.04,0.48,9.2,5,0.37931034155766946,9.216580628550762,9.047608276656813,5.0,0.0
7.6,0.35,0.47,13.3,0.037,42.0,116.0,0.99822,3.04,0.5,9.2,5,0.3620689623959572,9.216395968427832,9.268281380144659,5.0,0.0
5.7,0.18,0.26,2.2,0.023,21.0,95.0,0.9893,3.07,0.54,12.3,6,0.22105262925207758,12.43302089050754,12.954516012463609,6.0,0.0
6.6,0.36,0.47,1.4,0.145,26.0,124.0,0.99274,3.09,0.56,10.1,6,0.2096774176638918,10.173851991607076,7.951797648436568,5.46063852340038,0.5393614765996197
5.9,0.14,0.2,1.6,0.04,26.0,114.0,0.99105,3.25,0.45,11.4,6,0.22807017343798094,11.502939808344879,17.35289013855842,6.286854439811497,-0.2868544398114974
5.5,0.23,0.19,2.2,0.044,39.0,161.0,0.99209,3.19,0.43,10.4,6,0.24223602334014893,10.4829093298901,13.095206916174009,6.0,0.0
6.7,0.11,0.26,14.8,0.053,44.0,95.0,0.99676,3.2,0.35,9.8,6,0.4631578898614959,9.83184534707919,18.108059167407657,6.0,0.0
7.0,0.24,0.24,1.8,0.047,29.0,91.0,0.99251,3.3,0.43,9.9,6,0.31868131517932624,9.974700532286292,14.583302951452186,6.0,0.0
5.3,0.47,0.1,1.3,0.036,11.0,74.0,0.99082,3.48,0.54,11.2,4,0.14864864663988317,11.303757187221505,9.298229301352103,4.0,0.0
7.5,0.29,0.24,9.9,0.058,25.0,115.0,0.99567,3.15,0.46,10.9,5,0.21739130245746693,10.947391256750473,14.15091669638359,5.0,0.0
6.0,0.33,0.26,5.1,0.051,16.0,119.0,0.99416,3.15,0.41,9.2,5,0.13445378038274133,9.25403430631457,10.169474289026628,5.0,0.0
5.8,0.32,0.23,1.5,0.033,39.0,121.0,0.9887,2.96,0.35,12.0,5,0.3223140469230244,12.13713751680235,10.545435371935685,5.0,0.0
5.8,0.3,0.23,1.5,0.034,37.0,121.0,0.98871,2.96,0.34,12.1,6,0.3057851214397924,12.238156549284877,10.943375578536642,5.742765134655679,0.25723486534432105
3.8,0.31,0.02,11.1,0.036,20.0,114.0,0.99248,3.75,0.44,12.4,6,0.17543859495229303,12.493941949518428,11.515116620858725,6.0,0.0
6.2,0.36,0.22,5.25,0.038,44.0,145.0,0.99184,3.22,0.4,11.2,6,0.30344827376932226,11.292132509142089,10.689636742005618,6.0,0.0
6.0,0.31,0.27,2.3,0.042,19.0,120.0,0.98952,3.32,0.41,12.7,7,0.1583333320138889,12.834492648463247,10.344809750328015,6.551737462409498,0.4482625375905016
6.9,0.52,0.54,7.9,0.036,23.0,169.0,0.99267,3.26,0.47,12.2,6,0.1360946737509191,12.290073951994163,6.5094278212945085,6.0,0.0
7.0,0.55,0.05,8.0,0.036,19.0,164.0,0.99269,3.26,0.46,12.2,6,0.11585365783016062,12.289826340724353,11.666647222254626,6.0,0.0
5.8,0.2,0.16,1.4,0.042,44.0,99.0,0.98912,3.23,0.37,12.2,6,0.4444444399551067,12.33418358320165,16.111066358149007,6.0,0.0
6.0,0.29,0.27,2.3,0.044,20.0,117.0,0.9895,3.31,0.41,12.7,7,0.17094016947914387,12.834752061897865,10.714266581666816,7.0,0.0
5.7,0.22,0.29,3.5,0.04,27.0,146.0,0.98999,3.17,0.36,12.1,6,0.18493150558266092,12.222333334343443,11.176448673630052,6.0,0.0
7.1,0.46,0.23,13.7,0.045,44.0,192.0,0.9981,3.11,0.53,9.4,5,0.22916666547309028,9.417884562784728,10.289840159651941,5.0,0.0
6.6,0.21,0.3,9.9,0.041,64.0,174.0,0.995,3.07,0.5,10.1,6,0.3678160898401374,10.150743567091892,12.941151095782164,6.0,0.0
6.9,0.42,0.2,15.4,0.043,57.0,201.0,0.99848,3.08,0.54,9.4,5,0.28358208814138264,9.414300322189405,11.12901430804144,5.0,0.0
5.7,0.22,0.2,16.0,0.044,41.0,113.0,0.99862,3.22,0.46,8.9,6,0.3628318551961783,8.91229004797616,13.571396258580336,6.0,0.0
5.2,0.31,0.2,2.4,0.027,27.0,117.0,0.98886,3.56,0.45,13.0,7,0.2307692287968442,13.146438174829425,10.1960584391011,6.174558235230141,0.8254417647698586
7.2,0.22,0.35,5.5,0.054,37.0,183.0,0.99474,3.08,0.5,10.3,5,0.2021857912448864,10.354454073975036,12.63155678674248,5.0,0.0
5.6,0.18,0.29,2.3,0.04,5.0,47.0,0.99126,3.07,0.45,10.1,4,0.10638297645993668,10.189042038373344,11.914868266237733,4.0,0.0
6.2,0.24,0.27,16.8,0.04,48.0,129.0,0.99691,3.23,0.38,10.5,6,0.37209302037137193,10.532535000616905,12.156838908159003,6.0,0.0
5.7,0.26,0.24,17.8,0.059,23.0,124.0,0.99773,3.3,0.5,10.1,5,0.1854838694719043,10.122969016698889,11.3999772000456,5.0,0.0
6.0,0.2,0.26,6.8,0.049,22.0,93.0,0.9928,3.15,0.42,11.0,6,0.2365591372412996,11.079763215387574,13.043449905543683,6.0,0.0
7.6,0.28,0.17,1.6,0.046,28.0,117.0,0.99288,3.08,0.43,10.0,5,0.2393162372708014,10.07170043539961,16.88885135810809,5.0,0.0
7.0,0.2,0.33,4.7,0.03,25.0,76.0,0.99202,2.88,0.54,10.5,6,0.32894736409279784,10.584453353306028,13.207522249958018,6.0,0.0
6.6,0.26,0.27,11.8,0.048,28.0,112.0,0.99606,2.87,0.49,9.7,6,0.24999999776785717,9.738359397667411,12.452806692817559,6.0,0.0
7.2,0.21,0.36,15.7,0.045,68.0,183.0,0.99922,3.25,0.76,9.4,5,0.37158469742303446,9.407328308752518,12.63155678674248,5.0,0.0
6.9,0.22,0.32,5.8,0.041,20.0,119.0,0.99296,3.17,0.55,11.2,6,0.16806722547842667,11.279395666093633,12.777754115270156,6.297075196715376,-0.29707519671537597
7.4,0.22,0.28,9.0,0.046,22.0,121.0,0.99468,3.1,0.55,10.8,5,0.18181818031555222,10.857752384935472,14.7999704000592,5.0,0.0
7.0,0.2,0.35,8.8,0.037,31.0,103.0,0.99388,3.13,0.49,11.0,6,0.3009708708643605,11.067723399481427,12.727249586818932,6.0,0.0
5.6,0.26,0.0,10.2,0.038,13.0,111.0,0.99315,3.44,0.46,12.4,6,0.11711711606200796,12.485513280457857,21.538378698543468,6.0,0.0
6.3,0.28,0.3,6.6,0.208,60.0,154.0,0.99478,3.1,0.4,9.4,6,0.38961038708045204,9.449315980100144,10.862050237844416,6.0,0.0
6.4,0.29,0.3,6.5,0.209,62.0,156.0,0.99478,3.1,0.4,9.4,5,0.39743589488823144,9.449315980100144,10.847439241628404,5.0,0.0
7.2,0.34,0.23,8.9,0.105,22.0,155.0,0.99692,3.01,0.58,9.5,5,0.14193548295525496,9.529340840447738,12.631556786742477,5.0,0.0
7.1,0.39,0.39,11.1,0.034,25.0,204.0,0.99616,3.05,0.52,10.0,6,0.12254901900711265,10.03853794717922,9.102552432625085,5.437988299149012,0.562011700850988
6.9,0.26,0.29,4.2,0.043,33.0,114.0,0.9902,3.16,0.31,12.5,6,0.2894736816712835,12.623699632700836,12.545431735578662,6.0,0.0
6.1,0.24,0.25,1.6,0.044,24.0,115.0,0.9921,3.39,0.59,10.9,6,0.20869565035916826,10.986784611647403,12.448954185807784,6.0,0.0
5.9,0.25,0.24,7.4,0.044,21.0,113.0,0.99462,3.38,0.58,10.5,6,0.18584070631999375,10.556784946225749,12.04079175348622,6.0,0.0
6.1,0.24,0.27,11.5,0.05,51.0,133.0,0.99476,3.22,0.37,10.8,6,0.38345864373339367,10.856879190076812,11.960760861253211,6.0,0.0
6.5,0.22,0.27,1.6,0.039,36.0,116.0,0.99178,3.38,0.57,11.0,7,0.3103448249108205,11.091158229488164,13.265279050450918,6.6164143525235914,0.38358564747640855
6.2,0.26,0.29,2.0,0.036,16.0,87.0,0.99081,3.33,0.61,11.8,6,0.18390804386312593,11.909435805617823,11.272706776896769,6.0,0.0
6.6,0.34,0.25,4.8,0.038,16.0,121.0,0.99198,3.36,0.71,12.6,6,0.13223140386585616,12.701856184745473,11.186421717929289,6.0,0.0
5.6,0.225,0.24,9.8,0.054,59.0,140.0,0.99545,3.17,0.39,10.2,6,0.4214285684183674,10.24661183724764,12.042984853796014,6.0,0.0
7.1,0.23,0.28,1.9,0.046,33.0,103.0,0.98997,3.12,0.31,12.0,5,0.32038834640399666,12.121567197422955,13.921541330311115,5.0,0.0
6.4,0.27,0.3,1.6,0.04,19.0,86.0,0.99089,3.32,0.65,11.5,6,0.22093022998918338,11.605716471337411,11.228050477104425,6.0,0.0
6.3,0.41,0.22,7.3,0.035,23.0,117.0,0.99172,3.2,0.39,11.94,7,0.19658119490101544,12.03967648159109,9.999984127009322,7.0,0.0
6.7,0.41,0.24,5.4,0.035,33.0,115.0,0.9901,3.12,0.44,12.8933333333333,7,0.28695651924385635,13.022240491963245,10.30767644972854,6.910227410464929,0.08977258953507139
7.2,0.585,0.2,10.4,0.086,17.0,94.0,0.99681,3.13,0.4,9.4,5,0.18085106190583977,9.430072501206347,9.171962838263902,5.0,0.0
6.7,0.34,0.26,1.9,0.038,58.0,138.0,0.9893,3.0,0.47,12.2,7,0.4202898520268851,12.331939419853006,11.166648055586572,7.0,0.0
6.4,0.26,0.35,7.7,0.056,45.0,191.0,0.99527,3.16,0.5,9.5,5,0.23560209300731888,9.545138962152016,10.491786079039215,5.0,0.0
6.3,0.28,0.22,11.5,0.036,27.0,150.0,0.99445,3.0,0.33,10.6,6,0.1799999988,10.65914761008838,12.599974800050399,5.776351952048347,0.22364804795165316
7.4,0.16,0.33,1.2,0.042,47.0,121.0,0.99198,3.04,0.68,10.5,7,0.3884297488559525,10.584880153954561,15.10200999589797,7.0,0.0
8.4,0.27,0.3,2.2,0.037,36.0,129.0,0.99085,2.89,0.3,11.4666666666667,6,0.27906976527852895,11.572543870538254,14.736816251199558,6.0,0.0
5.9,0.2,0.28,1.0,0.043,45.0,100.0,0.99033,3.4,0.41,11.4,6,0.4499999955000001,11.51130278664406,12.291641059081128,6.0,0.0
6.4,0.24,0.26,8.2,0.054,47.0,182.0,0.99538,3.12,0.5,9.5,5,0.2582417568228475,9.544084124571395,12.7999744000512,5.0,0.0
7.4,0.38,0.34,8.3,0.052,44.0,168.0,0.99627,3.11,0.52,9.2,5,0.261904760345805,9.234435208893965,10.277763503106247,5.334456801004194,-0.33445680100419395
6.4,0.42,0.19,9.3,0.043,28.0,145.0,0.99433,3.23,0.53,10.98,5,0.19310344694411416,11.04260050224724,10.491786079039215,5.0,0.0
6.4,0.23,0.26,8.1,0.054,47.0,181.0,0.9954,3.12,0.49,9.4,5,0.2596685068526602,9.443430336115798,13.061197834290136,5.0,0.0
7.3,0.19,0.27,13.9,0.057,45.0,155.0,0.99807,2.94,0.41,8.8,8,0.2903225787721124,8.817008008448298,15.869530718411482,8.0,0.0
6.8,0.24,0.29,2.0,0.044,15.0,96.0,0.99232,3.23,0.64,10.4,8,0.15624999837239587,10.480479602870442,12.830164471387787,8.0,0.0
7.4,0.27,0.52,15.7,0.054,36.0,139.0,0.99788,3.04,0.62,10.0333333333333,6,0.2589928038921381,10.05463911361505,9.367076750535759,6.0,0.0
5.7,0.28,0.35,1.2,0.052,39.0,141.0,0.99108,3.44,0.69,11.3,6,0.27659574271917914,11.40169168816676,9.047604686341767,6.0,0.0
5.8,0.22,0.25,1.5,0.024,21.0,109.0,0.99234,3.37,0.58,10.4,6,0.19266054869118762,10.480268375487862,12.340399275746222,6.313175909151248,-0.3131759091512478
6.7,0.27,0.69,1.2,0.176,36.0,106.0,0.99288,2.96,0.43,9.2,6,0.3396226383054468,9.26596440056764,6.979159396708962,5.828360064525312,0.1716399354746878
7.1,0.2,0.35,3.2,0.034,21.0,107.0,0.99195,3.11,0.54,11.1,6,0.19626168040876935,11.190068864288659,12.909067438059202,6.0,0.0
7.1,0.23,0.3,2.6,0.034,62.0,148.0,0.99121,3.03,0.56,11.3,7,0.4189189160883857,11.400196325504862,13.396201139243132,7.0,0.0
7.6,0.31,0.52,13.2,0.042,61.0,148.0,0.99839,2.98,0.47,9.1,6,0.41216215937728273,9.114665496784326,9.15661547395726,6.0,0.0
7.2,0.34,0.28,10.4,0.108,43.0,187.0,0.99738,2.96,0.57,9.4,5,0.22994652283451059,9.424683245419754,11.612884495347586,5.0,0.0
7.0,0.36,0.25,5.7,0.015,14.0,73.0,0.98963,2.82,0.59,13.2,6,0.19178081929067373,13.338304883335303,11.475391023949141,6.0,0.0
6.4,0.31,0.28,2.5,0.039,34.0,137.0,0.98946,3.22,0.38,12.7,6,0.24817518067025415,12.835270920228284,10.847439241628402,6.0,0.0
7.3,0.28,0.35,1.6,0.054,31.0,148.0,0.99178,3.18,0.47,10.7,5,0.20945945804419286,10.788672095956667,11.58728319478858,5.0,0.0
7.4,0.16,0.3,1.4,0.064,34.0,166.0,0.99136,3.11,0.42,11.4333333333333,6,0.20481927587458268,11.532966632067732,16.086921550170548,6.219516610486414,-0.2195166104864139
6.4,0.31,0.27,7.4,0.049,48.0,169.0,0.99323,3.27,0.45,11.1,6,0.28402366695843984,11.175647961048336,11.034463733683216,6.0,0.0
6.2,0.29,0.29,5.6,0.046,35.0,178.0,0.99313,3.25,0.51,10.5333333333333,5,0.19662921237848757,10.606187233439798,10.689636742005618,5.0,0.0
5.9,0.28,0.34,3.6,0.04,50.0,194.0,0.9912,3.31,0.52,11.6,6,0.2577319574343714,11.702974472382493,9.516113683687605,6.0,0.0
6.5,0.23,0.2,7.5,0.05,44.0,179.0,0.99504,3.18,0.48,9.53333333333333,5,0.24581005449268126,9.580844742410944,15.116243915711824,5.0,0.0
7.2,0.34,0.2,5.8,0.062,52.0,203.0,0.99461,3.17,0.44,9.8,6,0.25615763420612003,9.85309834699194,13.333308642021032,6.0,0.0
6.5,0.2,0.33,1.5,0.039,36.0,110.0,0.99008,3.22,0.65,12.0,6,0.3272727242975207,12.120220466810292,12.264127803532444,6.0,0.0
6.2,0.24,0.27,2.9,0.039,30.0,123.0,0.98959,3.12,0.37,12.8,6,0.2439024370414436,12.934636632709879,12.156838908159003,6.0,0.0
7.1,0.31,0.25,11.2,0.048,32.0,136.0,0.99663,3.14,0.4,9.5,5,0.23529411591695504,9.532113691025064,12.678548788305733,5.160516076976013,-0.16051607697601256
6.4,0.29,0.21,9.65,0.041,36.0,119.0,0.99334,2.99,0.34,10.9333333333333,6,0.30252100586116804,11.00662645892327,12.7999744000512,6.0,0.0
6.3,0.19,0.33,10.1,0.063,63.0,133.0,0.99561,2.86,0.41,9.1,5,0.4736842069647804,9.140115968987887,12.115361316612852,5.0,0.0
5.9,0.29,0.28,3.2,0.035,16.0,117.0,0.98959,3.26,0.42,12.6,6,0.1367521355833151,12.732532935323785,10.350859033580642,6.0,0.0
6.5,0.3,0.28,11.45,0.041,29.0,109.0,0.99418,2.98,0.3,10.9,6,0.2660550434306877,10.96379834255533,11.206877229522016,6.0,0.0
6.5,0.22,0.19,4.5,0.096,16.0,115.0,0.9937,3.02,0.44,9.6,5,0.13913043357277885,9.660853717566953,15.85361986921983,5.394071280991074,-0.39407128099107425
7.0,0.23,0.28,2.7,0.053,16.0,92.0,0.99372,3.18,0.56,9.3,5,0.17391304158790172,9.35876367712869,13.725463283405325,5.0,0.0
7.1,0.23,0.23,3.5,0.038,23.0,112.0,0.99157,3.05,0.37,11.3666666666667,6,0.20535714102359695,11.463290744350832,15.43474905489336,6.081268832179536,-0.08126883217953562
6.1,0.26,0.28,1.7,0.043,24.0,98.0,0.98918,3.14,0.44,12.5,6,0.24489795668471473,12.636716637298937,11.296275377267818,6.0,0.0
6.4,0.35,0.21,2.1,0.051,46.0,171.0,0.9932,3.16,0.5,9.5,5,0.2690058463800828,9.565032657035182,11.428551020444608,5.0,0.0
6.0,0.32,0.32,4.8,0.041,40.0,186.0,0.99235,3.22,0.54,11.0,6,0.2150537622846572,11.08478753989264,9.374985351585387,5.797892638478876,0.20210736152112396
6.1,0.34,0.21,5.0,0.042,17.0,133.0,0.99373,3.02,0.53,9.4,5,0.12781954791113123,9.459300353918717,11.090888925656497,5.155144655419655,-0.1551446554196554
6.5,0.13,0.27,2.6,0.035,32.0,76.0,0.9914,3.21,0.76,11.3333333333333,6,0.42105262603878124,11.431633953701176,16.24995937510156,6.0,0.0
6.5,0.315,0.2,6.6,0.041,9.0,126.0,0.99494,2.94,0.51,8.8,5,0.07142857086167802,8.84474556782764,12.62133471585492,5.0,0.0
5.7,0.31,0.29,7.3,0.05,33.0,143.0,0.99332,3.31,0.5,11.0666666666667,6,0.23076922915545994,11.141077926135358,9.499984166693055,6.0,0.0
6.4,0.3,0.27,5.0,0.058,27.0,151.0,0.99198,3.22,0.49,12.2,6,0.17880794583570897,12.298622655071014,11.228050477104425,6.0,0.0
7.0,0.24,0.26,1.7,0.041,31.0,110.0,0.99142,3.2,0.53,11.0,6,0.2818181792561984,11.09518559723871,13.999972000056,6.09445321127339,-0.09445321127338957
6.4,0.26,0.21,8.2,0.05,51.0,182.0,0.99542,3.23,0.48,9.5,5,0.2802197786801111,9.543700605070619,13.616992304271696,5.0,0.0
6.0,0.27,0.31,5.0,0.043,54.0,170.0,0.9924,3.28,0.52,11.0,6,0.3176470569550173,11.084229056601112,10.344809750328015,6.0,0.0
7.1,0.21,0.33,1.2,0.039,34.0,97.0,0.99112,3.11,0.75,11.2,6,0.35051546030396435,11.300335680507223,13.148123799770739,6.095207124736281,-0.09520712473628112
6.7,0.26,0.29,7.1,0.036,28.0,100.0,0.99534,3.08,0.36,9.3,6,0.2799999972,9.343531513320562,12.18179603309812,6.0,0.0
6.3,0.28,0.22,9.5,0.04,30.0,111.0,0.99338,3.05,0.31,10.8,4,0.270270267835403,10.871961513256243,12.599974800050399,4.0,0.0
6.2,0.25,0.44,15.8,0.057,39.0,167.0,0.99804,3.14,0.51,9.2,5,0.23353293273333572,9.218058175966718,8.985494223921416,5.0,0.0
7.3,0.22,0.37,15.5,0.048,70.0,203.0,0.99899,3.25,0.77,9.4,5,0.3448275845082385,9.409494179627243,12.372860384982397,5.790057075222338,-0.7900570752223377
6.4,0.18,0.28,17.05,0.047,53.0,139.0,0.99724,3.25,0.35,10.5,6,0.38129496128564777,10.529049647978773,13.91301323257993,6.0,0.0
6.3,0.2,0.26,12.7,0.046,60.0,143.0,0.99526,3.26,0.35,10.8,6,0.4195804166462908,10.851424902613486,13.695622400820868,6.0,0.0
6.6,0.24,0.22,12.3,0.051,35.0,146.0,0.99676,3.1,0.67,9.4,5,0.2397260257553012,9.430545536994325,14.347794896098053,5.645643335404124,-0.6456433354041238
7.4,0.27,0.26,11.8,0.053,55.0,173.0,0.99699,3.11,0.6,9.8,5,0.31791907330682617,9.829577197788144,13.962237807098477,5.0,0.0
7.1,0.38,0.29,13.6,0.041,30.0,137.0,0.99461,3.02,0.96,12.1,6,0.21897810059140074,12.165560203939027,10.596999108956554,6.0,0.0
6.8,0.43,0.26,5.2,0.043,40.0,176.0,0.99116,3.17,0.41,12.3,6,0.22727272598140497,12.409689243220829,9.8550581810751,6.0,0.0
5.2,0.22,0.46,6.2,0.066,41.0,187.0,0.99362,3.19,0.42,9.73333333333333,5,0.2192513357259287,9.795820874692998,7.647047577871208,5.0,0.0
5.9,0.29,0.16,7.9,0.044,48.0,197.0,0.99512,3.21,0.36,9.4,5,0.2436548210981989,9.446087460720857,13.111081975373391,5.0,0.0
6.3,0.29,0.29,3.3,0.037,32.0,140.0,0.9895,3.17,0.36,12.8,7,0.22857142693877552,12.935813101755329,10.862050237844418,7.0,0.0
6.3,0.19,0.32,2.8,0.046,18.0,80.0,0.99043,2.92,0.47,11.05,6,0.22499999718750005,11.156759027130613,12.352916955064792,6.0,0.0
5.7,0.29,0.16,7.9,0.044,48.0,197.0,0.99512,3.21,0.36,9.4,5,0.2436548210981989,9.446087460720857,12.666638518581072,5.0,0.0
5.7,0.24,0.47,6.3,0.069,35.0,182.0,0.99391,3.11,0.46,9.73333333333333,5,0.19230769125105665,9.792962683110792,8.028157706820132,5.0,0.0
5.8,0.3,0.38,4.9,0.039,22.0,86.0,0.98963,3.23,0.58,13.1,7,0.2558139505137913,13.23725711906761,8.529399221471733,7.0,0.0
7.1,0.27,0.27,10.4,0.041,26.0,114.0,0.99335,3.04,0.52,11.5,7,0.22807017343798094,11.5769753088284,13.148123799770739,7.0,0.0
6.3,0.305,0.22,16.0,0.061,26.0,141.0,0.99824,3.08,0.5,9.1,5,0.1843971618127861,9.116035105751015,11.99997714290068,5.0,0.0
5.7,0.24,0.47,6.3,0.069,35.0,182.0,0.99391,3.11,0.46,9.75,5,0.19230769125105665,9.80973145482845,8.028157706820132,5.0,0.0
6.2,0.22,0.28,2.2,0.04,24.0,125.0,0.9917,3.19,0.48,10.5,6,0.191999998464,10.587868722528262,12.3999752000496,6.014847336749592,-0.014847336749592266
6.6,0.22,0.23,17.3,0.047,37.0,118.0,0.99906,3.08,0.46,8.8,6,0.31355931937661596,8.808270966437485,14.666634074146502,5.901365308402889,0.0986346915971108
6.1,0.22,0.5,6.6,0.045,30.0,122.0,0.99415,3.22,0.49,9.9,6,0.24590163732867512,9.958245779564674,8.472210455263257,6.0,0.0
6.2,0.21,0.52,6.5,0.047,28.0,123.0,0.99418,3.22,0.49,9.9,6,0.22764227457201403,9.9579452836053,8.49313905049445,6.0,0.0
6.3,0.32,0.26,12.3,0.044,24.0,205.0,0.99611,3.11,0.58,9.9,5,0.11707317016061869,9.938651415354313,10.862050237844416,5.0,0.0
6.9,0.44,0.27,5.0,0.038,33.0,166.0,0.99124,3.2,0.42,12.2,6,0.19879517952533024,12.307804055724086,9.718296171413844,6.0,0.0
6.1,0.31,0.34,2.8,0.042,59.5,162.0,0.99179,3.27,0.47,10.8,6,0.3672839483500991,10.88939101080772,9.384600946767772,6.0,0.0
8.1,0.36,0.59,13.6,0.051,60.0,134.0,0.99886,2.96,0.39,8.7,5,0.44776119068834935,8.709920599562901,8.526306814413878,5.0,0.0
6.6,0.38,0.28,2.8,0.043,17.0,67.0,0.98924,3.21,0.47,13.2,6,0.2537313394965472,13.343563398605596,9.999984848507804,6.0,0.0
6.7,0.24,0.26,5.4,0.03,15.0,94.0,0.99045,3.15,0.38,12.7,6,0.1595744663875057,12.82244149382453,13.3999732000536,6.0,0.0
6.9,0.56,0.26,10.9,0.06,55.0,193.0,0.9969,3.21,0.44,9.4,5,0.284974091787699,9.429221156363571,8.414623884605017,5.206994736831684,-0.20699473683168357
7.2,0.24,0.24,1.7,0.045,18.0,161.0,0.99196,3.25,0.53,11.2,6,0.1118012415416072,11.29076647166572,14.999968750065106,6.0,0.0
6.5,0.29,0.3,9.15,0.051,25.0,166.0,0.99339,3.24,0.56,11.3333333333333,6,0.15060240873131078,11.408733654052936,11.016930479778848,5.967857406491814,0.032142593508186046
6.7,0.28,0.28,4.5,0.051,14.0,92.0,0.99224,3.36,0.58,11.9,6,0.15217391138941402,11.993054106814776,11.964264349527946,6.178843487277438,-0.1788434872774376
6.5,0.29,0.3,9.15,0.051,25.0,166.0,0.99339,3.24,0.56,11.35,6,0.15060240873131078,11.425511203544223,11.016930479778848,6.0,0.0
6.1,0.21,0.19,1.4,0.046,51.0,131.0,0.99184,3.22,0.39,10.5,5,0.38931297412738186,10.586374227320709,15.24996187509531,5.0,0.0
7.2,0.47,0.16,5.9,0.048,14.0,125.0,0.99428,3.09,0.49,9.8,5,0.111999999104,9.85636857186248,11.428553288010654,5.287397147661539,-0.28739714766153934
6.7,0.34,0.31,16.4,0.051,20.0,146.0,0.99834,3.06,0.54,9.1,5,0.13698630043160068,9.115121987377059,10.307676449728538,5.0,0.0
6.6,0.27,0.25,1.2,0.033,36.0,111.0,0.98918,3.16,0.37,12.4,6,0.3243243214024836,12.535622904200546,12.692283284070605,6.0,0.0
5.0,0.35,0.25,7.8,0.031,24.0,116.0,0.99241,3.39,0.4,11.3,6,0.206896549940547,11.38641147669665,8.333319444467593,6.0,0.0
4.4,0.46,0.1,2.8,0.024,31.0,111.0,0.98816,3.48,0.34,13.1,6,0.27927927676324976,13.256949019441162,7.857128826555666,6.0,0.0
6.6,0.38,0.29,2.9,0.035,15.0,101.0,0.98916,3.04,0.37,12.5,6,0.14851485001470446,12.636972141036695,9.85073156607229,6.0,0.0
7.3,0.3,0.25,2.5,0.045,32.0,122.0,0.99329,3.18,0.54,10.3,5,0.2622950798172535,10.369569441382234,13.272703140539742,5.0,0.0
6.4,0.28,0.22,12.8,0.039,51.0,150.0,0.99535,3.23,0.43,10.7,6,0.33999999773333334,10.749976641405896,12.7999744000512,5.879904398438281,0.12009560156171872
6.9,0.29,0.25,12.2,0.04,29.0,136.0,0.99552,3.05,0.65,10.4,6,0.2132352925497405,10.446791177684851,12.777754115270156,6.0,0.0
6.3,0.3,0.19,7.7,0.049,47.0,184.0,0.99514,3.22,0.48,9.5,5,0.25543478122046315,9.54638588903482,12.857116618129352,5.0,0.0
6.3,0.39,0.22,2.8,0.048,53.0,173.0,0.99304,3.24,0.45,9.8,5,0.3063583797320325,9.868676117098891,10.327851921554226,5.0,0.0
6.6,0.18,0.26,17.3,0.051,17.0,149.0,0.9984,3.0,0.43,9.4,6,0.11409395896581236,9.415054672421203,14.999965909168388,6.016079673660655,-0.01607967366065477
6.0,0.28,0.29,19.3,0.051,36.0,174.0,0.99911,3.14,0.5,9.0,5,0.2068965505350773,9.008008119217983,10.526297322285398,5.278286013770976,-0.27828601377097595
6.6,0.35,0.26,2.7,0.045,19.0,129.0,0.98952,3.24,0.48,13.0,7,0.14728682056366807,13.13766964015923,10.81965439400919,7.0,0.0
5.9,0.22,0.18,6.4,0.041,28.0,120.0,0.99403,3.27,0.5,9.9,5,0.2333333313888889,9.959447944782406,14.749963125092188,5.0,0.0
7.7,0.28,0.24,2.4,0.044,29.0,157.0,0.99312,3.27,0.56,10.6,6,0.18471337461966003,10.673422473193094,14.807663831415708,6.0,0.0
7.1,0.42,0.2,2.8,0.038,28.0,109.0,0.98968,3.23,0.47,13.4,6,0.2568807315882502,13.53971633283856,11.451594432912204,6.0,0.0
6.7,0.32,0.32,1.7,0.031,31.0,114.0,0.98946,3.12,0.35,12.5,6,0.2719298221760542,12.63314066951603,10.468733642603683,6.0,0.0
6.6,0.26,0.56,15.4,0.053,32.0,141.0,0.9981,3.11,0.49,9.3,5,0.2269503530003521,9.317694301478507,8.048770672230885,5.505596731762308,-0.5055967317623082
6.2,0.32,0.24,4.1,0.051,34.0,149.0,0.99306,3.36,0.52,11.0,5,0.2281879179316247,11.076862347831602,11.07140880105571,5.0,0.0
6.3,0.25,0.27,6.6,0.054,40.0,158.0,0.99378,3.2,0.48,10.3,5,0.253164555359718,10.36445655531752,12.115361316612852,5.0,0.0
6.2,0.21,0.24,1.2,0.051,31.0,95.0,0.99036,3.24,0.57,11.3,6,0.3263157860387812,11.409980804979195,13.777747160561868,6.0,0.0
6.4,0.23,0.27,2.1,0.042,35.0,100.0,0.99094,3.03,0.63,10.9,6,0.3499999965,10.999645791222687,12.7999744000512,6.0,0.0
4.7,0.145,0.29,1.0,0.042,35.0,90.0,0.9908,3.76,0.49,11.3,6,0.38888888456790127,11.404913802065199,10.804572863050891,5.651648215100308,0.348351784899692
6.2,0.2,0.28,1.1,0.039,24.0,78.0,0.9899,3.36,0.47,12.1,6,0.3076923037475346,12.22344456667889,12.916639757000507,6.0,0.0
7.0,0.28,0.28,1.4,0.039,12.0,83.0,0.99173,3.18,0.65,11.1,5,0.14457831151110467,11.192551205921767,12.499977678611286,5.0,0.0
7.1,0.36,0.2,1.6,0.271,24.0,140.0,0.99356,3.11,0.63,9.8,5,0.17142857020408164,9.8635111482838,12.678548788305733,5.301436683727067,-0.3014366837270668
5.7,0.25,0.22,9.8,0.049,50.0,125.0,0.99571,3.2,0.45,10.1,6,0.39999999680000003,10.143505495068348,12.127633770991979,6.0,0.0
5.7,0.22,0.33,1.9,0.036,37.0,110.0,0.98945,3.26,0.58,12.4,6,0.33636363330578517,12.532202201018544,10.363617520695415,6.0,0.0
6.0,0.2,0.38,1.3,0.034,37.0,104.0,0.98865,3.11,0.52,12.7,6,0.3557692273483728,12.845786834788008,10.344809750328015,6.0,0.0
6.4,0.32,0.26,7.9,0.05,53.0,180.0,0.99514,3.14,0.5,9.6,5,0.294444442808642,9.646874161550976,11.034463733683216,5.0,0.0
6.0,0.555,0.26,4.5,0.053,17.0,126.0,0.9943,3.24,0.46,9.1,5,0.13492063384983624,9.15215814929282,7.361954157111463,4.8939571836489595,0.10604281635104051
5.9,0.22,0.45,22.6,0.12,55.0,122.0,0.99636,3.1,0.35,12.8,5,0.4508196684359044,12.846749320778311,8.805957006034319,5.0,0.0
6.2,0.3,0.33,3.5,0.037,37.0,155.0,0.98987,3.18,0.37,12.4,6,0.23870967587929243,12.526884816304346,9.841254220231397,6.554789015121854,-0.5547890151218544
5.8,0.28,0.18,1.2,0.058,7.0,108.0,0.99288,3.23,0.58,9.55,4,0.06481481421467765,9.618473915806629,12.60866824202556,4.0,0.0
5.8,0.555,0.26,4.5,0.053,17.0,126.0,0.9943,3.24,0.46,9.1,5,0.13492063384983624,9.15215814929282,7.116555685207747,5.0,0.0
6.7,0.31,0.33,2.0,0.033,12.0,74.0,0.99064,3.29,0.65,12.5,6,0.16216215997078162,12.618092729858748,10.468733642603683,6.0,0.0
6.4,0.15,0.25,7.8,0.05,13.0,68.0,0.99394,3.16,0.4,9.9,6,0.19117646777681666,9.960349759190937,15.999960000100002,6.0,0.0
6.4,0.13,0.28,0.9,0.045,32.0,87.0,0.99175,3.47,0.52,11.2,6,0.36781608772625185,11.293157254189811,15.609718025077989,6.283229252872653,-0.283229252872653
6.7,0.48,0.49,2.9,0.03,28.0,122.0,0.98926,3.13,0.4,13.0,6,0.22950819484009677,13.141122514685204,6.907209374010955,6.0,0.0
5.8,0.3,0.33,3.5,0.033,25.0,116.0,0.99057,3.2,0.44,11.7,6,0.21551723952140311,11.811369402092328,9.206334593119692,6.0,0.0
6.1,0.28,0.23,4.2,0.038,13.0,95.0,0.98898,2.97,0.7,13.1,6,0.1368421038227147,13.245957202413393,11.960760861253211,6.0,0.0
6.0,0.19,0.37,9.7,0.032,17.0,50.0,0.9932,3.08,0.66,12.0,6,0.33999999320000013,12.082146514149704,10.714266581666816,6.0,0.0
6.8,0.31,0.25,10.5,0.043,30.0,165.0,0.9972,3.36,0.55,10.55,6,0.18181818071625344,10.579612334925457,12.142835459222391,6.0,0.0
7.5,0.24,0.29,1.1,0.046,34.0,84.0,0.9902,3.04,0.39,11.45,6,0.40476189994331074,11.563308863553965,14.15091669638359,6.0,0.0
6.8,0.23,0.39,16.1,0.053,71.0,194.0,0.9988,3.18,0.64,10.2,6,0.3659793795568073,10.212244481132878,10.967724245606055,6.0,0.0
6.3,0.29,0.3,8.1,0.212,60.0,150.0,0.9958,3.1,0.4,9.3,5,0.39999999733333336,9.339215365318974,10.67794800347796,5.0,0.0
6.8,0.2,0.25,6.2,0.052,22.0,106.0,0.9935,3.09,0.54,10.8,5,0.2075471678533286,10.870648343584959,15.11107753093882,5.0,0.0
5.2,0.38,0.26,7.7,0.053,20.0,103.0,0.9925,3.27,0.45,12.2,6,0.19417475539636161,12.292179050701206,8.124987304707336,6.0,0.0
7.8,0.27,0.33,2.4,0.053,36.0,175.0,0.992,3.2,0.55,11.0,6,0.20571428453877552,11.088698499295868,12.999978333369441,6.0,0.0
6.6,0.54,0.21,16.3,0.055,41.0,182.0,0.9986,3.35,0.54,10.4,6,0.22527472403695206,10.414569983406786,8.79998826668231,6.0,0.0
7.1,0.25,0.31,2.3,0.05,32.0,156.0,0.9914,3.14,0.51,11.4,6,0.20512820381328076,11.498878859311217,12.678548788305733,5.563297382547942,0.43670261745205785
5.8,0.61,0.01,8.4,0.041,31.0,104.0,0.9909,3.26,0.72,14.05,7,0.29807692021079885,14.179014856176348,9.354823621252223,7.0,0.0
6.5,0.32,0.23,8.5,0.051,20.0,138.0,0.9943,3.03,0.42,10.7,5,0.14492753518168452,10.761328812904743,11.818160330617578,5.0,0.0
6.4,0.28,0.23,6.0,0.051,50.0,162.0,0.994,3.15,0.52,10.2,5,0.3086419734034446,10.2615590929989,12.548995001970583,5.350311990070735,-0.3503119900707352
6.6,0.19,0.28,1.1,0.044,38.0,100.0,0.9904,3.22,0.69,11.2,6,0.3799999962,11.30855077892692,14.042523313780183,6.0,0.0
5.1,0.305,0.13,1.75,0.036,17.0,73.0,0.99,3.4,0.51,12.3333333333333,5,0.23287670913867523,12.457899874175178,11.72411097905522,5.0,0.0
5.8,0.26,0.3,2.6,0.034,75.0,129.0,0.9902,3.2,0.38,11.5,4,0.5813953443302686,11.613803662084768,10.357124362277922,4.0,0.0
6.7,0.23,0.17,1.3,0.061,14.0,100.0,0.9925,3.07,0.55,9.5,5,0.1399999986,9.571778768988645,16.749958125104687,5.0,0.0
6.8,0.33,0.3,2.1,0.047,35.0,147.0,0.9886,3.24,0.56,13.4,6,0.23809523647554262,13.554507834808987,10.79363366089895,6.0,0.0
6.1,0.27,0.32,1.1,0.034,24.0,110.0,0.9898,3.36,0.4,12.5,6,0.21818181619834712,12.628801142855988,10.33896552717707,6.0,0.0
6.8,0.4,0.29,2.8,0.044,27.0,97.0,0.9904,3.12,0.42,11.2,6,0.27835051259432464,11.30855077892692,9.8550581810751,6.0,0.0
6.1,0.4,0.18,9.0,0.051,28.5,259.0,0.9964,3.19,0.5,8.8,5,0.11003860961375055,8.831785596361305,10.517223246166814,5.0,0.0
7.1,0.28,0.26,2.8,0.039,50.0,118.0,0.9908,3.06,0.59,11.2,6,0.4237288099683999,11.303985361338956,13.148123799770739,6.0,0.0
6.2,0.32,0.32,2.2,0.036,15.0,70.0,0.9899,3.16,0.48,12.7,6,0.21428571122448986,12.829565784861312,9.6874848633049,6.0,0.0
6.8,0.17,0.17,5.1,0.049,26.0,82.0,0.993,3.0,0.38,9.8,6,0.3170731668649614,9.869073646451515,19.9999411766436,6.0,0.0
9.0,0.2,0.33,3.5,0.049,10.0,40.0,0.9944,3.14,0.36,9.8,6,0.24999999375000018,9.855179148049933,16.981100035660308,6.0,0.0
5.8,0.13,0.22,12.7,0.058,24.0,183.0,0.9956,3.32,0.42,11.7,6,0.13114754026695333,11.751695709425762,16.571381224625075,6.0,0.0
5.8,0.31,0.31,7.5,0.052,55.0,230.0,0.9949,3.19,0.46,9.8,5,0.23913043374291115,9.850226303923707,9.354823621252223,5.0,0.0
6.3,0.36,0.2,2.0,0.048,48.0,191.0,0.9929,3.17,0.51,9.6,5,0.2513088992078068,9.66863765873939,11.249979910750158,5.0,0.0
6.7,0.18,0.25,14.3,0.048,79.0,149.0,0.9975,3.12,0.37,9.7,5,0.530201338723481,9.724301028269645,15.581359113118344,5.0,0.0
6.6,0.16,0.25,9.8,0.049,59.5,137.0,0.995,3.16,0.38,10.0,6,0.4343065661729448,10.050241155536527,16.097521713361672,6.244657954536803,-0.2446579545368026
5.8,0.27,0.22,12.7,0.058,42.0,206.0,0.9946,3.32,0.38,12.3,6,0.20388349415590537,12.366768181411441,11.836710537325434,6.0,0.0
6.4,0.37,0.19,3.5,0.068,18.0,101.0,0.9934,3.03,0.38,9.0,6,0.17821782001764536,9.059785524677347,11.428551020444605,6.0,0.0
7.3,0.26,0.53,12.7,0.047,60.5,164.5,0.9984,3.06,0.45,9.1,6,0.3677811527794459,9.11457420415244,9.240494632285275,6.0,0.0
7.3,0.28,0.54,12.9,0.049,62.0,162.5,0.9984,3.06,0.45,9.1,6,0.3815384591905326,9.11457420415244,8.902428167770525,6.0,0.0
5.8,0.12,0.21,1.3,0.056,35.0,121.0,0.9908,3.32,0.33,11.4,6,0.2892561959565604,11.505842242791438,17.57570431604753,6.0,0.0
6.1,0.25,0.18,10.5,0.049,41.0,124.0,0.9963,3.14,0.35,10.5,5,0.33064515862382937,10.538983700708922,14.186013520898788,5.0,0.0
6.4,0.24,0.27,1.5,0.04,35.0,105.0,0.98914,3.13,0.3,12.4,6,0.3333333301587302,12.53612983386595,12.548995001970583,6.0,0.0
7.3,0.26,0.53,12.7,0.047,60.5,156.0,0.9984,3.06,0.45,9.1,6,0.3878205103344839,9.11457420415244,9.240494632285275,6.0,0.0
7.3,0.28,0.54,12.9,0.049,62.0,152.0,0.9984,3.06,0.45,9.1,6,0.4078947341585873,9.11457420415244,8.902428167770525,6.0,0.0
8.3,0.18,0.37,1.2,0.049,6.0,94.0,0.9937,3.18,0.52,10.1,5,0.06382978655500227,10.164023182023566,15.090881652942448,5.0,0.0
7.1,0.09,0.3,6.2,0.032,24.0,134.0,0.993,2.99,0.39,10.9,6,0.17910447627533974,10.976826810849133,18.205081525431986,6.0,0.0
8.3,0.14,0.36,8.8,0.026,13.0,60.0,0.9956,3.13,0.35,11.05,5,0.21666666305555562,11.098823725568778,16.5999668000664,5.0,0.0
5.8,0.28,0.3,3.9,0.026,36.0,105.0,0.98963,3.26,0.58,12.75,6,0.3428571395918368,12.88358994413069,9.999982758650415,6.0,0.0
6.0,0.23,0.34,1.3,0.025,23.0,111.0,0.98961,3.36,0.37,12.7,6,0.20720720534047563,12.833325417765161,10.526297322285398,6.0,0.0
6.9,0.28,0.37,9.1,0.037,16.0,76.0,0.9948,3.05,0.54,11.1,5,0.21052631301939062,11.158010496571675,10.615368284048794,5.0,0.0
6.3,0.25,0.53,1.8,0.021,41.0,101.0,0.989315,3.19,0.31,13.0,6,0.4059405900401922,13.140391947567814,8.076912721906766,6.0,0.0
6.5,0.2,0.31,2.1,0.033,32.0,95.0,0.989435,2.96,0.61,12.0,6,0.33684210171745155,12.128121475264697,12.745073048876375,6.0,0.0
5.9,0.29,0.32,1.4,0.022,17.0,47.0,0.9899,3.35,0.35,11.5,6,0.3617021199637847,11.617323348496466,9.672115291614276,6.0,0.0
6.4,0.46,0.22,14.7,0.047,51.0,183.0,0.998275,3.39,0.6,10.5,5,0.2786885230672758,10.518133261743245,9.411750865072257,5.0,0.0
6.8,0.23,0.33,1.9,0.047,20.0,101.0,0.9914,3.1,0.46,11.1,6,0.19801980001960595,11.196276784066185,12.142835459222391,5.960176827489505,0.03982317251049494
7.0,0.23,0.32,1.8,0.048,25.0,113.0,0.9915,3.11,0.47,11.1,6,0.22123893609523065,11.19514755910483,12.727249586818932,6.0,0.0
6.4,0.55,0.26,9.6,0.027,20.0,104.0,0.9924,3.22,0.73,13.1,6,0.1923076904585799,13.20030914922496,7.901224813302699,6.632245017930099,-0.6322450179300994
5.7,0.28,0.3,3.9,0.026,36.0,105.0,0.98963,3.26,0.58,12.75,6,0.3428571395918368,12.88358994413069,9.827569262811615,6.0,0.0
6.8,0.45,0.3,11.8,0.094,23.0,97.0,0.997,3.09,0.44,9.6,5,0.23711339961738764,9.628877002129386,9.066654577793896,5.0,0.0
6.1,0.2,0.4,1.9,0.028,32.0,138.0,0.9914,3.26,0.72,11.7,5,0.23188405629069525,11.801480934556249,10.16664972225046,5.0,0.0
6.1,0.37,0.46,12.0,0.042,61.0,210.0,0.997,3.17,0.59,9.7,6,0.2904761890929705,9.729177804234899,7.349388735676221,6.0,0.0
5.9,0.21,0.23,7.9,0.033,22.0,130.0,0.9944,3.38,0.59,10.9,6,0.1692307679289941,10.961372725892272,13.409060433953561,6.0,0.0
6.9,0.22,0.32,9.3,0.04,22.0,110.0,0.9958,3.34,0.54,10.7,7,0.1999999981818182,10.74511875364656,12.777754115270156,7.0,0.0
5.4,0.27,0.22,4.6,0.022,29.0,107.0,0.98889,3.33,0.54,13.8,6,0.27102803485020527,13.955026388145912,11.020385672682302,6.562451233307197,-0.5624512333071969
6.0,0.26,0.26,2.2,0.035,10.0,72.0,0.989465,3.11,0.48,12.15,6,0.13888888695987658,12.279350680063791,11.538439349155096,6.0,0.0
5.6,0.18,0.3,10.2,0.028,28.0,131.0,0.9954,3.49,0.42,10.8,7,0.21374045638366065,10.849898684047938,11.666642361161747,7.0,0.0
5.6,0.26,0.27,10.6,0.03,27.0,119.0,0.9947,3.4,0.34,10.7,7,0.22689075439587603,10.757001350154468,10.566017799966414,7.0,0.0
7.0,0.23,0.35,1.4,0.036,31.0,113.0,0.9912,3.16,0.48,10.8,7,0.274336280758086,10.895872784631978,12.06894470871602,7.0,0.0
5.8,0.28,0.66,9.1,0.039,26.0,159.0,0.9965,3.66,0.55,10.8,5,0.16352201155017604,10.837921888688522,6.170206201908295,5.0,0.0
8.6,0.36,0.26,11.1,0.03,43.5,171.0,0.9948,3.03,0.49,12.0,5,0.2543859634246435,12.062714050347758,13.870945369442952,5.0,0.0
6.4,0.3,0.27,4.4,0.055,17.0,135.0,0.9925,3.23,0.44,12.2,6,0.12592592499314129,12.292179050701206,11.228050477104425,6.0,0.0
6.2,0.2,0.32,2.8,0.05,17.0,126.0,0.9936,3.18,0.55,9.4,6,0.13492063384983624,9.46053798255034,11.923053994126933,6.0,0.0
5.8,0.29,0.15,1.1,0.029,12.0,83.0,0.9898,3.3,0.4,11.4,6,0.14457831151110467,11.517466642284662,13.181788223208585,6.0,0.0
5.7,0.22,0.28,1.3,0.027,26.0,101.0,0.98948,3.35,0.38,12.5,7,0.25742574002548774,12.63288532068832,11.3999772000456,6.134715406517893,0.865284593482107
5.6,0.22,0.32,1.2,0.024,29.0,97.0,0.98823,3.2,0.46,13.05,7,0.29896906908279314,13.205414523527393,10.370351166016357,7.0,0.0
6.8,0.32,0.23,3.3,0.026,31.0,99.0,0.9896,3.1,0.4,12.4,6,0.31313130996837063,12.53030261691328,12.36361388433839,6.0,0.0
6.2,0.2,0.26,9.7,0.03,39.0,102.0,0.9908,3.08,0.56,12.9,7,0.3823529374279124,13.019768853685049,13.478231569061807,7.0,0.0
6.1,0.35,0.24,2.3,0.034,25.0,133.0,0.9906,3.34,0.59,12.0,7,0.18796992339872237,12.11385815277796,10.338965527177072,6.839522972291615,0.16047702770838512
5.9,0.3,0.29,1.1,0.036,23.0,56.0,0.9904,3.19,0.38,11.3,5,0.4107142783801022,11.409519982310197,9.999983050876185,5.0,0.0
6.3,0.15,0.34,11.4,0.05,25.0,96.0,0.99754,3.21,0.49,10.0,6,0.2604166639539931,10.024650615864411,12.857116618129352,6.0,0.0
4.8,0.13,0.32,1.2,0.042,40.0,98.0,0.9898,3.42,0.64,11.8,7,0.4081632611411912,11.921588278856053,10.666642963015638,7.0,0.0
6.0,0.2,0.26,14.7,0.045,53.0,125.0,0.998365,2.99,0.69,9.4,6,0.42399999660800003,9.415384738662976,13.043449905543683,6.083216664636834,-0.08321666463683375
5.7,0.2,0.24,13.8,0.047,44.0,112.0,0.99837,2.97,0.66,8.8,6,0.39285713934948985,8.814358590143344,12.954516012463609,6.072239034600927,-0.07223903460092718
6.0,0.27,0.26,1.3,0.038,32.0,138.0,0.99125,3.46,0.43,11.1,6,0.23188405629069525,11.19797104870512,11.320733357106873,6.0,0.0
6.3,0.37,0.51,6.3,0.048,35.0,146.0,0.9943,3.1,1.01,10.5,6,0.2397260257553012,10.560182479953253,7.159082773769574,6.0,0.0
6.4,0.23,0.37,7.9,0.05,60.0,150.0,0.99488,2.86,0.49,9.3,6,0.39999999733333336,9.347851652609709,10.66664888891852,6.0,0.0
5.9,0.34,0.25,2.0,0.042,12.0,110.0,0.99034,3.02,0.54,11.4,6,0.10909090809917356,11.511186550895095,9.999983050876184,6.0822029276737055,-0.08220292767370552
5.0,0.33,0.23,11.8,0.03,23.0,158.0,0.99322,3.41,0.64,11.8,6,0.14556961933183785,11.880538168242516,8.928555484722347,6.0,0.0
5.4,0.29,0.38,1.2,0.029,31.0,132.0,0.98895,3.28,0.36,12.4,6,0.23484848306932968,12.538538309784812,8.059689463150056,6.0,0.0
8.0,0.33,0.35,10.0,0.035,22.0,108.0,0.99457,3.12,0.36,11.6,6,0.2037037018175583,11.663320165176744,11.764688581340321,6.0,0.0
6.4,0.3,0.33,5.2,0.05,30.0,137.0,0.99304,3.26,0.58,11.1,5,0.21897810059140074,11.177786214265069,10.158714033787248,5.0,0.0
6.4,0.33,0.3,7.2,0.041,42.0,168.0,0.99331,3.22,0.49,11.1,6,0.24999999851190477,11.174747888627024,10.158714033787248,6.0,0.0
7.0,0.33,0.78,9.9,0.042,21.0,251.0,0.99435,3.01,0.55,11.0,6,0.08366533831209029,11.062492017406328,6.306300624954392,6.0,0.0
6.7,0.45,0.3,5.3,0.036,27.0,165.0,0.99122,3.12,0.46,12.2,6,0.1636363626446281,12.308052391948918,8.933321422238103,6.0,0.0
6.5,0.36,0.31,13.55,0.053,20.0,113.0,0.99544,3.2,0.56,11.0,6,0.17699114887618453,11.050378676385641,9.701478057495438,5.3812656286383875,0.6187343713616125
5.8,0.42,0.3,2.2,0.035,26.0,129.0,0.989,3.32,0.47,12.9,6,0.20155038603449313,13.043465072330564,8.05554436729949,6.0,0.0
7.1,0.39,0.3,9.9,0.037,29.0,124.0,0.99414,3.07,0.42,10.9,6,0.23387096585587933,10.964239479108095,10.289840159651943,5.972444791721784,0.02755520827821556
6.7,0.53,0.29,4.3,0.069,20.0,114.0,0.99014,3.22,0.59,13.4,6,0.17543859495229303,13.53342604740133,8.170721743022265,6.0,0.0
6.7,0.66,0.0,13.0,0.033,32.0,75.0,0.99551,3.15,0.5,10.7,6,0.4266666609777779,10.748248889263905,10.151499770454892,6.0,0.0
6.5,0.16,0.33,1.0,0.027,23.0,75.0,0.9908,3.3,0.39,11.4,7,0.30666666257777786,11.505842242791438,13.265279050450918,7.0,0.0
8.3,0.22,0.34,1.1,0.043,20.0,116.0,0.9927,3.0,0.47,10.2,6,0.1724137916171225,10.274997204596348,14.821402104639098,6.0,0.0
6.9,0.23,0.35,6.9,0.03,45.0,116.0,0.99244,2.8,0.54,11.0,6,0.3879310311385256,11.083782310484956,11.89653121287722,6.0,0.0
6.4,0.17,0.34,13.4,0.044,45.0,139.0,0.99752,3.06,0.43,9.1,6,0.32374100486517265,9.122614962492017,12.548995001970583,5.747263957052201,0.2527360429477987
5.0,0.33,0.18,4.6,0.032,40.0,124.0,0.99114,3.18,0.4,11.0,6,0.32258064255983354,11.098320017030876,9.803902345289519,6.0,0.0
6.8,0.38,0.29,9.9,0.037,40.0,146.0,0.99326,3.11,0.37,11.5,6,0.27397260086320135,11.578024305796763,10.149238583225996,6.0,0.0
6.5,0.29,0.32,3.0,0.036,38.0,93.0,0.9906,3.16,0.59,12.0,6,0.408602146144063,12.11385815277796,10.655720236524202,6.0,0.0
6.9,0.29,0.32,5.8,0.04,16.0,112.0,0.993,3.04,0.58,11.2,5,0.14285714158163268,11.278941310230302,11.311456866464153,5.0,0.0
6.6,0.28,0.3,12.9,0.033,31.0,177.0,0.99479,3.12,0.39,11.2,6,0.17514124194835456,11.258646288516884,11.379290725360816,5.788694707949395,0.21130529205060533
6.2,0.36,0.27,3.2,0.032,13.0,73.0,0.98942,2.9,0.69,12.6,7,0.17808218934133987,12.734720609326061,9.841254220231397,7.0,0.0
6.0,0.615,0.04,0.8,0.032,8.0,50.0,0.99036,3.14,0.4,11.0,4,0.15999999680000007,11.107060960599215,9.160291358333803,4.0,0.0
5.9,0.44,0.36,2.5,0.03,12.0,73.0,0.99201,3.22,0.48,10.8,6,0.16438355939200605,10.886976051676847,7.374990781261523,6.0,0.0
5.9,0.42,0.36,2.4,0.034,19.0,77.0,0.99184,3.25,0.48,10.9,5,0.24675324354865918,10.989664674075783,7.564092866547607,5.0,0.0
5.8,0.34,0.21,7.2,0.041,48.0,146.0,0.99441,3.16,0.49,9.8,5,0.32876712103584166,9.855080042356732,10.545435371935685,5.0,0.0
5.8,0.27,0.2,7.3,0.04,42.0,145.0,0.99442,3.15,0.48,9.8,5,0.2896551704161712,9.854980938656766,12.340399275746222,5.345367707291993,-0.3453677072919934
7.1,0.33,0.18,6.3,0.094,27.0,166.0,0.99474,2.9,0.49,9.5,5,0.16265060142981566,9.550224631336198,13.921541330311115,5.0,0.0
6.1,0.44,0.28,4.25,0.032,43.0,132.0,0.9916,3.26,0.47,11.2666666666667,7,0.3257575732897154,11.362096918686749,8.472210455263257,7.0,0.0
7.3,0.28,0.37,1.2,0.039,26.0,99.0,0.99198,3.01,0.62,10.8,5,0.2626262599734721,10.887305301210407,11.230751952689303,5.0,0.0
5.2,0.5,0.18,2.0,0.036,23.0,129.0,0.98949,3.36,0.77,13.4,7,0.1782945722612824,13.542316200955845,7.647047577871209,7.0,0.0
6.1,0.44,0.28,4.25,0.032,43.0,132.0,0.9916,3.26,0.47,11.3,7,0.3257575732897154,11.395712590043777,8.472210455263257,7.0,0.0
6.4,0.62,0.12,4.7,0.06,33.0,196.0,0.99556,3.22,0.48,8.9,5,0.16836734607975845,8.939683253964349,8.648636961301404,5.0,0.0
6.4,0.38,0.19,4.5,0.038,36.0,119.0,0.99151,3.07,0.42,11.2,6,0.30252100586116804,11.295890817146757,11.228050477104425,6.003720917571117,-0.003720917571117255
7.5,0.305,0.38,1.4,0.047,30.0,95.0,0.99158,3.22,0.52,11.5,7,0.31578947036011085,11.597640535669804,10.948889125709304,7.0,0.0
6.5,0.5,0.22,4.1,0.036,35.0,131.0,0.9902,3.26,0.55,13.0,7,0.2671755704795758,13.12864761800887,9.027765239214945,6.934996215199135,0.0650037848008651
6.6,0.4,0.3,5.3,0.038,20.0,125.0,0.99204,3.36,0.73,12.6,6,0.15999999872,12.701087959066207,9.428557959202916,6.0,0.0
6.4,0.4,0.25,4.2,0.032,15.0,91.0,0.98988,3.26,0.52,13.1,6,0.16483516302378942,13.233913975518268,9.846138698248156,6.0,0.0
8.3,0.49,0.23,6.65,0.034,6.0,158.0,0.99344,3.05,0.48,11.2,5,0.0379746833039577,11.273945810571538,11.527761766997546,5.0,0.0
6.3,0.3,0.91,8.2,0.034,50.0,199.0,0.99394,3.39,0.49,11.7,6,0.2512562801444408,11.771322442680198,5.206607267266722,6.0,0.0
6.1,0.19,0.37,2.6,0.041,24.0,99.0,0.99153,3.18,0.5,10.9,6,0.24242423997551274,10.993100568716459,10.892837691361263,6.0,0.0
5.6,0.24,0.34,2.0,0.041,14.0,73.0,0.98981,3.04,0.45,11.6,7,0.19178081929067373,11.719409058901144,9.655155766972813,7.0,0.0
5.7,0.25,0.32,12.2,0.041,43.0,127.0,0.99524,3.23,0.53,10.4,7,0.33858267449934903,10.4497302663375,9.999982456171129,7.0,0.0
6.6,0.21,0.39,2.3,0.041,31.0,102.0,0.99221,3.22,0.58,10.9,7,0.3039215656478278,10.98556657807664,10.999981666697222,7.0,0.0
6.2,0.28,0.41,5.0,0.043,50.0,188.0,0.99318,3.23,0.64,10.8,6,0.26595744539384336,10.874150834540734,8.985494223921416,6.0,0.0
5.8,0.29,0.38,10.7,0.038,49.0,136.0,0.99366,3.11,0.59,11.2,6,0.3602941149978374,11.271449719773644,8.656703497457467,6.0,0.0
5.8,0.345,0.15,10.8,0.033,26.0,120.0,0.99494,3.25,0.49,10.0,6,0.21666666486111114,10.050847236167773,11.717148046165564,6.0,0.0
6.5,0.51,0.25,1.7,0.048,39.0,177.0,0.99212,3.28,0.57,10.5666666666667,5,0.22033898180599445,10.65058260702747,8.552620325499571,5.0,0.0
6.0,0.24,0.41,1.3,0.036,42.0,118.0,0.99018,3.04,0.64,11.7333333333333,6,0.3559322003734559,11.849685394219138,9.230755029607648,6.0,0.0
6.5,0.51,0.25,1.7,0.048,39.0,177.0,0.99212,3.28,0.57,10.6,5,0.22033898180599445,10.684180659415535,8.552620325499571,5.0,0.0
6.9,0.54,0.26,12.7,0.049,59.0,195.0,0.99596,3.26,0.54,10.5,6,0.3025641010124918,10.542581486624476,8.624989218763476,5.235834213258299,0.7641657867417013
6.0,0.24,0.41,1.3,0.036,42.0,118.0,0.99018,3.04,0.64,11.75,6,0.3559322003734559,11.866517333699596,9.230755029607648,6.0,0.0
6.6,0.26,0.36,1.2,0.035,43.0,126.0,0.99094,3.01,0.63,11.4,6,0.3412698385613505,11.504216699076938,10.645144120735289,6.0,0.0
5.7,0.24,0.3,1.3,0.03,25.0,98.0,0.98968,3.37,0.43,12.4,7,0.2551020382132445,12.529289740835683,10.55553600826665,7.0,0.0
6.5,0.21,0.35,5.7,0.043,47.0,197.0,0.99392,3.24,0.5,10.1,6,0.2385786789919864,10.161773420623971,11.607122130139054,5.855051570152071,0.1449484298479291
6.8,0.29,0.22,3.4,0.035,40.0,122.0,0.99024,3.09,0.47,12.3,6,0.32786884977156683,12.4212186730301,13.333307189593745,6.0,0.0
5.0,0.24,0.34,1.1,0.034,49.0,158.0,0.98774,3.32,0.32,13.1,7,0.31012658031565454,13.262586042292464,8.620674791940013,7.0,0.0
5.9,0.18,0.28,1.0,0.037,24.0,88.0,0.99094,3.29,0.55,10.65,7,0.27272726962809923,10.74736033729556,12.826059073784624,7.0,0.0
5.8,0.26,0.29,1.0,0.042,35.0,101.0,0.99044,3.36,0.48,11.4,7,0.3465346500343104,11.510024322498765,10.545435371935685,7.0,0.0
6.7,0.61,0.21,1.65,0.117,40.0,240.0,0.9938,3.11,0.57,9.3,5,0.16666666597222224,9.35801030588619,8.170721743022265,5.0,0.0
5.7,0.695,0.06,6.8,0.042,9.0,84.0,0.99432,3.44,0.44,10.2,5,0.10714285586734695,10.258256639455468,7.549658874624008,5.0,0.0
5.6,0.695,0.06,6.8,0.042,9.0,84.0,0.99432,3.44,0.44,10.2,5,0.10714285586734695,10.258256639455468,7.417208718928849,5.0,0.0
5.7,0.39,0.25,4.9,0.033,49.0,113.0,0.98966,3.26,0.58,13.1,7,0.4336283147466521,13.236855852660659,8.90623608400612,7.0,0.0
6.1,0.38,0.47,1.4,0.051,59.0,210.0,0.99309,3.24,0.5,9.6,5,0.28095237961451247,9.666787837166986,7.176462145338652,5.0,0.0
6.3,0.36,0.28,2.5,0.035,18.0,73.0,0.98868,3.1,0.47,12.8,7,0.24657533908800905,12.94654190785501,9.843734619164657,6.221075420839821,0.7789245791601793
6.0,0.29,0.41,10.8,0.048,55.0,149.0,0.9937,3.09,0.59,10.9666666666667,7,0.36912751430115764,11.036183587081728,8.571416326548105,7.0,0.0
6.0,0.29,0.41,10.8,0.048,55.0,149.0,0.9937,3.09,0.59,11.0,7,0.36912751430115764,11.069728218045467,8.571416326548105,7.0,0.0
7.1,0.43,0.25,2.8,0.036,43.0,132.0,0.98975,3.21,0.47,13.4,6,0.3257575732897154,13.538758738308928,10.441161115939535,6.0,0.0
6.6,0.25,0.25,1.3,0.04,28.0,85.0,0.98984,2.87,0.48,11.2,6,0.3294117608304499,11.314948562445887,13.199973600052799,6.0,0.0
6.6,0.33,0.41,2.0,0.027,14.0,79.0,0.99063,3.27,0.63,12.4,6,0.1772151876301875,12.517274343322589,8.918906866342072,6.0,0.0
8.0,0.23,0.41,1.1,0.048,35.0,150.0,0.99168,3.09,0.47,11.2,5,0.2333333317777778,11.293954406709414,12.499980468780517,5.0,0.0
7.3,0.17,0.36,8.2,0.028,44.0,111.0,0.99272,3.14,0.41,12.4,6,0.39639639282525774,12.4909214169943,13.77355891781336,6.452980537603947,-0.4529805376039473
6.0,0.17,0.33,6.0,0.036,30.0,111.0,0.99362,3.32,0.58,10.1333333333333,7,0.270270267835403,10.198388855844735,11.999976000048,7.0,0.0
6.1,0.16,0.34,6.1,0.034,31.0,114.0,0.99365,3.32,0.58,10.1333333333333,7,0.2719298221760542,10.19808094928028,12.199975600048798,7.0,0.0
6.4,0.31,0.53,8.8,0.057,36.0,221.0,0.99642,3.17,0.44,9.1,5,0.16289592686472432,9.13268588277445,7.619038548763632,5.198548122753546,-0.19854812275354572
6.1,0.16,0.34,6.1,0.034,31.0,114.0,0.99365,3.32,0.58,10.15,7,0.2719298221760542,10.214854108736366,12.199975600048798,6.9385698396217785,0.061430160378221466
6.0,0.17,0.33,6.0,0.036,30.0,111.0,0.99362,3.32,0.58,10.15,7,0.270270267835403,10.215162521726091,11.999976000048,7.0,0.0
5.9,0.44,0.33,1.2,0.049,12.0,117.0,0.99134,3.46,0.44,11.5,5,0.10256410168748631,11.600448281670989,7.662327711262713,5.0,0.0
6.6,0.285,0.49,11.4,0.035,57.0,137.0,0.99732,3.08,0.54,8.9,6,0.4160583911236614,8.923907147247476,8.516118043718654,5.66091767727395,0.33908232272604977
4.9,0.335,0.14,1.3,0.036,69.0,168.0,0.99212,3.47,0.46,10.4666666666667,5,0.41071428326955783,10.549788449863172,10.315767756278408,5.645286501482083,-0.645286501482083
6.0,0.28,0.52,6.2,0.028,37.0,104.0,0.99161,3.28,0.51,11.8,7,0.3557692273483728,11.899827654191009,7.499990625011718,7.0,0.0
5.8,0.35,0.29,3.2,0.034,41.0,151.0,0.9912,3.35,0.58,11.6333333333333,7,0.2715231770097803,11.736603709372066,9.062485839865875,7.0,0.0
5.7,0.21,0.37,4.5,0.04,58.0,140.0,0.99332,3.29,0.62,10.6,6,0.41428571132653064,10.671273435274196,9.827569262811616,6.0,0.0
6.5,0.25,0.32,9.9,0.045,41.0,128.0,0.99636,3.18,0.52,9.6,6,0.32031249749755863,9.635061990583733,11.40348876580918,5.635614490455348,0.3643855095446522
4.7,0.335,0.14,1.3,0.036,69.0,168.0,0.99212,3.47,0.46,10.5,5,0.41071428326955783,10.583386502251237,9.894716011124187,5.0,0.0
6.8,0.63,0.04,1.3,0.058,25.0,133.0,0.99271,3.17,0.39,10.2,4,0.18796992339872237,10.274893700180616,10.149238583225994,4.0,0.0
5.6,0.27,0.37,0.9,0.025,11.0,49.0,0.98845,3.29,0.33,13.1,6,0.22448979133694305,13.253059585148883,8.749986328146361,6.300567978365232,-0.3005679783652324
6.8,0.32,0.33,0.7,0.027,15.0,66.0,0.9899,3.11,0.31,11.8,6,0.22727272382920116,11.920383957587678,10.461522366888666,6.0050415962589705,-0.005041596258970493
6.5,0.33,0.32,1.0,0.041,39.0,120.0,0.99004,3.06,0.37,12.2,6,0.3249999972916667,12.322721988281291,9.999984615408284,6.0,0.0
6.0,0.24,0.34,1.0,0.036,52.0,184.0,0.99097,3.44,0.44,11.45,6,0.2826086941162571,11.554323991317606,10.344809750328015,6.0,0.0
7.2,0.26,0.32,10.4,0.062,23.0,114.0,0.9966,3.23,0.49,10.5,5,0.201754384195137,10.53581122234475,12.413771700393617,5.0,0.0
6.7,0.16,0.32,12.5,0.035,18.0,156.0,0.99666,2.88,0.36,9.0,6,0.11538461464497042,9.030151676447659,13.958304253532807,6.0,0.0
6.9,0.19,0.31,19.25,0.043,38.0,167.0,0.99954,2.93,0.52,9.1,7,0.22754490881709635,9.104178818077497,13.7999724000552,7.0,0.0
6.0,0.36,0.32,1.1,0.053,26.0,173.0,0.99414,3.38,0.54,8.8,5,0.15028901647231782,8.851863065701949,8.823516436005242,5.0,0.0
6.7,0.35,0.32,9.0,0.032,29.0,113.0,0.99188,3.13,0.65,12.9,7,0.2566371658704676,13.005592404734037,9.999985074649143,6.907575506249194,0.09242449375080586
6.1,0.15,0.4,1.2,0.03,19.0,84.0,0.98926,3.19,0.96,13.0,6,0.22619047349773247,13.141122514685204,11.090888925656497,6.0,0.0
7.0,0.27,0.74,1.3,0.173,34.0,121.0,0.99334,3.04,0.46,9.2,6,0.28099173321494436,9.261673483728146,6.930686207241379,6.0,0.0
6.8,0.3,0.33,12.8,0.041,60.0,168.0,0.99659,3.1,0.56,9.8,5,0.3571428550170068,9.83352247812794,10.79363366089895,5.0,0.0
6.4,0.69,0.09,7.6,0.044,34.0,144.0,0.9948,3.26,0.38,10.1,6,0.23611110947145064,10.152784325709362,8.205117685746558,6.0,0.0
5.9,0.12,0.28,1.4,0.037,36.0,83.0,0.99074,3.33,0.42,10.9,7,0.4337349345333141,11.00186627988546,14.749963125092188,6.0,1.0
6.3,0.36,0.5,8.3,0.053,51.0,202.0,0.9955,3.2,0.51,9.6,6,0.252475246274875,9.643385591777406,7.32557287724084,6.0,0.0
5.7,0.27,0.16,9.0,0.053,32.0,111.0,0.99474,3.36,0.37,10.4,6,0.28828828569109655,10.45498275430489,13.255783126085753,6.003610274675683,-0.0036102746756832005
6.1,0.22,0.4,1.85,0.031,25.0,111.0,0.98966,3.03,0.3,11.8,7,0.22522522319616917,11.923274737511129,9.838693808558372,7.0,0.0
5.6,0.205,0.16,12.55,0.051,31.0,115.0,0.99564,3.4,0.38,10.8,6,0.269565215047259,10.847283307939309,15.342423719387071,6.0,0.0
7.2,0.33,0.28,1.4,0.034,26.0,109.0,0.99246,3.28,0.57,10.6,6,0.23853210790337517,10.680520443624484,11.803259338919114,6.0,0.0
5.9,0.21,0.31,1.8,0.033,45.0,142.0,0.98984,3.35,0.5,12.7,6,0.3169014062190042,12.830343459202032,11.34613202666918,6.0,0.0
5.4,0.33,0.31,4.0,0.03,27.0,108.0,0.99031,3.3,0.43,12.2,7,0.24999999768518522,12.319362301337659,8.43748681642685,7.0,0.0
5.4,0.205,0.16,12.55,0.051,31.0,115.0,0.99564,3.4,0.38,10.8,6,0.269565215047259,10.847283307939309,14.794480015123249,6.0,0.0
6.4,0.28,0.28,3.0,0.04,19.0,98.0,0.99216,3.25,0.47,11.1,6,0.19387754904206583,11.187700383304724,11.428551020444605,6.0,0.0
6.7,0.15,0.32,7.9,0.034,17.0,81.0,0.99512,3.29,0.31,10.0,6,0.20987654061880814,10.049029213532826,14.255288818534432,6.0,0.0
5.5,0.315,0.38,2.6,0.033,10.0,69.0,0.9909,3.12,0.59,10.8,6,0.14492753413148501,10.89917156204303,7.91365767819039,6.0,0.0
4.8,0.225,0.38,1.2,0.074,47.0,130.0,0.99132,3.31,0.4,10.3,6,0.3615384587573965,10.390176340458844,7.933871183683993,6.0,0.0
5.2,0.24,0.15,7.1,0.043,32.0,134.0,0.99378,3.24,0.48,9.9,6,0.23880596836711965,9.961953388120723,13.333299145386807,6.0,0.0
6.6,0.27,0.32,1.3,0.044,18.0,93.0,0.99044,3.11,0.56,12.25,5,0.19354838501560878,12.368227890404375,11.186421717929289,5.0,0.0
6.1,0.32,0.33,10.7,0.036,27.0,98.0,0.99521,3.34,0.52,10.2,6,0.27551020127030407,10.249082857806032,9.384600946767772,6.0,0.0
6.0,0.25,0.28,7.7,0.053,37.0,132.0,0.99489,3.06,0.5,9.4,6,0.2803030281795225,9.448271217650978,11.320733357106873,6.0,0.0
6.4,0.42,0.46,8.4,0.05,58.0,180.0,0.99495,3.18,0.46,9.7,6,0.3222222204320988,9.749223831123341,7.272719008273854,5.323820051263982,0.676179948736018
6.9,0.31,0.33,12.7,0.038,33.0,116.0,0.9954,3.04,0.65,10.4,6,0.2844827561682521,10.448050584638754,10.781233154323196,6.0,0.0
6.3,0.48,0.48,1.8,0.035,35.0,96.0,0.99121,3.49,0.74,12.2,6,0.3645833295355903,12.308176563819407,6.562493164069621,6.0,0.0
7.2,0.21,0.31,10.5,0.035,36.0,122.0,0.99478,3.12,0.4,10.6,6,0.2950819647944101,10.655611637134204,13.846127218986117,6.0,0.0
6.8,0.32,0.43,1.6,0.05,4.0,65.0,0.99346,3.27,0.47,10.7,5,0.06153846059171599,10.770427827564443,9.066654577793896,5.0,0.0
7.9,0.3,0.6,1.85,0.048,13.0,106.0,0.99331,3.24,0.49,11.85,5,0.1226415082769669,11.929798421642365,8.777768024702196,5.0,0.0
5.3,0.31,0.38,10.5,0.031,53.0,140.0,0.99321,3.34,0.46,11.7,6,0.378571425867347,11.779974245150324,7.681148288190887,6.0,0.0
5.2,0.185,0.22,1.0,0.03,47.0,123.0,0.99218,3.55,0.44,10.15,6,0.382113818031595,10.229988278348406,12.839474470433407,6.0,0.0
5.5,0.16,0.31,1.2,0.026,31.0,68.0,0.9898,3.33,0.44,11.6333333333333,6,0.45588234623702434,11.75320426361794,11.702102761483488,6.0,0.0
6.0,0.17,0.36,1.7,0.042,14.0,61.0,0.99144,3.22,0.54,10.8,6,0.22950819295888208,10.893235200077463,11.320733357106873,6.0,0.0
6.0,0.16,0.36,1.6,0.042,13.0,61.0,0.99143,3.22,0.54,10.8,6,0.21311475060467622,10.89334507393858,11.538439349155096,6.0,0.0
6.1,0.24,0.32,9.0,0.031,41.0,134.0,0.99234,3.25,0.26,12.3,7,0.30597014697037206,12.394932790240452,10.892837691361263,6.182851260383247,0.8171487396167532
5.5,0.3,0.25,1.9,0.029,33.0,118.0,0.98972,3.36,0.66,12.5,6,0.27966101457914394,12.629821939718363,9.999981818214875,6.0,0.0
5.5,0.16,0.31,1.2,0.026,31.0,68.0,0.9898,3.33,0.44,11.65,6,0.45588234623702434,11.770042665141782,11.702102761483488,6.0,0.0
6.0,0.32,0.46,1.5,0.05,56.0,189.0,0.99308,3.24,0.49,9.6,5,0.29629629472859104,9.66688517855039,7.692297830387396,5.207146045815581,-0.20714604581558138
6.1,0.27,0.31,3.9,0.034,42.0,137.0,0.99218,3.24,0.46,10.9,6,0.306569340827961,10.985898742265777,10.517223246166814,6.0,0.0
6.0,0.27,0.32,3.6,0.035,36.0,133.0,0.99215,3.23,0.46,10.8,6,0.27067668969416026,10.885439817124611,10.169474289026628,6.0,0.0
6.0,0.14,0.37,1.2,0.032,63.0,148.0,0.99185,3.32,0.44,11.2,5,0.4256756727994887,11.292018660060835,11.764682814347422,5.0,0.0
5.0,0.24,0.19,5.0,0.043,17.0,101.0,0.99438,3.67,0.57,10.0,5,0.16831683001666506,10.05650751573089,11.627879935162943,5.0,0.0
6.1,0.26,0.25,2.9,0.047,289.0,440.0,0.99314,3.44,0.64,10.5,3,0.6568181803254133,10.572516893371635,11.960760861253211,5.003522907529516,-2.003522907529516
6.3,0.23,0.5,10.4,0.043,61.0,132.0,0.99542,2.86,0.46,9.1,6,0.4621212086202939,9.14186057959396,8.630125164212103,6.0,0.0
5.6,0.26,0.5,11.4,0.029,25.0,93.0,0.99428,3.23,0.49,10.5,6,0.26881720141056775,10.560394898424086,7.368411357353477,6.0,0.0
6.1,0.34,0.24,18.35,0.05,33.0,184.0,0.99943,3.12,0.61,9.3,5,0.1793478251122401,9.305294712691522,10.517223246166814,5.0,0.0
6.2,0.35,0.25,18.4,0.051,28.0,182.0,0.99946,3.13,0.62,9.3,6,0.1538461530008453,9.30501540330238,10.333316111139816,6.0,0.0
7.3,0.36,0.62,7.1,0.033,48.0,185.0,0.99472,3.14,0.62,10.6,6,0.2594594580569759,10.656254366802349,7.448971990844907,6.092060926236008,-0.09206092623600792
5.1,0.25,0.36,1.3,0.035,40.0,78.0,0.9891,3.23,0.64,12.1,7,0.5128205062458909,12.233331075390682,8.360642031734374,7.0,0.0
5.5,0.16,0.26,1.5,0.032,35.0,100.0,0.99076,3.43,0.77,12.0,6,0.3499999965,12.111901861296518,13.095206916174009,6.0,0.0
6.4,0.19,0.35,10.2,0.043,40.0,106.0,0.99632,3.16,0.5,9.7,6,0.377358487006052,9.735818074696809,11.851829904018695,6.1632145246604315,-0.16321452466043151
6.6,0.29,0.73,2.2,0.027,21.0,92.0,0.99,3.12,0.48,12.4,6,0.22826086708412102,12.525239873495078,6.470581891586381,6.0,0.0
6.0,0.38,0.26,3.5,0.035,38.0,111.0,0.98872,3.18,0.47,13.6,7,0.34234233925817714,13.75514427224667,9.374985351585387,7.0,0.0
6.5,0.2,0.35,3.9,0.04,27.0,140.0,0.99102,2.98,0.53,11.8,6,0.19285714147959185,11.90691216432346,11.818160330617578,6.0,0.0
6.6,0.17,0.26,7.4,0.052,45.0,128.0,0.99388,3.16,0.37,10.0,6,0.351562497253418,10.061566726801297,15.348801514415081,6.0,0.0
6.2,0.15,0.27,11.0,0.035,46.0,116.0,0.99602,3.12,0.38,9.1,6,0.3965517207193817,9.136353550778548,14.761869614596156,6.0,0.0
5.9,0.48,0.3,1.5,0.037,19.0,78.0,0.99057,3.47,0.42,11.9,7,0.2435897404667982,12.013273152555445,7.564092866547607,7.0,0.0
5.3,0.4,0.25,3.9,0.031,45.0,130.0,0.99072,3.31,0.58,11.75,7,0.34615384349112427,11.860049398367451,8.153833609486753,7.0,0.0
5.9,0.26,0.29,5.4,0.046,34.0,116.0,0.99224,3.24,0.41,11.4,6,0.29310344574910824,11.489144270393988,10.727253223175957,6.0,0.0
5.2,0.3,0.34,1.5,0.038,18.0,96.0,0.98942,3.56,0.48,13.0,8,0.18749999804687503,13.13899745406657,8.124987304707336,6.541382299418356,1.4586177005816436
6.4,0.32,0.25,5.0,0.055,28.0,138.0,0.99171,3.27,0.5,12.4,8,0.20289854925435835,12.503642694292996,11.228050477104425,8.0,0.0
6.6,0.19,0.25,1.2,0.052,34.0,181.0,0.99352,3.3,0.42,9.4,7,0.18784530282958398,9.461299761152507,14.999965909168388,7.0,0.0
6.8,0.27,0.3,13.0,0.047,69.0,160.0,0.99705,3.16,0.5,9.6,6,0.43124999730468755,9.628394134302056,11.92980363192345,6.0,0.0
6.4,0.28,0.45,8.6,0.057,47.0,223.0,0.99654,3.16,0.51,9.1,5,0.21076233089344246,9.131586156515386,8.767111277929757,5.0,0.0
5.2,0.21,0.31,1.7,0.048,17.0,61.0,0.98953,3.24,0.37,12.0,7,0.2786885200214997,12.126957114026746,9.99998076926775,6.725877446143916,0.27412255385608386
7.1,0.24,0.34,1.2,0.045,6.0,132.0,0.99132,3.16,0.46,11.2,4,0.04545454511019284,11.298055826518352,12.241358204554817,4.0,0.0
5.0,0.27,0.4,1.2,0.076,42.0,124.0,0.99204,3.32,0.47,10.1,6,0.3387096746878252,10.181030824330849,7.462675428842643,6.0,0.0
5.8,0.27,0.4,1.2,0.076,47.0,130.0,0.99185,3.13,0.45,10.3,6,0.3615384587573965,10.384624303448804,8.656703497457466,6.0,0.0
5.9,0.27,0.32,2.0,0.034,31.0,102.0,0.98952,3.16,0.56,12.3,6,0.3039215656478278,12.43025665953527,9.999983050876184,6.0,0.0
5.8,0.315,0.19,19.4,0.031,28.0,106.0,0.99704,2.97,0.4,10.55,6,0.2641509409042364,10.581310096575768,11.485125772028173,6.0,0.0
6.0,0.59,0.0,0.8,0.037,30.0,95.0,0.99032,3.1,0.4,10.9,4,0.31578947036011085,11.00653222540974,10.16947428902663,4.0,0.0
5.8,0.3,0.09,6.3,0.042,36.0,138.0,0.99382,3.15,0.48,9.7,5,0.26086956332703215,9.760308948995844,14.871756739085285,5.254020674153818,-0.2540206741538178
5.6,0.3,0.1,6.4,0.043,34.0,142.0,0.99382,3.14,0.48,9.8,5,0.2394366180321365,9.860930690738071,13.9999650000875,5.0,0.0
6.7,0.3,0.5,12.1,0.045,38.0,127.0,0.9974,3.04,0.53,8.9,6,0.29921259606919215,8.92319137438202,8.374989531263086,6.0,0.0
6.4,0.31,0.31,12.9,0.045,55.0,161.0,0.99546,3.02,0.59,10.2,5,0.34161490471046646,10.246508903914869,10.322563995864522,5.0,0.0
6.9,0.25,0.29,2.4,0.038,28.0,76.0,0.99088,3.01,0.36,11.7,7,0.3684210477839336,11.807674180855217,12.777754115270156,7.0,0.0
4.4,0.32,0.39,4.3,0.03,31.0,127.0,0.98904,3.46,0.36,12.8,8,0.24409448626697255,12.941829509595658,6.197174370176944,8.0,0.0
3.9,0.225,0.4,4.2,0.03,29.0,118.0,0.989,3.57,0.36,12.8,8,0.24576270978167195,12.942352939986916,6.239990016015974,8.0,0.0
5.5,0.62,0.33,1.7,0.037,24.0,118.0,0.98758,3.15,0.39,13.55,6,0.20338982878483197,13.720393567717483,5.789467590034116,6.0,0.0
6.2,0.3,0.42,2.2,0.036,28.0,128.0,0.9901,3.13,0.38,11.6,6,0.21874999829101563,11.715976450887334,8.61109915125118,6.0,0.0
4.7,0.785,0.0,3.4,0.036,23.0,134.0,0.98981,3.53,0.92,13.8,6,0.17164178976386724,13.94205560455481,5.987253519422268,7.0861596401194795,-1.0861596401194795
6.0,0.31,0.32,7.4,0.175,47.0,159.0,0.9952,3.19,0.5,9.4,6,0.2955974824176259,9.445328129694404,9.523794406675545,6.0,0.0
6.0,0.32,0.3,7.3,0.174,46.0,159.0,0.99519,3.18,0.49,9.4,5,0.2893081742810807,9.445423039396458,9.67740374612299,5.0,0.0
6.4,0.105,0.29,1.1,0.035,44.0,140.0,0.99142,3.17,0.55,10.7,7,0.31428571204081635,10.792589626404927,16.20249062660601,5.875923131387723,1.1240768686122768
5.7,0.33,0.32,1.4,0.043,28.0,93.0,0.9897,3.31,0.5,12.3,6,0.3010752655798359,12.427995930083934,8.769217278127265,6.0,0.0
5.9,0.32,0.19,14.5,0.042,37.0,115.0,0.99684,3.16,0.43,10.3,5,0.3217391276370511,10.332640812326138,11.568604767441633,5.0,0.0
6.2,0.26,0.2,8.0,0.047,35.0,111.0,0.99445,3.11,0.42,10.4,6,0.31531531247463684,10.458031617445204,13.478231569061807,5.709902314907731,0.2900976850922694
6.0,0.2,0.33,1.1,0.039,45.0,126.0,0.99051,3.31,0.45,11.6,7,0.35714285430839005,11.711126882992717,11.320733357106873,7.0,0.0
5.8,0.28,0.34,2.2,0.037,24.0,125.0,0.98986,3.36,0.33,12.8,8,0.191999998464,12.931108509174521,9.354823621252221,8.0,0.0
6.4,0.31,0.5,5.8,0.038,42.0,111.0,0.99189,3.18,0.53,11.9,7,0.3783783749695642,11.997285992110019,7.901224813302699,7.0,0.0
6.0,0.35,0.46,0.9,0.033,9.0,65.0,0.98934,3.24,0.35,12.1,4,0.138461536331361,12.230363443949052,7.40739826247128,6.325788447363608,-2.3257884473636077
5.1,0.26,0.34,6.4,0.034,26.0,99.0,0.99449,3.23,0.41,9.2,6,0.2626262599734721,9.250963558242356,8.499985833356941,6.0,0.0
6.6,0.28,0.09,10.9,0.051,37.0,131.0,0.99566,2.93,0.62,9.5,6,0.2824427459355516,9.541400135186574,17.8377896275956,6.0,0.0
6.0,0.17,0.3,7.3,0.039,39.0,104.0,0.99252,2.91,0.57,11.0,6,0.3749999963942308,11.082888926279646,12.765930285254713,6.365625753816979,-0.36562575381697915
7.3,0.35,0.67,8.3,0.053,10.0,100.0,0.9959,3.19,0.5,10.9,5,0.099999999,10.944862993409988,7.156855728572816,5.0,0.0
6.0,0.26,0.24,1.3,0.053,66.0,150.0,0.9924,3.21,0.62,10.4,6,0.4399999970666667,10.47963474442287,11.999976000048,6.0,0.0
5.4,0.375,0.4,3.3,0.054,29.0,147.0,0.99482,3.42,0.52,9.1,5,0.19727891022259245,9.147374251247209,6.967732944860717,5.0,0.0
7.0,0.17,0.42,1.0,0.075,19.0,71.0,0.99103,3.32,0.62,11.4,6,0.2676056300337235,11.503171949212486,11.864386670531067,6.0,0.0
5.1,0.26,0.33,1.1,0.027,46.0,113.0,0.98946,3.35,0.43,11.4,7,0.40707964241522443,11.521424290598619,8.644053145672633,7.0,0.0
5.8,0.36,0.5,1.0,0.127,63.0,178.0,0.99212,3.1,0.45,9.7,5,0.3539325822812776,9.777033244936856,6.744178204443948,5.0,0.0
5.7,0.4,0.35,5.1,0.026,17.0,113.0,0.99052,3.18,0.67,12.4,6,0.15044247654475684,12.518664420037537,7.599989866680177,6.448298152115883,-0.44829815211588286
6.2,0.76,0.01,3.2,0.041,18.0,120.0,0.99026,3.2,0.94,13.7,7,0.14999999875,13.834736498761437,8.05193759488624,7.0,0.0
6.1,0.41,0.2,12.6,0.032,54.0,136.0,0.99516,2.91,0.43,10.6,6,0.39705882060986164,10.651542815685099,9.99998360658425,6.0,0.0
5.8,0.385,0.25,3.7,0.031,38.0,122.0,0.99128,3.2,0.63,11.2,6,0.31147540728298845,11.298511723719106,9.13384388371042,6.0,0.0
6.0,0.27,0.4,1.7,0.021,18.0,82.0,0.9891,3.24,0.95,13.1333333333333,6,0.21951219244497328,13.2780508091017,8.95521051461117,6.0,0.0
7.0,0.24,0.47,1.3,0.043,18.0,131.0,0.99176,3.19,0.45,11.0,6,0.13740457910378184,11.091381895436502,9.85914104346332,6.0,0.0
6.8,0.23,0.48,1.5,0.036,35.0,165.0,0.99162,3.18,0.45,11.3,6,0.21212121083562901,11.395482749961932,9.577451299364366,6.0,0.0
6.5,0.28,0.34,4.6,0.054,22.0,130.0,0.99193,3.2,0.46,12.0,7,0.1692307679289941,12.097615660766726,10.483854058299904,7.0,0.0
6.4,0.23,0.35,10.3,0.042,54.0,140.0,0.9967,3.23,0.47,9.2,5,0.3857142829591837,9.230451258702459,11.034463733683218,5.0,0.0
6.0,0.34,0.29,6.1,0.046,29.0,134.0,0.99462,3.48,0.57,10.7,6,0.21641790883270218,10.757866564249095,9.523794406675545,6.0,0.0
6.7,0.22,0.33,1.2,0.036,36.0,86.0,0.99058,3.1,0.76,11.4,6,0.4186046462952948,11.508397596965821,12.18179603309812,6.0,0.0
6.0,0.32,0.33,9.9,0.032,22.0,90.0,0.99258,3.1,0.43,12.1,7,0.2444444417283951,12.190440880895363,9.230755029607646,7.0,0.0
5.8,0.29,0.27,1.6,0.062,17.0,140.0,0.99138,3.23,0.35,11.1,6,0.1214285705612245,11.196502656395472,10.357124362277922,6.0,0.0
5.8,0.38,0.26,1.1,0.058,20.0,140.0,0.99271,3.27,0.43,9.7,6,0.1428571418367347,9.77122244036784,9.062485839865875,5.5010208874619675,0.4989791125380325
5.9,0.32,0.26,1.5,0.057,17.0,141.0,0.9917,3.24,0.36,10.7,5,0.12056737503143705,10.78954241248118,10.172396254489215,5.0,0.0
5.6,0.33,0.28,1.2,0.031,33.0,97.0,0.99126,3.49,0.58,10.9,6,0.3402061820597301,10.996094873095986,9.18031281915931,6.0,0.0
5.9,0.37,0.3,1.5,0.033,35.0,95.0,0.98986,3.36,0.56,12.0,7,0.36842104875346265,12.122914227351114,8.80595700603432,7.0,0.0
5.6,0.295,0.26,1.1,0.035,40.0,102.0,0.99154,3.47,0.56,10.6,6,0.39215685890042296,10.69043035033347,10.090071909780344,6.0,0.0
6.7,0.5,0.36,11.5,0.096,18.0,92.0,0.99642,3.11,0.49,9.6,5,0.19565217178638944,9.63448181039942,7.790688615478354,5.334903780058296,-0.3349037800582959
6.5,0.28,0.38,7.8,0.031,54.0,216.0,0.99154,3.03,0.42,13.1,6,0.2499999988425926,13.211758263147969,9.848469926560716,6.0,0.0
5.3,0.275,0.24,7.4,0.038,28.0,114.0,0.99313,3.38,0.51,11.0,6,0.24561403293321024,11.076081604541596,10.291242152927857,6.000216544368094,-0.00021654436809370736
5.2,0.405,0.15,1.45,0.038,10.0,44.0,0.99125,3.52,0.4,11.6,4,0.22727272210743815,11.702384159007153,9.369352487653174,4.0,0.0
6.8,0.34,0.36,8.9,0.029,44.0,128.0,0.99318,3.28,0.35,11.95,7,0.34374999731445316,12.032046525255717,9.714271836754518,7.0,0.0
5.7,0.22,0.25,1.1,0.05,97.0,175.0,0.99099,3.44,0.62,11.1,6,0.5542857111183673,11.200908989082645,12.127633770991979,6.0,0.0
6.2,0.28,0.57,1.0,0.043,50.0,92.0,0.99004,3.17,0.36,11.5,6,0.5434782549621929,11.615680562724169,7.29410906575404,6.0,0.0
5.6,0.34,0.25,2.5,0.046,47.0,182.0,0.99093,3.21,0.4,11.3,5,0.2582417568228475,11.40341759416145,9.491509336424851,6.281610344344221,-1.2816103443442213
4.8,0.29,0.23,1.1,0.044,38.0,180.0,0.98924,3.28,0.34,11.9,6,0.21111110993827162,12.029424579045955,9.230751479324077,6.0,0.0
6.6,0.38,0.29,2.4,0.136,15.0,93.0,0.99336,3.18,0.6,9.5,5,0.16129032084634065,9.56349202354431,9.85073156607229,5.0,0.0
5.1,0.3,0.3,2.3,0.048,40.0,150.0,0.98944,3.29,0.46,12.2,6,0.2666666648888889,12.33019452397869,8.499985833356943,6.0,0.0
4.4,0.54,0.09,5.1,0.038,52.0,97.0,0.99022,3.41,0.4,12.2,7,0.5360824687001807,12.32048199341359,6.984115898228733,6.625153535249612,0.3748464647503882
7.0,0.36,0.35,2.5,0.048,67.0,161.0,0.99146,3.05,0.56,11.1,6,0.4161490657382046,11.195599221754561,9.85914104346332,6.0,0.0
6.4,0.33,0.44,8.9,0.055,52.0,164.0,0.99488,3.1,0.48,9.6,5,0.31707316879833436,9.649395254306796,8.311677517301925,5.0,0.0
6.2,0.23,0.38,1.6,0.044,12.0,113.0,0.99176,3.3,0.73,11.4,5,0.10619468932571072,11.494704873452374,10.16391776406924,5.0,0.0
5.2,0.25,0.23,1.4,0.047,20.0,77.0,0.99001,3.32,0.62,11.4,5,0.25974025636700965,11.515023570445177,10.83331076393591,6.31650294619886,-1.3165029461988604
6.2,0.35,0.29,3.9,0.041,22.0,79.0,0.99005,3.1,0.59,12.0666666666667,6,0.27848100913315177,12.187924325783925,9.687484863304903,6.0,0.0
7.1,0.23,0.39,13.7,0.058,26.0,172.0,0.99755,2.9,0.46,9.0,6,0.151162789818821,9.022095110926658,11.451594432912204,6.0,0.0
7.5,0.38,0.33,9.2,0.043,19.0,116.0,0.99444,3.08,0.42,11.4,6,0.16379310203626637,11.463726857601406,10.5633654037107,6.0,0.0
6.4,0.35,0.51,7.8,0.055,53.0,177.0,0.99502,3.12,0.45,9.6,5,0.29943502655686427,9.64803757910637,7.441851811800219,5.2588393058020335,-0.2588393058020335
6.0,0.43,0.34,7.6,0.045,25.0,118.0,0.99222,3.03,0.37,11.0,6,0.21186440498419995,11.086239859869927,7.792197672470555,6.0,0.0
6.0,0.52,0.33,7.7,0.046,24.0,119.0,0.99224,3.04,0.38,11.0,6,0.20168067057411201,11.086016401257355,7.058815224923264,6.0,0.0
5.5,0.31,0.29,3.0,0.027,16.0,102.0,0.99067,3.23,0.56,11.2,6,0.1568627435601692,11.305468717667114,9.166651388914351,6.0,0.0
5.9,0.22,0.3,1.3,0.052,42.0,86.0,0.99069,3.31,0.47,11.55,6,0.48837208734451065,11.658529248776865,11.34613202666918,6.0,0.0
6.2,0.36,0.32,4.0,0.036,44.0,92.0,0.98936,3.2,0.5,13.3,7,0.47826086436672977,13.443020292896122,9.11763365053875,7.064544375706942,-0.06454437570694171
6.0,0.41,0.23,1.1,0.066,22.0,148.0,0.99266,3.3,0.47,9.63333333333333,5,0.14864864764426589,9.704555062940248,9.374985351585387,5.0,0.0
6.2,0.355,0.35,2.0,0.046,31.0,95.0,0.98822,3.06,0.46,13.6,6,0.3263157860387812,13.762103820906457,8.794313766930827,6.0,0.0
5.7,0.41,0.21,1.9,0.048,30.0,112.0,0.99138,3.29,0.55,11.2,6,0.26785714046556125,11.297372049696332,9.19353355881684,6.0,0.0
5.3,0.6,0.34,1.4,0.031,3.0,60.0,0.98854,3.27,0.38,13.0,6,0.049999999166666684,13.150693800257146,5.638291874157581,6.0,0.0
5.8,0.23,0.31,4.5,0.046,42.0,124.0,0.99324,3.31,0.64,10.8,6,0.3387096746878252,10.873493945578163,10.740720850516942,6.0,0.0
6.6,0.24,0.33,10.1,0.032,8.0,81.0,0.99626,3.19,0.51,9.8,6,0.09876543087943913,9.836779719370726,11.578927054513937,6.0,0.0
6.1,0.32,0.28,6.6,0.021,29.0,132.0,0.99188,3.15,0.36,11.45,7,0.21969696803259872,11.54372349102362,10.16664972225046,7.0,0.0
5.0,0.2,0.4,1.9,0.015,20.0,98.0,0.9897,3.37,0.55,12.05,6,0.2040816305705956,12.175394386789545,8.333319444467591,6.0,0.0
6.0,0.42,0.41,12.4,0.032,50.0,179.0,0.99622,3.14,0.6,9.7,5,0.2793296073780469,9.736795349626236,7.228906953124153,5.656835782554407,-0.6568357825544071
5.7,0.21,0.32,1.6,0.03,33.0,122.0,0.99044,3.33,0.52,11.9,6,0.27049180106154264,12.014849950678537,10.75469668925153,6.0,0.0
5.6,0.2,0.36,2.5,0.048,16.0,125.0,0.99282,3.49,0.49,10.0,6,0.127999998976,10.072309107079725,9.999982142889028,6.0,0.0
7.4,0.22,0.26,1.2,0.035,18.0,97.0,0.99245,3.12,0.41,9.7,6,0.18556700839621643,9.773782282450215,15.416634548678026,5.552402939244093,0.447597060755907
6.2,0.38,0.42,2.5,0.038,34.0,117.0,0.99132,3.36,0.59,11.6,7,0.2905982881145446,11.701557820322579,7.749990312512109,7.0,0.0
5.9,0.54,0.0,0.8,0.032,12.0,82.0,0.99286,3.25,0.36,8.8,5,0.14634146162998218,8.863274919651392,10.925905692767236,5.0,0.0
6.2,0.53,0.02,0.9,0.035,6.0,81.0,0.99234,3.24,0.35,9.5,4,0.07407407315957934,9.57332207376295,11.272706776896769,4.0,0.0
6.6,0.34,0.4,8.1,0.046,68.0,170.0,0.99494,3.15,0.5,9.53333333333333,6,0.39999999764705885,9.581807698479938,8.918906866342072,6.0,0.0
5.0,0.235,0.27,11.75,0.03,34.0,118.0,0.9954,3.07,0.5,9.4,6,0.288135590778512,9.443430336115798,9.900970493127735,6.0,0.0
5.5,0.32,0.13,1.3,0.037,45.0,156.0,0.99184,3.26,0.38,10.7,5,0.2884615366124261,10.788019450698245,12.222195061788751,5.0,0.0
4.9,0.47,0.17,1.9,0.035,60.0,148.0,0.98964,3.27,0.35,11.5,6,0.4054054026661797,11.620375469488431,7.656238037128067,6.555898687915254,-0.5558986879152537
6.5,0.33,0.38,8.3,0.048,68.0,174.0,0.99492,3.14,0.5,9.6,5,0.390804595455146,9.64900730811793,9.154916683215939,5.0,0.0
6.6,0.34,0.4,8.1,0.046,68.0,170.0,0.99494,3.15,0.5,9.55,6,0.39999999764705885,9.598559110540222,8.918906866342072,5.877963565291662,0.12203643470833825
6.2,0.21,0.28,5.7,0.028,45.0,121.0,0.99168,3.21,1.08,12.15,7,0.37190082337272046,12.25192375370709,12.65303540196857,7.0,0.0
6.2,0.41,0.22,1.9,0.023,5.0,56.0,0.98928,3.04,0.79,13.0,7,0.08928571269132657,13.14085684451637,9.841254220231397,7.0,0.0
6.8,0.22,0.36,1.2,0.052,38.0,127.0,0.9933,3.04,0.54,9.2,5,0.29921259606919215,9.262046449162941,11.72411771703842,5.0,0.0
4.9,0.235,0.27,11.75,0.03,34.0,118.0,0.9954,3.07,0.5,9.4,6,0.288135590778512,9.443430336115798,9.702951083265182,6.0,0.0
6.1,0.34,0.29,2.2,0.036,25.0,100.0,0.98938,3.06,0.44,11.8,6,0.24999999750000004,11.926649086651148,9.68252431345347,6.0,0.0
5.7,0.21,0.32,0.9,0.038,38.0,121.0,0.99074,3.24,0.46,10.6,6,0.3140495841814084,10.699062620806043,10.75469668925153,6.0,0.0
6.5,0.23,0.38,1.3,0.032,29.0,112.0,0.99298,3.29,0.54,9.7,5,0.2589285691167092,9.768565561677413,10.655720236524202,6.436374718131901,-1.4363747181319013
6.2,0.21,0.29,1.6,0.039,24.0,92.0,0.99114,3.27,0.5,11.2,6,0.2608695623818526,11.300107653704163,12.3999752000496,6.0,0.0
6.6,0.32,0.36,8.0,0.047,57.0,168.0,0.9949,3.15,0.46,9.6,5,0.3392857122661565,9.649201277313018,9.705868079605764,5.0,0.0
6.5,0.24,0.19,1.2,0.041,30.0,111.0,0.99254,2.99,0.46,9.4,6,0.270270267835403,9.470641515060839,15.116243915711825,5.592617110739065,0.40738288926093524
5.5,0.29,0.3,1.1,0.022,20.0,110.0,0.98869,3.34,0.38,12.8,7,0.18181818016528928,12.946410961564332,9.322018098274409,7.0,0.0
6.0,0.21,0.38,0.8,0.02,22.0,98.0,0.98941,3.26,0.32,11.8,6,0.22448979362765517,11.926287457891615,10.16947428902663,6.0,0.0
